payload,label,scenario,reports,got_me,disputes,lookalike,source
upi://pay?pa=arjun.gupta@paytm&pn=Fatima%20Gowda&am=34743&tn=wedding,0,legit_family_large,0,0,0,0,synthetic-v1
upi://pay?pa=paytmqr4092645639@paytm&pn=Anand%20Sweets&am=6404&mc=5411&tr=ORD601780252&tn=Order%20payment,0,legit_merchant_dynamic,0,0,0,0,synthetic-v1
upi://pay?pa=paytmqr3285955588@paytm&pn=Metro%20Tailors&mc=5942,0,legit_merchant_static,0,0,0,0,synthetic-v1
upi://pay?pa=paytmqr7872863786@paytm&pn=Janata%20Hardware&am=19548&mc=7538&tr=ORD633358460&tn=Order%20payment,0,legit_merchant_dynamic,0,0,0,0,synthetic-v1
upi://pay?pa=arun775444@rbl&pn=Sanjay%20Verma&am=1699&tn=Re-activation%20charges,1,scam_kyc_fee,0,0,0,0,synthetic-v1
upi://pay?pa=nikhil@pnb&pn=Balaji%20Stores&tn=order,0,legit_small_shop,0,0,0,0,synthetic-v1
upi://pay?pa=razorpay.4944486@icici&pn=Sharma%20General%20Store&am=11610&mc=5942&tr=ORD367465085&tn=Bill,1,legit_merchant_dynamic,1,0,2,0,synthetic-v1
upi://pay?pa=6170196003@barodampay&pn=Sunita%20Singh&am=2104.52&tn=gift,0,legit_p2p,0,0,0,0,synthetic-v1
upi://pay?pa=rahulverma306@sbi&pn=Anil%20Sharma&am=34546&tn=rent,0,legit_family_large,0,0,0,0,synthetic-v1
upi://pay?pa=farhan@sbi&tn=bill,0,legit_small_shop,0,0,0,0,synthetic-v1
upi://pay?pa=user57352135@paytm&pn=Anjali%20Gupta&am=33181.46&tn=help,1,scam_quiet,4,3,0,1,synthetic-v1
upi://pay?pa=q431854561@ybl&pn=Raj%20Mobile%20Point&mc=5311&tn=Payment,0,legit_merchant_static,0,0,0,0,synthetic-v1
upi://pay?pa=paytmqr6848962424@paytm&pn=Metro%20Tailors&mc=5499,0,legit_merchant_static,0,0,0,0,synthetic-v1
"upi://pay?pa=7743695550@rbl&pn=SBI%20Refund%20Dept&am=1,00,000",1,scam_tampered_qr,1,1,0,0,synthetic-v1
upi://pay?pa=9674425316@okhdfcbank&pn=Raju%20Juice%20Corner&am=200,0,legit_small_shop,0,0,0,0,synthetic-v1
upi://pay?pa=gurpreet90@barodampay&pn=Priya%20Shetty&am=3271&tn=trip%20share,0,legit_p2p,0,0,0,0,synthetic-v1
upi://pay?pa=royalmart82@okaxis&pn=Green%20Leaf%20Veg&mc=5331&tn=Payment,0,legit_merchant_static,0,0,0,0,synthetic-v1
upi://pay?pa=manoj.khan@apl&pn=Arjun%20Gupta&am=27000.25&tn=wedding,0,legit_family_large,0,0,0,0,synthetic-v1
upi://pay?pa=lakshmistore@yesbank&pn=Lakshmi%20Tiffin%20Centre&tn=bill,0,legit_small_shop,0,0,0,0,synthetic-v1
upi://pay?pa=bbmp.propertytax@sbi&pn=BBMP%20Property%20Tax&am=9369&mc=4112&tr=TXN4670154264&tn=Consumer%20no%201517020,0,legit_biller,0,0,0,0,synthetic-v1
upi://autopay?pa=9814624145@paytm&pn=Electricity%20Board&am=2299&recur=MONTHLY&tn=cashback%20activation,1,scam_autopay,0,0,0,0,synthetic-v1
upi://pay?pa=tirumala.donations@sbi&pn=ISKCON%20Temple&mc=8661,0,legit_temple,0,0,0,0,synthetic-v1
upi://pay?pa=akshayapatra@axisbank&pn=CRY%20Donations,1,legit_temple,0,0,1,0,synthetic-v1
upi://pay?pa=sanjay805567@ybl&pn=RBI%20Grievance%20Cell&am=5442&tn=verification,1,scam_impersonation,0,0,0,0,synthetic-v1
upi://pay?pa=bharatpe.44435645@fbpe&pn=Kumar%20Auto%20Works&mc=5499&tn=Payment,0,legit_merchant_static,0,0,0,0,synthetic-v1
upi://pay?pa=meera.patel@apl&pn=Asha%20Joshi&am=82099&tn=house%20deposit,0,legit_family_large,0,0,0,0,synthetic-v1
upi://pay?pa=maryverma825@tjsb&pn=Suresh%20Iyer&am=608.11,0,legit_rare_handle,0,0,0,0,synthetic-v1
upi://pay?pa=rohit.gupta@kotak&pn=Income%20Tax%20Department&am=23553&tn=case%20closure,1,scam_impersonation,5,3,0,0,synthetic-v1
upi://pay?pa=sunita.naik@sbi&pn=Harish%20Sharma&tn=petrol,0,legit_p2p,0,0,0,0,synthetic-v1
upi://pay?pa=pooja.joshi@rbl&pn=Electricity%20Board%20Officer&tn=details%20http%3A%2F%2Fkyc-357.xyz,1,scam_link_in_note,0,0,0,0,synthetic-v1
upi://pay?pa=paytmqr7612058811@paytm&pn=Hotel%20Annapoorna&mc=5812,0,legit_merchant_static,0,0,0,0,synthetic-v1
upi://pay?pa=rohitpatel961@axisbank&am=3000&tn=electricity%20share,0,legit_p2p,0,0,0,0,synthetic-v1
upi://pay?pa=kavya65221@barodampay&pn=Income%20Tax%20Department&am=12834,1,scam_impersonation,0,0,0,0,synthetic-v1
upi://pay?pa=meera.gowda@rbl&pn=SBI%20Refund%20Dept&am=44199.99&tn=Enter%20PIN%20to%20receive%20money,1,scam_refund_receive,0,0,0,0,synthetic-v1
upi://pay?pa=ravi.sharma@rbl&pn=KBC%20Lottery%20Winner&am=18764&tn=lottery%20processing,1,scam_prize,1,0,0,1,synthetic-v1
upi://pay?pa=7555642813@sbi&pn=Income%20Tax%20Department&tn=whatsapp%209415275465,1,scam_link_in_note,0,0,0,0,synthetic-v1
upi://pay?pa=swati54@oksbi&pn=Shreya%20Gowda&am=41470.04&tn=rent,0,legit_family_large,0,0,0,0,synthetic-v1
upi://collect?pa=6840930646@pnb&pn=Indian%20Army%20Canteen&am=5689&tn=Receive%20payment%20from%20buyer,1,scam_collect,6,5,0,1,synthetic-v1
upi://collect?pa=ravi.shetty@oksbi&pn=Customs%20Clearance%20Officer&am=6310.15&tn=Refund%20processing%20-%20scan%20to%20get,1,scam_collect,2,1,0,0,synthetic-v1
upi://pay?pa=cf.hotel819@axisbank&pn=City%20Bakery&am=11132&mc=5311&tr=ORD720280271&tn=Bill&sign=MEUCIQZ1ZbYYb21cec72f22X73,0,legit_merchant_dynamic,0,0,0,0,synthetic-v1
upi://pay?pa=paytmqr9968951712@paytm&pn=Green%20Leaf%20Veg&mc=5812,0,legit_merchant_static,0,0,0,0,synthetic-v1
upi://pay?pa=lic.premium@axisbank&pn=LIC%20Premium&am=6155.24&mc=9399&tr=TXN9817147291&tn=Property%20tax,0,legit_biller,0,0,0,0,synthetic-v1
upi://pay?pa=q538018413@ybl&pn=Kumar%20Auto%20Works&mc=5942,0,legit_merchant_static,0,0,0,0,synthetic-v1
upi://pay?pa=mary62@pnb&pn=Gurpreet%20Rao&am=2417.23,0,legit_p2p,0,0,0,0,synthetic-v1
upi://pay?pa=fatima.iyer@sbi&pn=Arun%20Das&am=49000&tn=hospital%20bill,0,legit_family_large,0,0,0,0,synthetic-v1
upi://pay?pa=anil.reddy@paytm&pn=Asha%20Shetty&am=66000&tn=hospital%20bill,0,legit_family_large,0,0,0,0,synthetic-v1
upi://pay?pa=arjun25@icici&pn=Anil%20Khan&am=4971&tn=electricity%20share,0,legit_p2p,0,0,0,0,synthetic-v1
upi://pay?pa=paytmqr1058508939@paytm&pn=Anand%20Sweets&tn=Payment,0,legit_merchant_static,0,0,0,0,synthetic-v1
upi://pay?pa=upi76658652@kotak&pn=Jio%20Prize%20Department&am=9550.42&tn=winner%20registration,1,scam_prize,4,1,0,0,synthetic-v1
upi://pay?pa=ayeshareddy361@tjsb&pn=Kavya%20Das,0,legit_rare_handle,1,0,2,0,synthetic-v1
upi://pay?pa=6450028293@hdfcbank&pn=Customs%20Clearance%20Officer&am=45999&tn=Claim%20your%20reward,1,scam_refund_receive,0,0,0,0,synthetic-v1
upi://pay?pa=asha58@okaxis&pn=Nikhil%20Nair&am=1151&tn=trip%20share,0,legit_p2p,0,0,0,0,synthetic-v1
upi://pay?pa=q406674719@ybl&pn=Janata%20Hardware&mc=4121&tn=Payment,0,legit_merchant_static,0,0,0,0,synthetic-v1
upi://pay?pa=vikram.verma@kvb&pn=Manoj%20Joshi&am=2018,0,legit_rare_handle,0,0,0,0,synthetic-v1
upi://pay?pa=9319973945@okicici&pn=Govt%20Subsidy%20Office&tn=call%206851259458%20for%20refund,0,scam_link_in_note,28,16,0,0,synthetic-v1
upi://pay?pa=6873606030@okicici&pn=Mega%20Prize%20Claim&am=16504&tn=lottery%20processing,1,scam_prize,0,0,0,0,synthetic-v1
upi://pay?pa=joseph.singh@upi&pn=Kiran%20Naik&am=85556&tn=house%20deposit,0,legit_family_large,0,0,0,0,synthetic-v1
upi://pay?pa=bbmp.propertytax@sbi&pn=BBMP%20Property%20Tax&am=3136&mc=6300&tr=TXN3332259720&tn=Consumer%20no%204827837,0,legit_biller,0,0,1,0,synthetic-v1
upi://pay?pa=acc26917198@sbi&pn=Paytm%20KYC%20Team&am=2799&tn=Account%20unblock%20fee,1,scam_kyc_fee,0,0,0,0,synthetic-v1
upi://pay?pa=phonepe.cashback25@okicici&pn=Electricity%20Board%20Officer&mc=0000&am=2299,1,scam_fake_merchant,19,16,0,0,synthetic-v1
upi://pay?pa=acc229266@okicici&pn=Paytm%20KYC%20Team&am=23099&tn=Claim%20your%20reward,1,scam_refund_receive,11,4,0,0,synthetic-v1
upi://pay?pa=46399615@upi&pn=PhonePe%20Cashback&am=36000&tn=Refund%20processing%20-%20scan%20to%20get,1,scam_refund_receive,4,4,0,0,synthetic-v1
upi://pay?pa=8691066611@yesbank&pn=TRAI%20Helpline&pa=9737191791@idfcbank,1,scam_tampered_qr,0,0,0,0,synthetic-v1
upi://pay?pa=6636783381@barodampay&pn=Amazon%20Refund%20Desk&pa=sneha199795@apl,1,scam_tampered_qr,0,0,0,0,synthetic-v1
upi://pay?pn=Shop&x=acc13440399@okaxis&pn=ICICI%20Bank%20Support&am=6431,1,scam_tampered_qr,0,0,0,0,synthetic-v1
upi//pay?pa=sunita.iyer@dbs&pn=Sri%20Lakshmi%20Medicals&am=1346,1,scam_tampered_qr,0,0,0,0,synthetic-v1
upi://pay?pa=7852406357@ybl&pn=ICICI%20Bank%20Support&am=14399&tn=Claim%20your%20reward,0,scam_refund_receive,4,1,0,0,synthetic-v1
upi://pay?pa=8959225862@okicici&pn=Customs%20Clearance%20Officer&am=14217&tn=case%20closure,1,scam_impersonation,4,1,1,1,synthetic-v1
upi://pay?pa=akshayapatra@axisbank&pn=ISKCON%20Temple&mc=8661,0,legit_temple,0,0,0,0,synthetic-v1
upi://pay?pa=rohit.kumar@barodampay&pn=Mega%20Prize%20Claim&am=6986&tn=GST%20on%20prize,1,scam_prize,2,1,0,0,synthetic-v1
upi://pay?pa=paytmqr4426838760@paytm&pn=Fresh%20Mart&mc=5912&tn=Payment,0,legit_merchant_static,0,0,0,0,synthetic-v1
upi://pay?pa=nikhil.verma@dbs&pn=Sunita%20Menon,0,legit_rare_handle,0,0,0,0,synthetic-v1
upi://pay?pa=cf.royal164@axisbank&pn=Om%20Sai%20Kirana&am=554&mc=7538&tr=ORD373377042&tn=Invoice%204006,0,legit_merchant_dynamic,0,0,0,0,synthetic-v1
upi://pay?pa=prakash.sharma@hdfcbank&pn=Suresh%20Kumar&am=19000&tn=cab%20share,0,legit_p2p,0,0,0,0,synthetic-v1
upi://pay?pa=priya92@fbl&pn=Divya%20Das&am=30000.63,1,scam_quiet,0,0,0,0,synthetic-v1
upi://pay?pa=rahul55@axisbank&pn=Farhan%20Patel&am=31800.21&tn=task%20payment,1,scam_quiet,6,2,0,0,synthetic-v1
upi://pay?pa=deepa35@dlb&pn=Joseph%20Das&am=1295,0,legit_rare_handle,0,0,0,0,synthetic-v1
upi://pay?pa=q181316282@ybl&pn=Fresh%20Mart&tn=Payment,0,legit_merchant_static,0,0,0,0,synthetic-v1
upi://pay?pa=8725529264@oksbi&pn=RBI%20Grievance%20Cell&am=26699&tn=Prize%20money%20credit,1,scam_refund_receive,8,8,0,0,synthetic-v1
upi://pay?pa=rohit377490@dbs&pn=Amazon%20Lucky%20Winner&am=11999&tn=winner%20registration,1,scam_prize,0,0,0,0,synthetic-v1
upi://pay?pa=pay19504519@okicici&pn=Mega%20Prize%20Claim&am=9604&tn=GST%20on%20prize,1,scam_prize,6,1,0,0,synthetic-v1
upi://pay?pa=6184139700@sbi&pn=Amazon%20Refund%20Desk&tn=security%20deposit,1,scam_impersonation,2,1,0,0,synthetic-v1
upi://pay?pa=6536527276@dbs&pn=Neha%20Sharma&am=2648,0,legit_rare_handle,0,0,0,0,synthetic-v1
upi://pay?pa=amazon.refund@kvb&pn=TRAI%20Helpline&mc=0000&am=8403,1,scam_fake_merchant,0,0,0,0,synthetic-v1
upi://pay?pa=9801847355@kotak&pn=PhonePe%20Cashback&am=7917.44,1,scam_impersonation,0,0,0,0,synthetic-v1
upi://pay?pa=paytmqr8026856800@paytm&pn=Sri%20Lakshmi%20Medicals&mc=5912&tn=Payment,0,legit_merchant_static,0,0,0,0,synthetic-v1
upi://pay?pa=pinelabs.791121@hdfcbank&pn=Fresh%20Mart&am=2217.28&mc=5942&tr=ORD236668423&tn=Bill,0,legit_merchant_dynamic,0,0,0,0,synthetic-v1
upi://pay?pa=arjun78@paytm&pn=Neha%20Bose&am=3253&tn=birthday%20gift,0,legit_p2p,0,0,0,0,synthetic-v1
upi:\pay?pa=6923900783@axisbank&pn=HDFC%20Customer%20Care&am=8206,1,scam_tampered_qr,2,1,0,0,synthetic-v1
upi://pay?pa=bharatpe.21821581@fbpe&pn=Balaji%20Fancy%20Store&mc=5732,0,legit_merchant_static,0,0,0,0,synthetic-v1
upi://pay?pa=6582170080@idfcbank&pn=Arun%20Singh&am=33299&tn=Claim%20your%20reward,1,scam_refund_receive,0,0,0,0,synthetic-v1
upi://pay?pa=bharatpe.71718577@fbpe&pn=Janata%20Hardware&mc=5411,0,legit_merchant_static,0,0,0,0,synthetic-v1
upi://pay?pa=7647988747@axl&pn=Farhan%20Menon&tn=fees,0,legit_p2p,0,0,0,0,synthetic-v1
upi://pay?pa=bharatpe.62329362@fbpe&pn=Fresh%20Mart&mc=5912,0,legit_merchant_static,0,0,0,0,synthetic-v1
upi://pay?pa=neha.joshi@oksbi&am=2625&tn=loan%20return,0,legit_p2p,0,0,0,0,synthetic-v1
upi://pay?pa=vikrampillai588@icici&pn=Asha%20Das&am=4694&tn=movie,0,legit_p2p,0,0,0,0,synthetic-v1
upi://pay?pa=q848966081@ybl&pn=Kumar%20Auto%20Works&mc=5311&tn=Payment,0,legit_merchant_static,0,0,0,0,synthetic-v1
upi://pay?pa=8299168105@upi&pn=Kiran%20Verma&am=4000&tn=rent,0,legit_p2p,0,0,0,0,synthetic-v1
upi://pay?pa=razorpay.1444886@icici&pn=Sharma%20General%20Store&am=19278&mc=5411&tr=ORD227149951&tn=Invoice%208827,0,legit_merchant_dynamic,0,0,0,0,synthetic-v1
upi://pay?pa=sneha989495@dbs&pn=BSF%20Officer%20Vijay&am=22000&tn=advance%20for%20item,0,scam_olx_army,0,0,0,0,synthetic-v1
upi://pay?pa=bharatpe.95578391@fbpe&pn=Om%20Sai%20Kirana&mc=7538&tn=Payment,0,legit_merchant_static,0,0,0,0,synthetic-v1
upi://pay?pa=balajimart61@okaxis&pn=Anand%20Sweets&mc=5331,0,legit_merchant_static,0,0,0,0,synthetic-v1
upi://pay?pa=tirumala.donations@sbi&pn=CRY%20Donations&mc=8661,0,legit_temple,0,0,0,0,synthetic-v1
upi://collect?pa=6806689289@axisbank&pn=Flipkart%20Refund%20Team&am=9575&tn=Refund%20of%20Rs%205000,1,scam_collect,9,6,0,0,synthetic-v1
upi://pay?pa=kumarshop68@okaxis&pn=City%20Bakery,0,legit_merchant_static,0,0,0,0,synthetic-v1
upi://pay?pa=paytmqr9191065656@paytm&pn=Sri%20Lakshmi%20Medicals&tn=Payment,0,legit_merchant_static,1,1,0,0,synthetic-v1
upi://collect?pa=9526805@okaxis&pn=BSF%20Officer%20Vijay&am=18779,1,scam_collect,20,4,1,0,synthetic-v1
upi://pay?pa=9564737382@ybl&pn=Rahul%20Sharma&am=36000&tn=rent,0,legit_p2p,0,0,0,0,synthetic-v1
upi://pay?pa=gurudwara.seva@pnb&pn=TTD%20Donations&mc=8661&am=1867,0,legit_temple,0,0,0,0,synthetic-v1
upi://pay?pa=pay91276548@axisbank&pn=BSF%20Officer%20Vijay&am=29861&tn=advance%20for%20item,1,scam_olx_army,0,0,0,0,synthetic-v1
upi://autopay?pa=6392913255@ibl&pn=Netflix&am=6822&recur=MONTHLY&tn=cashback%20activation,1,scam_autopay,0,0,0,0,synthetic-v1
upi://pay?pa=ravi.gowda@sbi&pn=Swati%20Rao&am=2099&tn=PAN%20link%20fee,1,scam_kyc_fee,1,1,0,0,synthetic-v1
upi://pay?pa=user97483702@apl&am=47302.97&tn=please%20send%20fast,1,scam_quiet,0,0,0,0,synthetic-v1
upi://pay?pa=cf.kumar184@axisbank&pn=Hotel%20Annapoorna&am=7075&mc=5814&tr=ORD228622653&tn=Order%20payment,0,legit_merchant_dynamic,0,0,0,0,synthetic-v1
upi://pay?pa=kiransharma243@kotak&pn=Anil%20Bose&am=75000&tn=wedding,0,legit_family_large,0,0,0,0,synthetic-v1
upi://pay?pa=7379942431@ybl&pn=Rohit%20Sharma&am=4000,0,legit_p2p,0,0,0,0,synthetic-v1
upi://pay?pa=user91253683@axl&pn=Nikhil%20Pillai&am=2699.39&tn=KYC%20verification,1,scam_kyc_fee,16,7,0,0,synthetic-v1
upi://pay?pa=6547638525@upi&pn=Sanjay%20Mishra&tn=petrol,0,legit_p2p,0,0,0,0,synthetic-v1
upi://pay?pa=user76616279@barodampay&pn=Electricity%20Board%20Officer&am=17444,1,scam_impersonation,3,3,0,0,synthetic-v1
upi://pay?pa=lakshmishop@paytm&tn=order,0,legit_small_shop,0,0,0,0,synthetic-v1
upi://pay?pa=pay3301276@okhdfcbank&pn=Income%20Tax%20Department&am=17993&tn=verification,1,scam_impersonation,0,0,0,0,synthetic-v1
upi://pay?pa=bharatpe.63758959@fbpe&pn=Royal%20Fruits&mc=5411&tn=Payment,1,legit_merchant_static,0,0,0,1,synthetic-v1
upi://pay?pa=shreya.pillai@tjsb&pn=Rahul%20Iyer,0,legit_rare_handle,0,0,0,0,synthetic-v1
upi://pay?pa=8690271408@okhdfcbank&pn=SBI%20KYC%20Cell&am=1609&tn=Re-activation%20charges,1,scam_kyc_fee,12,11,0,0,synthetic-v1
upi://pay?pa=ayesha.nair@@icici&pn=SBI%20Refund%20Dept,1,scam_tampered_qr,12,7,1,0,synthetic-v1
upi://pay?pa=razorpay.2431600@icici&pn=Balaji%20Fancy%20Store&am=8348.09&mc=5331&tr=ORD595234064&tn=Order%20payment,0,legit_merchant_dynamic,0,0,0,0,synthetic-v1
upi://mandate?pa=9364182741@kvb&pn=Amazon%20Prime&am=8399&recur=DAILY&tn=cashback%20activation,1,scam_autopay,7,2,0,0,synthetic-v1
upi://pay?pa=sunita811914@idfcbank&pn=PhonePe%20Cashback&am=34099.47&tn=Prize%20money%20credit,1,scam_refund_receive,0,0,0,1,synthetic-v1
upi://pay?pa=razorpay.9547369@icici&pn=Sri%20Lakshmi%20Medicals&am=4706&mc=5499&tr=ORD461881358,0,legit_merchant_dynamic,3,1,3,0,synthetic-v1
upi://pay?pa=rahul.bose@sbi&pn=Jio%20Prize%20Department&am=12199.04&tn=prize%20claim%20fee,1,scam_prize,0,0,0,0,synthetic-v1
upi://pay?pa=farhan26@axisbank&pn=Joseph%20Naik&am=1493&tn=maid%20salary,0,legit_p2p,0,0,0,0,synthetic-v1
upi://pay?pa=balajistall@okicici&am=50&tn=payment,0,legit_small_shop,0,0,0,0,synthetic-v1
upi://pay?pa=6462743739@axl&pn=Sunita%20Reddy&am=61000&tn=hospital%20bill,0,legit_family_large,0,0,0,0,synthetic-v1
upi://pay?pa=6189163074@sbi&tn=chai,0,legit_p2p,0,0,0,0,synthetic-v1
upi://pay?pa=acc39679646@axl&pn=Paytm%20KYC%20Team&am=5999.40&tn=Receive%20payment%20from%20buyer,1,scam_refund_receive,0,0,0,0,synthetic-v1
upi://pay?pa=6867621549@axl&pn=Nikhil%20Joshi&tn=fees,0,legit_p2p,0,0,0,0,synthetic-v1
upi://pay?pa=arun85@fbl&pn=Anjali%20Shetty&tn=petrol,0,legit_p2p,0,0,0,0,synthetic-v1
upi://pay?pa=paytmqr7766125711@paytm&pn=Sharma%20General%20Store&am=839.96&mc=5912&tr=ORD585563874&tn=Invoice%203145,0,legit_merchant_dynamic,0,0,0,0,synthetic-v1
upi://pay?pa=krishnastore@yesbank&pn=Krishna%20Bakery&tn=payment,0,legit_small_shop,0,0,0,0,synthetic-v1
upi://pay?pa=8795997283@ybl&pn=Vikram%20Gupta&tn=cab%20share,0,legit_p2p,0,0,0,0,synthetic-v1
upi://pay?pa=paytmqr3931653542@paytm&pn=Metro%20Tailors&mc=4121,0,legit_merchant_static,0,0,0,0,synthetic-v1
upi://pay?pa=snehagupta952@yesbank&pn=Priya%20Iyer&am=40000.61&tn=rent,0,legit_family_large,0,0,0,0,synthetic-v1
upi://pay?pa=kumarstall@ibl&pn=Kumar%20Xerox&am=7974.45&tn=bill,0,legit_small_shop,0,0,0,0,synthetic-v1
upi://pay?pa=farhan58@upi&pn=Kiran%20Bose&tn=electricity%20share,0,legit_p2p,0,0,0,0,synthetic-v1
upi://pay?pa=paytmqr4730005025@paytm&pn=Kumar%20Auto%20Works&mc=5912,0,legit_merchant_static,0,0,0,0,synthetic-v1
upi://collect?pa=acc21133250@icici&pn=BSF%20Officer%20Vijay&am=6650&tn=security%20deposit,1,scam_olx_army,0,0,0,1,synthetic-v1
upi://pay?pa=arun93108@okaxis&pn=Amazon%20Lucky%20Winner&am=21199&tn=prize%20claim%20fee,1,scam_prize,21,4,0,0,synthetic-v1
upi://pay?pa=ravi99@barodampay&pn=Swati%20Khan&tn=loan%20return,0,legit_p2p,0,0,0,0,synthetic-v1
upi://collect?pa=7338284550@axl&pn=Govt%20Subsidy%20Office&am=4030&tn=Claim%20your%20reward,1,scam_collect,0,0,0,0,synthetic-v1
upi://pay?pa=9150837089@apl&pn=Amazon%20Refund%20Desk&am=6939,1,scam_impersonation,0,0,0,0,synthetic-v1
upi://pay?pa=meerasingh467@ybl&pn=Ravi%20Kumar&am=4928&tn=maid%20salary,0,legit_p2p,0,0,0,0,synthetic-v1
upi://pay?pa=7500690991@ibl&pn=SBI%20KYC%20Cell&am=2185.33&tn=Re-activation%20charges,1,scam_kyc_fee,0,0,0,0,synthetic-v1
upi://pay?pa=harish48@paytm&pn=Deepa%20Gowda&am=89616&tn=house%20deposit,0,legit_family_large,0,0,0,0,synthetic-v1
upi://pay?pa=7787291905@apl&pn=CRPF%20Jawan%20Sunil&am=20000&tn=security%20deposit,1,scam_olx_army,0,0,0,0,synthetic-v1
upi://pay?pa=9165258556@dbs&pn=Paytm%20KYC%20Team&am=20599&tn=case%20closure,1,scam_impersonation,0,0,0,0,synthetic-v1
upi://pay?pa=gurudwara.seva@pnb&pn=Akshaya%20Patra,0,legit_temple,1,0,0,0,synthetic-v1
upi://pay?pa=9404192668@paytm&pn=Kavya%20Patel&am=2570.89&tn=loan%20return,0,legit_p2p,0,0,0,0,synthetic-v1
upi://pay?pa=anjali.rao@yesbank&pn=Vikram%20Rao&tn=rent,0,legit_p2p,0,0,0,0,synthetic-v1
upi://pay?pa=pinelabs.844469@hdfcbank&pn=Blue%20Star%20Salon&am=1325&mc=5411&tr=ORD407285067&tn=Invoice%207579&sign=MEUCIQb9698f66Zf9bf5XZbdf1,0,legit_merchant_dynamic,0,0,0,0,synthetic-v1
upi://pay?pa=paytmqr1826526073@paytm&pn=Janata%20Hardware&mc=5331&tn=Payment,0,legit_merchant_static,0,0,0,0,synthetic-v1
upi://pay?pa=gurpreet.gupta@okaxis&am=1503,0,legit_p2p,0,0,0,0,synthetic-v1
upi://pay?pa=paytmqr1626484759@paytm&pn=Fresh%20Mart&mc=5814,0,legit_merchant_static,0,0,0,0,synthetic-v1
upi://pay?pa=incometax.refund95@ibl&pn=HDFC%20Customer%20Care&am=4238&tn=refund,0,scam_fake_merchant,0,0,0,0,synthetic-v1
upi://pay?pa=q513540898@ybl&pn=Blue%20Star%20Salon&mc=7230,0,legit_merchant_static,0,0,0,0,synthetic-v1
upi://pay?pa=anjalisharma245@hdfcbank&pn=Gurpreet%20Gowda&am=3897&tn=dinner,0,legit_p2p,0,0,0,0,synthetic-v1
upi://pay?pa=joseph.khan@okhdfcbank&pn=Harish%20Gowda&am=3439,0,legit_p2p,0,0,0,0,synthetic-v1
upi://pay?pa=7994514104@rbl&pn=Meera%20Reddy&am=34779&tn=task%20payment,1,scam_quiet,6,4,0,0,synthetic-v1
upi://pay?pa=pooja989535@yesbank&pn=TRAI%20Helpline&am=16231.14&tn=Cashback%20credited%20on%20scan,1,scam_refund_receive,0,0,0,0,synthetic-v1
upi://pay?pa=kavya751013@idfcbank&pn=Govt%20Subsidy%20Office&am=13199&tn=Claim%20your%20reward,1,scam_refund_receive,0,0,0,0,synthetic-v1
upi://pay?pa=arjun624129@ybl&pn=Army%20Officer%20Rakesh&am=28475&tn=advance%20for%20item,1,scam_olx_army,10,3,0,0,synthetic-v1
upi://pay?pa=paytmqr2011168316@paytm&pn=Green%20Leaf%20Veg,0,legit_merchant_static,3,0,0,0,synthetic-v1
upi://pay?pa=raju@okaxis&pn=Raju%20Juice%20Corner&am=6536&tn=bill,0,legit_small_shop,0,0,0,0,synthetic-v1
upi://pay?pa=razorpay.6177449@icici&pn=Balaji%20Fancy%20Store&am=13556&mc=5912&tr=ORD636037407,0,legit_merchant_dynamic,0,0,0,0,synthetic-v1
upi://pay?pa=pinelabs.907679@hdfcbank&pn=Sharma%20General%20Store&am=8096&mc=5812&tr=ORD921518383&tn=Invoice%207963,0,legit_merchant_dynamic,0,0,0,0,synthetic-v1
upi://pay?pa=anjali958915@idfcbank&pn=PhonePe%20Cashback&am=4999&tn=verification,1,scam_impersonation,0,0,0,0,synthetic-v1
upi://pay?pa=7166724640@paytm&pn=Arun%20Kumar&am=113&tn=KYC%20verification,1,scam_kyc_fee,18,11,0,0,synthetic-v1
upi://pay?pa=upi29981909@icici&pn=Police%20Cyber%20Cell&am=20399&tn=verification,1,scam_impersonation,2,2,0,0,synthetic-v1
upi://pay?pa=7473602177@idfcbank&pn=Priya%20Beauty%20Parlour&tn=payment,0,legit_small_shop,0,0,0,0,synthetic-v1
upi://pay?pa=upi32700091@okicici&pn=Paytm%20KYC%20Team&am=38499&tn=Enter%20PIN%20to%20receive%20money,1,scam_refund_receive,2,2,0,0,synthetic-v1
upi://pay?pa=bharatpe.79391473@fbpe&pn=Royal%20Fruits,0,legit_merchant_static,0,0,0,0,synthetic-v1
upi://collect?pa=9490207454@axisbank&pn=Indian%20Army%20Canteen&am=29000&tn=security%20deposit,1,scam_olx_army,5,2,0,0,synthetic-v1
upi://pay?pa=upi96526707@pnb&pn=Govt%20Subsidy%20Office&am=9599&tn=Claim%20your%20reward,1,scam_refund_receive,11,2,0,1,synthetic-v1
upi://pay?pa=78864905@rbl&pn=KBC%20Lottery%20Winner&am=23258&tn=winner%20registration,1,scam_prize,0,0,0,0,synthetic-v1
upi://pay?pa=paytmqr6311110759@paytm&pn=Fresh%20Mart&am=14802&mc=4121&tr=ORD471411351&tn=Invoice%201438,0,legit_merchant_dynamic,0,0,1,0,synthetic-v1
upi://pay?pa=pay9118046@yesbank&pn=Flipkart%20Refund%20Team&am=47699&tn=Scan%20to%20receive%20your%20refund,0,scam_refund_receive,0,0,0,0,synthetic-v1
upi://pay?pa=paytmqr4393252094@paytm&pn=Sri%20Lakshmi%20Medicals&mc=5812&tn=Payment,0,legit_merchant_static,0,0,0,0,synthetic-v1
upi://pay?pa=6471688835@tjsb&pn=Lakshmi%20Nair,0,legit_rare_handle,0,0,0,0,synthetic-v1
upi://pay?pa=paytmqr3596839619@paytm&pn=Royal%20Fruits&mc=5311,0,legit_merchant_static,0,0,0,0,synthetic-v1
upi://collect?pa=8964399818@yesbank&pn=Govt%20Subsidy%20Office&am=14972&tn=Claim%20your%20reward,1,scam_collect,0,0,0,0,synthetic-v1
upi://pay?pa=6212042604@apl&pn=Ayesha%20Bose&tn=petrol,0,legit_p2p,1,1,0,0,synthetic-v1
upi://pay?pa=pay60694345@barodampay&pn=Paytm%20KYC%20Team&am=916&tn=processing%20fee,0,scam_impersonation,1,0,0,0,synthetic-v1
upi://collect?pa=6670567351@kvb&pn=Amazon%20Refund%20Desk&am=16442&tn=Refund%20processing%20-%20scan%20to%20get,1,scam_collect,0,0,0,0,synthetic-v1
upi://pay?pa=6311681331@ibl&pn=RBI%20Grievance%20Cell&am=3899&tn=Receive%20payment%20from%20buyer,1,scam_refund_receive,5,4,0,0,synthetic-v1
upi://pay?pa=paytmqr3298014181@paytm&pn=Royal%20Fruits&mc=5814,0,legit_merchant_static,0,0,0,0,synthetic-v1
upi:pay?pa=8695081732@ibl&pn=Balaji%20Fancy%20Store&am=8158.17,1,scam_tampered_qr,0,0,0,0,synthetic-v1
upi://pay?pa=lakshmi.bose@sbi&am=32030&tn=please%20send%20fast,1,scam_quiet,10,10,0,0,synthetic-v1
upi://pay?pa=nehashetty639@oksbi&pn=Ayesha%20Naik&tn=groceries,0,legit_p2p,0,0,0,0,synthetic-v1
upi://pay?pa=irctc.pay@hdfcbank&pn=Indian%20Railways%20IRCTC&am=13165&mc=4112&tr=TXN3367060676&tn=Consumer%20no%201959342,0,legit_biller,1,0,2,0,synthetic-v1
upi://pay?pa=marykumar732@paytm&pn=Prakash%20Pillai,0,legit_p2p,1,0,3,0,synthetic-v1
upi://pay?pa=vikrampatel122@sbi&pn=Ayesha%20Gupta&am=15000.91&tn=house%20deposit,0,legit_family_large,0,0,0,0,synthetic-v1
upi://pay?pa=pooja.verma@dlb&pn=Pooja%20Khan,0,legit_rare_handle,0,0,0,0,synthetic-v1
upi://pay?pa=gurudwara.seva@pnb&pn=ISKCON%20Temple&mc=8398,0,legit_temple,0,0,0,0,synthetic-v1
upi://pay?pn=Shop&x=acc69576435@okicici&pn=Sri%20Lakshmi%20Medicals,1,scam_tampered_qr,2,1,0,0,synthetic-v1
upi://pay?pa=q395010916@ybl&pn=Blue%20Star%20Salon&mc=4121&tn=Payment,0,legit_merchant_static,0,0,0,0,synthetic-v1
upi://pay?pa=customer.care.help54@tjsb&pn=SBI%20Refund%20Dept&am=3514.24,1,scam_fake_merchant,0,0,0,0,synthetic-v1
upi://pay?pa=irctc.pay@hdfcbank&pn=Indian%20Railways%20IRCTC&am=14499&mc=6300&tr=TXN5918819391&tn=Property%20tax,0,legit_biller,0,0,0,0,synthetic-v1
upi://pya?pa=upi39098729@hdfcbank&pn=Fresh%20Mart,1,scam_tampered_qr,1,0,0,0,synthetic-v1
upi://pay?pa=pinelabs.787146@hdfcbank&pn=Sharma%20General%20Store&am=11182.70&mc=5499&tr=ORD818880871&tn=Bill,0,legit_merchant_dynamic,0,0,0,0,synthetic-v1
upi://pay?pa=paytmqr9494379490@paytm&pn=City%20Bakery&mc=7538&tn=Payment,0,legit_merchant_static,0,0,1,0,synthetic-v1
upi://pay?pa=harish875@icici&pn=Krishna%20Bakery&tn=payment,0,legit_small_shop,0,0,0,0,synthetic-v1
upi://pay?pa=7959014988@axisbank&pn=Sneha%20Bose&tn=fees,1,legit_p2p,0,0,0,1,synthetic-v1
upi://pay?pa=srimart7@okaxis&pn=Fresh%20Mart&mc=5732&tn=Payment,0,legit_merchant_static,0,0,0,0,synthetic-v1
upi://collect?pa=9231290025@fbl&pn=Electricity%20Board%20Officer&am=14549&tn=Scan%20to%20receive%20your%20refund,1,scam_collect,0,0,0,0,synthetic-v1
upi://mandate?pa=pay81905937@paytm&pn=Electricity%20Board&am=7353&recur=WEEKLY&tn=subscription,1,scam_autopay,19,6,0,0,synthetic-v1
upi://pay?pa=rohit.kumar@icici&pn=Farhan%20Reddy&am=24000&tn=college%20fees,0,legit_family_large,0,0,0,0,synthetic-v1
upi://pay?pa=8377664571@okaxis&pn=Flipkart%20Refund%20Team&am=9999.27&tn=Refund%20processing%20-%20scan%20to%20get,1,scam_refund_receive,7,6,0,1,synthetic-v1
upi://pay?pa=deepa.das@idfcbank&pn=Kavya%20Bose&am=1000&tn=electricity%20share,0,legit_p2p,1,0,0,0,synthetic-v1
upi://pay?pa=razorpay.7548552@icici&pn=Janata%20Hardware&am=4641&mc=5812&tr=ORD283675241&sign=MEUCIQ886c89Y5b1ea2Y4ea722,0,legit_merchant_dynamic,0,0,0,0,synthetic-v1
upi://pay?pa=9283249183@yesbank&pn=SBI%20Refund%20Dept&am=10000&tn=Receive%20payment%20from%20buyer,1,scam_refund_receive,2,2,0,0,synthetic-v1
upi://autopay?pa=nikhil55817@axisbank&pn=Amazon%20Prime&am=4048&recur=DAILY&tn=verify%20account,1,scam_autopay,0,0,0,0,synthetic-v1
upi://pay?pa=8403477361@kotak&pn=Mega%20Prize%20Claim&am=18405&tn=tax%20on%20winning,1,scam_prize,2,1,0,0,synthetic-v1
upi://pay?pa=vikram.gupta@rbl&pn=Mega%20Prize%20Claim&am=17899&tn=prize%20claim%20fee,1,scam_prize,28,20,0,0,synthetic-v1
upi://pay?pa=55029093@axisbank&pn=Janata%20Hardware&am=3877&pa=upi8474542@kvb,1,scam_tampered_qr,1,0,1,0,synthetic-v1
upi://pay?pa=6760460774@kvb&pn=Fatima%20Iyer&am=24000&tn=help,1,scam_quiet,0,0,0,0,synthetic-v1
upi://pay?pa=razorpay.9113900@icici&pn=Fresh%20Mart&am=9954&mc=5912&tr=ORD69710577&tn=Invoice%204048&sign=MEUCIQ9dcZc7533ZYa1Z00e64e,0,legit_merchant_dynamic,0,0,0,0,synthetic-v1
upi://mandate?pa=harish219179@kvb&pn=Electricity%20Board&am=4461&recur=MONTHLY&tn=KYC,1,scam_autopay,10,8,0,0,synthetic-v1
upi://pay?pa=anil.joshi@pnb&pn=Fatima%20Patel&tn=petrol,0,legit_p2p,0,0,0,0,synthetic-v1
upi://pay?pa=8190239935@rbl&pn=RBI%20Grievance%20Cell,1,scam_impersonation,2,2,0,0,synthetic-v1
upi://pay?pa=divya19@yesbank&pn=Manoj%20Reddy&am=3067,0,legit_p2p,1,1,2,0,synthetic-v1
upi://pay?pa=8586753488@axl&pn=BSF%20Officer%20Vijay&am=2000&tn=army%20canteen,1,scam_olx_army,6,6,0,0,synthetic-v1
upi://pay?pa=marymishra425@pnb&pn=Shreya%20Iyer&tn=dinner,0,legit_p2p,0,0,0,0,synthetic-v1
upi://pay?pa=arjun77015@kvb&pn=Police%20Cyber%20Cell&tn=case%20closure,1,scam_impersonation,34,8,0,0,synthetic-v1
upi://pay?pa=shreya346650@@icici&pn=TRAI%20Helpline&am=5194.39,0,scam_tampered_qr,0,0,0,0,synthetic-v1
upi://pay?pa=8278129090@idfcbank&pn=Mahalakshmi%20Stores,0,legit_small_shop,0,0,0,0,synthetic-v1
upi://pay?pa=cf.om521@axisbank&pn=Kumar%20Auto%20Works&am=15831.07&mc=5331&tr=ORD338629856,0,legit_merchant_dynamic,0,0,0,0,synthetic-v1
upi://pay?pa=josephiyer241@paytm&pn=Sunita%20Pillai&am=3240&tn=fees,0,legit_p2p,0,0,0,0,synthetic-v1
upi://pay?pa=phonepe.cashback@ybl&pn=Flipkart%20Refund%20Team&am=1199.10&tn=cashback,1,scam_fake_merchant,0,0,0,0,synthetic-v1
upi://pay?pa=sanjay13@pnb&pn=Asha%20Patel&am=4936&tn=trip%20share,0,legit_p2p,0,0,0,0,synthetic-v1
upi://pay?pa=fatima60@barodampay&pn=Pooja%20Rao&am=3604&tn=groceries,0,legit_p2p,1,0,0,0,synthetic-v1
upi://pay?pa=sneha809408@okaxis&pn=Lakshmi%20Rao&am=11539.90&tn=help,1,scam_quiet,0,0,0,0,synthetic-v1
upi://pay?pa=32734699@axl&pn=Govt%20Subsidy%20Office&am=7899&tn=security%20deposit,1,scam_impersonation,0,0,0,0,synthetic-v1
upi://pay?pa=anandmart73@okaxis&pn=Janata%20Hardware&mc=5331,0,legit_merchant_static,0,0,0,0,synthetic-v1
upi://pay?pa=arun794@idfcbank&pn=Om%20Paan%20Shop&am=4184&tn=order,0,legit_small_shop,0,0,0,0,synthetic-v1
upi://pay?pa=paytmqr4461104731@paytm&pn=Janata%20Hardware,0,legit_merchant_static,0,0,0,0,synthetic-v1
upi://pay?pa=vikramreddy750@okhdfcbank&pn=Priya%20Sharma&tn=cab%20share,0,legit_p2p,0,0,0,0,synthetic-v1
upi://pay?pa=pinelabs.470853@hdfcbank&pn=Raj%20Mobile%20Point&am=9748.34&mc=7230&tr=ORD453143810&tn=Bill,0,legit_merchant_dynamic,0,0,0,0,synthetic-v1
upi://pay?pa=pooja94@hdfcbank&pn=Krishna%20Bakery,0,legit_small_shop,0,0,0,0,synthetic-v1
upi://pay?pa=acc17258097@icici&pn=PhonePe%20Cashback&am=19299&tn=verification,1,scam_impersonation,18,13,0,0,synthetic-v1
upi://pay?pa=q476372124@ybl&pn=Hotel%20Annapoorna&mc=5732,0,legit_merchant_static,2,0,1,0,synthetic-v1
upi://pay?pa=mary.rao@pnb&pn=Jio%20Prize%20Department&am=20825&tn=GST%20on%20prize,1,scam_prize,9,3,0,0,synthetic-v1
upi://pay?pa=city@hdfcbank&pn=City%20Laundry&am=2000,0,legit_small_shop,0,0,0,0,synthetic-v1
upi://pay?pa=9195128070@barodampay&pn=Gurpreet%20Patel&tn=movie,0,legit_p2p,0,0,0,0,synthetic-v1
upi://pay?pa=rbi.claim@idfcbank&pn=Police%20Cyber%20Cell&mc=0000&tn=refund,1,scam_fake_merchant,0,0,0,0,synthetic-v1
upi://pay?pa=kiran.joshi@okaxis&pn=Mary%20Patel&am=24000&tn=car%20emi,0,legit_family_large,0,0,0,0,synthetic-v1
upi://pay?pa=anjali.nair@hdfcbank&pn=Meera%20Shetty&tn=electricity%20share,0,legit_p2p,0,0,0,0,synthetic-v1
upi://pay?pa=gurudwara.seva@pnb&pn=TTD%20Donations&mc=8661,0,legit_temple,0,0,0,0,synthetic-v1
upi://pay?pa=7380362108@sbi&pn=Lakshmi%20Shetty&am=49609&tn=urgent,1,scam_quiet,17,7,0,0,synthetic-v1
upi://pay?pa=pinelabs.115382@hdfcbank&pn=Janata%20Hardware&am=503&mc=5311&tr=ORD822612692,0,legit_merchant_dynamic,0,0,0,0,synthetic-v1
upi://pay?pa=gurudwara.seva@pnb&pn=Gurudwara%20Seva&am=3930.24,0,legit_temple,2,0,2,0,synthetic-v1
upi://pay?pa=treasury.ker@sbi&pn=Kerala%20Govt%20Treasury&am=6985&mc=4900&tr=TXN1050741141&tn=Property%20tax,0,legit_biller,0,0,0,0,synthetic-v1
upi://pay?pa=metroshop29@okaxis&pn=Royal%20Fruits&mc=5311&tn=Payment,0,legit_merchant_static,0,0,0,0,synthetic-v1
upi://pay?pa=fatima.gowda@axisbank&pn=Flipkart%20Refund%20Team&am=19000&tn=Claim%20your%20reward,1,scam_refund_receive,0,0,0,0,synthetic-v1
upi://pay?pa=razorpay.7547692@icici&pn=Green%20Leaf%20Veg&am=18091&mc=5814&tr=ORD691035607&tn=Invoice%204766,0,legit_merchant_dynamic,0,0,0,0,synthetic-v1
upi://collect?pa=7889211768@sbi&pn=Police%20Cyber%20Cell&am=10974&tn=Get%20cashback%20now,1,scam_collect,4,2,0,0,synthetic-v1
upi://autopay?pa=upi28414078@icici&pn=Sanjay%20Rao&am=3299.73&recur=WEEKLY&tn=KYC,1,scam_autopay,7,2,0,0,synthetic-v1
upi//pay?pa=anjali.bose@okicici&pn=Raj%20Mobile%20Point,1,scam_tampered_qr,0,0,0,0,synthetic-v1
upi://pay?pa=anjali.naik@pnb&pn=ICICI%20Bank%20Support&tn=visit%20bit.ly%2F16416%20to%20claim,1,scam_link_in_note,0,0,0,0,synthetic-v1
upi://pay?pa=pinelabs.600766@hdfcbank&pn=Metro%20Tailors&am=3172.88&mc=5912&tr=ORD761025443&tn=Bill,0,legit_merchant_dynamic,0,0,0,0,synthetic-v1
upi://pay?pa=arun.pillai@kotak&pn=Vikram%20Gupta&tn=fees,0,legit_p2p,0,0,1,0,synthetic-v1
upi://collect?pa=mary835563@axl&pn=RBI%20Grievance%20Cell&am=10810&tn=Prize%20money%20credit,1,scam_collect,1,0,0,0,synthetic-v1
upi://pay?pa=prakash387@ibl&pn=Krishna%20Bakery&tn=payment,0,legit_small_shop,1,0,2,0,synthetic-v1
upi://pay?pa=cf.om761@axisbank&pn=Fresh%20Mart&am=3102&mc=5942&tr=ORD561315284&tn=Order%20payment,0,legit_merchant_dynamic,0,0,0,0,synthetic-v1
upi://pay?pa=acc2950229@apl&pn=Anjali%20Sharma&am=45000.21,1,scam_quiet,2,1,0,0,synthetic-v1
upi://pay?pa=rahul.pillai@barodampay&pn=Manoj%20Patel&am=3000&tn=petrol,0,legit_p2p,0,0,0,0,synthetic-v1
upi://pay?pa=meera.patel@axisbank&pn=Rohit%20Rao&am=4251&tn=petrol,0,legit_p2p,0,0,1,0,synthetic-v1
upi://pay?pa=6947666128@oksbi&am=3295&tn=chai,0,legit_p2p,0,0,0,0,synthetic-v1
upi://pay?pa=bharatpe.19034172@fbpe&pn=Sri%20Lakshmi%20Medicals&tn=Payment,0,legit_merchant_static,1,0,3,0,synthetic-v1
upi://pay?pa=joseph.das@ybl&pn=Neha%20Rao&am=4257&tn=electricity%20share,0,legit_p2p,0,0,0,0,synthetic-v1
upi://pay?pa=treasury.ker@sbi&pn=Kerala%20Govt%20Treasury&am=9116&mc=9311&tr=TXN8175863406&tn=Property%20tax,0,legit_biller,0,0,0,0,synthetic-v1
upi://pay?pa=ganeshshop@ybl&pn=Ganesh%20Tea%20Stall&am=4099.34,0,legit_small_shop,0,0,0,0,synthetic-v1
upi://pay?pa=sunita.nair@paytm&pn=Flipkart%20Refund%20Team&am=47799&tn=Claim%20your%20reward,1,scam_refund_receive,3,3,1,0,synthetic-v1
upi://pay?pa=paytmqr6914190712@paytm&pn=Om%20Sai%20Kirana&am=19802&mc=7230&tr=ORD49467956&tn=Bill&sign=MEUCIQ3b1X6c8869993ZX9d4YX,0,legit_merchant_dynamic,0,0,0,0,synthetic-v1
upi://pay?pa=mary503678@barodampay&pn=Income%20Tax%20Department&am=18000&tn=Claim%20your%20reward,1,scam_refund_receive,6,4,0,0,synthetic-v1
upi://pay?pa=bbmp.propertytax@sbi&pn=BBMP%20Property%20Tax&am=955&mc=6300&tr=TXN5307294319&tn=Bill%20payment,0,legit_biller,0,0,0,0,synthetic-v1
upi://pay?pa=anandmart58@okaxis&pn=Anand%20Sweets,0,legit_merchant_static,0,0,0,0,synthetic-v1
upi://pay?pa=7657909579@apl&pn=Bank%20KYC%20Update&am=2974&tn=PAN%20link%20fee,1,scam_kyc_fee,0,0,0,0,synthetic-v1
upi://pay?pa=lic.premium@axisbank&pn=LIC%20Premium&am=8595&mc=9311&tr=TXN7701360863&tn=Property%20tax,0,legit_biller,0,0,0,0,synthetic-v1
upi://pay?pa=7111983045@apl&pn=Pooja%20Gowda&am=1000,0,legit_p2p,0,0,0,0,synthetic-v1
upi://pay?pa=7845447570@kvb&pn=CRPF%20Jawan%20Sunil&am=23653&tn=verification%20amount,1,scam_olx_army,0,0,0,0,synthetic-v1
upi://pay?pa=8169011872@okhdfcbank&pn=ICICI%20Bank%20Support&am=8446&tn=visit%20bit.ly%2F15632%20to%20claim,1,scam_link_in_note,1,0,0,0,synthetic-v1
upi://pay?pa=annashop@axl&pn=Anna%20Idli%20Stall,0,legit_small_shop,0,0,0,0,synthetic-v1
upi://pay?pa=9724990949@yesbank&pn=Sai%20Vegetables&am=10000&tn=bill,0,legit_small_shop,1,1,1,0,synthetic-v1
upi://pay?pa=rajushop@oksbi&am=300&tn=order,0,legit_small_shop,0,0,0,0,synthetic-v1
upi://pay?pa=nikhil17@paytm&pn=Priya%20Das&am=17000.93&tn=house%20deposit,0,legit_family_large,0,0,0,0,synthetic-v1
upi://pay?pa=9796928582@icici&pn=Lucky%20Draw%20Office&am=13399&tn=winner%20registration,1,scam_prize,0,0,0,0,synthetic-v1
upi://pay?pa=tirumala.donations@sbi&pn=ISKCON%20Temple&mc=8398,0,legit_temple,0,0,0,0,synthetic-v1
upi://pay?pa=nikhil.gowda@apl&pn=Prakash%20Bose&am=3000.33&tn=dinner,0,legit_p2p,0,0,0,0,synthetic-v1
upi://pay?pa=kiran.pillai@ybl&pn=Divya%20Gowda&am=42000&tn=investment,1,scam_quiet,18,2,0,0,synthetic-v1
upi://pay?pa=paytmqr8550318708@paytm&pn=Anand%20Sweets&mc=7538,0,legit_merchant_static,0,0,0,0,synthetic-v1
upi://pay?pa=pay82845260@ybl&pn=Varun%20Menon&am=11785&tn=hospital,1,scam_quiet,5,2,0,0,synthetic-v1
upi://collect?pa=varun.menon@idfcbank&pn=TRAI%20Helpline&am=6705&tn=Refund%20of%20Rs%205000,1,scam_collect,0,0,0,0,synthetic-v1
upi://pay?pa=6746666672@apl&pn=PhonePe%20Cashback&am=13647&tn=Prize%20money%20credit,1,scam_refund_receive,0,0,0,0,synthetic-v1
upi://pay?pa=om@upi&pn=Om%20Paan%20Shop&am=250,0,legit_small_shop,0,0,0,0,synthetic-v1
upi://pay?pa=razorpay.4659164@icici&pn=Sri%20Lakshmi%20Medicals&am=4975&mc=5814&tr=ORD580978418&tn=Invoice%201196,0,legit_merchant_dynamic,0,0,0,0,synthetic-v1
upi://pay?pa=paytmqr1671930964@paytm&pn=Green%20Leaf%20Veg&am=18374.82&mc=5331&tr=ORD821841768&tn=Bill,0,legit_merchant_dynamic,0,0,0,0,synthetic-v1
upi://pay?pa=kiranmishra622@apl&pn=Ayesha%20Khan&am=22000&tn=college%20fees,0,legit_family_large,0,0,0,0,synthetic-v1
upi://pay?pa=paytmqr1718181162@paytm&pn=Hotel%20Annapoorna&mc=7538&tn=Payment,0,legit_merchant_static,0,0,0,0,synthetic-v1
upi://pay?pa=9143361725@apl&pn=Anil%20Khan&am=12208&tn=fees,0,legit_p2p,0,0,0,0,synthetic-v1
upi://pay?pa=lic.premium@axisbank&pn=LIC%20Premium&am=5717.74&mc=6300&tr=TXN5863679935&tn=Property%20tax,0,legit_biller,0,0,0,0,synthetic-v1
upi://pay?pa=sneha555968@ibl&pn=Lucky%20Draw%20Office&am=7699.86&tn=GST%20on%20prize,1,scam_prize,8,2,0,0,synthetic-v1
upi://autopay?pa=upi93611892@okicici&pn=Jio%20Recharge&am=5199&recur=DAILY&tn=cashback%20activation,1,scam_autopay,2,2,0,0,synthetic-v1
upi://pay?pa=varun.singh@axisbank&am=4516&tn=electricity%20share,0,legit_p2p,0,0,0,0,synthetic-v1
upi://pay?pa=neha499867@upi&pn=Jio%20Prize%20Department&am=13737&tn=winner%20registration,1,scam_prize,5,3,0,0,synthetic-v1
upi://pay?pa=8706726149@pnb&pn=Arjun%20Naik&tn=trip%20share,0,legit_p2p,3,0,1,0,synthetic-v1
upi://pay?pa=8847731163@ibl&pn=Ganesh%20Tea%20Stall&tn=bill,0,legit_small_shop,1,0,0,0,synthetic-v1
upi://pay?pa=bescom.billdesk@hdfcbank&pn=BESCOM%20Bill%20Payment&am=7459&mc=6300&tr=TXN8168319182&tn=Consumer%20no%202431922,0,legit_biller,0,0,0,0,synthetic-v1
upi://pay?pa=akshayapatra@axisbank&pn=ISKCON%20Temple&am=110.71,0,legit_temple,0,0,0,0,synthetic-v1
upi://pay?pa=asha393320@sbi&pn=Bank%20KYC%20Update&am=2009&tn=Re-activation%20charges,1,scam_kyc_fee,1,1,0,0,synthetic-v1
upi://pay?pa=ravi64@okicici&pn=Shreya%20Iyer&tn=movie,0,legit_p2p,0,0,0,0,synthetic-v1
upi://pay?pa=8178298390@okaxis&pn=Electricity%20Board%20Officer&am=3099&tn=verification,1,scam_impersonation,2,1,0,0,synthetic-v1
upi://pay?pa=kumarmart13@okaxis&pn=Kumar%20Auto%20Works&mc=4121&tn=Payment,0,legit_merchant_static,0,0,0,0,synthetic-v1
upi://pay?pa=user25723632@pnb&pn=Police%20Cyber%20Cell&tn=case%20closure,1,scam_impersonation,1,0,0,0,synthetic-v1
upi://pay?pa=farhan30@pnb&pn=Swati%20Reddy&tn=petrol,0,legit_p2p,0,0,0,0,synthetic-v1
upi://pay?pa=gurpreetkhan179@timecosmos&pn=Ayesha%20Menon,0,legit_rare_handle,0,0,0,0,synthetic-v1
upi://pay?pa=q583303181@ybl&pn=Kumar%20Auto%20Works&tn=Payment,0,legit_merchant_static,1,0,1,0,synthetic-v1
upi://pay?pa=varun71@okaxis&pn=Anjali%20Patel&am=57000&tn=house%20deposit,0,legit_family_large,0,0,0,0,synthetic-v1
upi://pay?pa=cf.janata208@axisbank&pn=Metro%20Tailors&am=5778&mc=7230&tr=ORD978864155&tn=Invoice%206698,0,legit_merchant_dynamic,0,0,0,0,synthetic-v1
upi://pay?pa=8989961692@okicici&pn=Harish%20Reddy&am=489.15&tn=groceries,0,legit_p2p,0,0,0,0,synthetic-v1
upi://pay?pa=icici.helpdesk@jupiteraxis&pn=RBI%20Grievance%20Cell&am=4250&tn=cashback,1,scam_fake_merchant,0,0,0,0,synthetic-v1
upi://pay?pa=cityshop98@okaxis&pn=City%20Bakery&mc=5942,0,legit_merchant_static,0,0,0,0,synthetic-v1
upi://pay?pa=razorpay.3949111@icici&pn=Metro%20Tailors&am=5597&mc=7230&tr=ORD477643011&tn=Order%20payment&sign=MEUCIQ179da9033Y230e5eeZ63,0,legit_merchant_dynamic,0,0,0,0,synthetic-v1
upi://pay?pa=rahulrao815@okaxis&pn=Joseph%20Verma&am=24000&tn=rent,0,legit_family_large,0,0,0,0,synthetic-v1
upi://pay?pa=neha.menon@kotak&pn=Joseph%20Rao&am=2586,0,legit_p2p,0,0,0,0,synthetic-v1
upi://pay?pa=kumarstore2@okaxis&pn=City%20Bakery&mc=5411,0,legit_merchant_static,0,0,0,0,synthetic-v1
upi://pay?pa=razorpay.3343131@icici&pn=Fresh%20Mart&am=8886&mc=5814&tr=ORD898233710&tn=Bill&sign=MEUCIQaf57bXc03889c5Yf3aeZ,0,legit_merchant_dynamic,0,0,0,0,synthetic-v1
upi://pay?pa=paytmqr8763690144@paytm&pn=Raj%20Mobile%20Point&mc=5942,0,legit_merchant_static,0,0,0,0,synthetic-v1
upi://pay?pa=mary595494@hdfcbank&pn=Electricity%20Board%20Officer&tn=details%20http%3A%2F%2Fkyc-403.xyz,1,scam_link_in_note,0,0,0,0,synthetic-v1
upi://pay?pa=cf.janata966@axisbank&pn=Blue%20Star%20Salon&am=10657&mc=5311&tr=ORD308807115&tn=Bill,0,legit_merchant_dynamic,0,0,0,0,synthetic-v1
upi://pay?pa=7425840682@kvb&pn=Farhan%20Iyer&am=13558&tn=urgent,1,scam_quiet,10,5,0,0,synthetic-v1
upi://pay?pa=incometax.refund@axisbank&pn=SBI%20Refund%20Dept&am=7808&tn=offer,1,scam_fake_merchant,0,0,0,0,synthetic-v1
upi://pay?pa=7217681538@hdfcbank&pn=Farhan%20Singh&am=48000&tn=urgent,1,scam_quiet,0,0,0,0,synthetic-v1
upi://pay?pa=vikram.sharma@icici&pn=Manoj%20Reddy&am=3000.95&tn=tuition,0,legit_p2p,0,0,0,0,synthetic-v1
upi://mandate?pa=sanjay972516@upi&pn=Amazon%20Prime&am=5699&recur=MONTHLY&tn=cashback%20activation,1,scam_autopay,2,2,0,0,synthetic-v1
upi://pay?pa=sanjay66@yesbank&pn=Mary%20Mishra,0,legit_p2p,0,0,0,0,synthetic-v1
upi://pay?pa=citystore@yesbank&pn=City%20Laundry,0,legit_small_shop,0,0,0,0,synthetic-v1
upi://pay?pa=sneha161046@sbi&pn=Sri%20Lakshmi%20Medicals&am=3012&pa=7978597011@icici,0,scam_tampered_qr,0,0,0,0,synthetic-v1
upi://pay?pa=deepa13@icici&pn=Ravi%20Sharma&am=85707.06&tn=rent,0,legit_family_large,0,0,0,0,synthetic-v1
upi://pay?pa=nikhil.mishra@paytm&pn=Suresh%20Patel&am=26069&tn=urgent,1,scam_quiet,32,3,0,1,synthetic-v1
upi://pay?pn=Shop&x=6340489569@pnb&pn=Anand%20Sweets&am=588.09,1,scam_tampered_qr,0,0,0,0,synthetic-v1
upi://pay?pa=acc98561299@hdfcbank&pn=Govt%20Subsidy%20Office&am=12199&tn=Prize%20money%20credit,1,scam_refund_receive,0,0,0,0,synthetic-v1
upi://pay?pa=arjun.verma@pnb&pn=Pooja%20Pillai&am=24000&tn=hospital%20bill,0,legit_family_large,0,0,0,0,synthetic-v1
upi://pay?pa=user6501837@icici&pn=Customs%20Clearance%20Officer&am=6899&tn=Cashback%20credited%20on%20scan,1,scam_refund_receive,0,0,0,0,synthetic-v1
upi://collect?pa=85754204@idfcbank&pn=Indian%20Army%20Canteen&am=5487&tn=Scan%20to%20receive%20your%20refund,1,scam_collect,0,0,0,0,synthetic-v1
upi://pay?pa=7123827983@axl&pn=KBC%20Lottery%20Winner&am=20006&tn=prize%20claim%20fee,1,scam_prize,11,4,0,0,synthetic-v1
upi://pay?pa=bbmp.propertytax@sbi&pn=BBMP%20Property%20Tax&am=6579.72&mc=4900&tr=TXN9881274138&tn=Consumer%20no%201248297,0,legit_biller,0,0,0,0,synthetic-v1
upi://pay?pa=paytmqr8749582382@paytm&pn=Sharma%20General%20Store&mc=5812,0,legit_merchant_static,0,0,0,1,synthetic-v1
upi://pay?pa=paytmqr5069860700@paytm&pn=Balaji%20Fancy%20Store&mc=7538,0,legit_merchant_static,0,0,0,0,synthetic-v1
upi://pay?pa=divya860082@idfcbank&pn=SBI%20Refund%20Dept&tn=pending%20bill,1,scam_impersonation,12,9,0,0,synthetic-v1
upi://pay?pa=paytmqr1249993496@paytm&pn=Sharma%20General%20Store&am=10918&mc=5499&tr=ORD615581374&tn=Order%20payment&sign=MEUCIQc5f434a7894055f7721d,0,legit_merchant_dynamic,0,0,0,0,synthetic-v1
upi://collect?pa=pay13192003@apl&pn=Income%20Tax%20Department&am=1903&tn=Scan%20to%20receive%20your%20refund,1,scam_collect,0,0,0,0,synthetic-v1
upi://pay?pa=upi76996993@rbl&pn=TRAI%20Helpline&am=22348&tn=case%20closure,1,scam_impersonation,24,15,0,0,synthetic-v1
upi://pay?pa=q915463227@ybl&pn=Anand%20Sweets,0,legit_merchant_static,0,0,0,0,synthetic-v1
upi://pay?pa=paytm.kyc@idfcbank&pn=Police%20Cyber%20Cell,1,scam_fake_merchant,0,0,0,0,synthetic-v1
upi://pay?pa=6971382878@okhdfcbank&pn=Suresh%20Das&am=11436&tn=birthday%20gift,0,legit_p2p,0,0,0,0,synthetic-v1
upi://pay?pa=rahuljoshi978@upi&tn=rent,0,legit_p2p,1,0,0,0,synthetic-v1
upi://pay?pa=q942489749@ybl&pn=Fresh%20Mart&mc=5942,0,legit_merchant_static,0,0,0,0,synthetic-v1
upi://pay?pa=cf.kumar334@axisbank&pn=Sri%20Lakshmi%20Medicals&am=2728&mc=5812&tr=ORD292378766&tn=Invoice%202842,0,legit_merchant_dynamic,0,0,0,0,synthetic-v1
upi://pay?pa=user53760808@ibl&pn=Indian%20Army%20Canteen&am=14000.59&tn=refundable%20deposit,1,scam_olx_army,1,1,0,0,synthetic-v1
upi://pay?pa=sunita.reddy@barodampay&pn=Arun%20Reddy&am=56000&tn=house%20deposit,0,legit_family_large,2,1,2,0,synthetic-v1
upi://pay?pa=gurpreet.gowda@ybl&pn=Swati%20Reddy&am=29666&tn=help,1,scam_quiet,1,1,0,0,synthetic-v1
upi://pay?pa=ayesha745170@axl&pn=ICICI%20Bank%20Support&am=22099&tn=Receive%20payment%20from%20buyer,1,scam_refund_receive,1,0,0,0,synthetic-v1
upi://pay?pn=Shop&x=6368039898@ibl&pn=Anand%20Sweets,1,scam_tampered_qr,1,1,0,1,synthetic-v1
upi://pay?pa=rohit.gowda@rbl&pn=Sunita%20Menon,0,legit_rare_handle,1,0,0,0,synthetic-v1
upi://pay?pa=pooja.naik@sbi&pn=Varun%20Reddy&am=48000.86&tn=car%20emi,0,legit_family_large,0,0,0,0,synthetic-v1
upi://pay?pa=rahul.singh@sbi&pn=Ravi%20Das&am=814&tn=rent,1,legit_p2p,0,0,0,0,synthetic-v1
upi://pay?pa=paytmqr2987828258@paytm&pn=Metro%20Tailors&am=15778.18&mc=5331&tr=ORD428643814&tn=Invoice%203331,0,legit_merchant_dynamic,0,0,0,0,synthetic-v1
upi://pay?pa=harish.gupta@dbs&pn=Police%20Cyber%20Cell&am=11282&tn=case%20closure,1,scam_impersonation,1,0,0,0,synthetic-v1
upi://pay?pa=waterboard.collect@icici&pn=Municipal%20Water%20Board&am=11649&mc=9311&tr=TXN2537363102&tn=Consumer%20no%20372991,0,legit_biller,0,0,0,0,synthetic-v1
upi://pay?pa=8779260531@axl&pn=HDFC%20Customer%20Care&am=43000&tn=Get%20cashback%20now,1,scam_refund_receive,0,0,0,0,synthetic-v1
upi://pay?pa=8965749490@apl&pn=Ganesh%20Tea%20Stall&am=250&tn=bill,0,legit_small_shop,0,0,0,0,synthetic-v1
upi://autopay?pa=acc49599040@dbs&pn=Netflix&am=2799.18&recur=WEEKLY&tn=KYC,1,scam_autopay,0,0,0,0,synthetic-v1
upi://pay?pa=priya.kumar@ibl&pn=Manoj%20Singh&am=2474&tn=KYC%20update%20charge,1,scam_kyc_fee,5,1,0,0,synthetic-v1
upi://pay?pa=pay7659170@ybl&pn=Customs%20Clearance%20Officer&tn=call%207895060099%20for%20refund,1,scam_link_in_note,0,0,0,0,synthetic-v1
upi://pay?pa=prakash@apl&pn=Metro%20Chaat&am=500&tn=order,0,legit_small_shop,0,0,0,0,synthetic-v1
upi://pay?pa=bharatpe.37815633@fbpe&pn=Balaji%20Fancy%20Store,0,legit_merchant_static,0,0,0,0,synthetic-v1
upi://pay?pa=swati941674@icici&pn=Flipkart%20Refund%20Team&am=4000&tn=Refund%20of%20Rs%204000,1,scam_refund_receive,0,0,0,0,synthetic-v1
upi://pay?pa=rohit701443@hdfcbank&pn=Nikhil%20Menon&am=34145&tn=Claim%20your%20reward,1,scam_refund_receive,0,0,0,0,synthetic-v1
upi://pay?pa=sbi.refund97@upi&pn=Amazon%20Refund%20Desk&mc=0000&tn=offer,1,scam_fake_merchant,0,0,0,0,synthetic-v1
upi://pay?pa=sneha653733@icici&pn=Jio%20Prize%20Department&am=19851&tn=lottery%20processing,1,scam_prize,0,0,0,0,synthetic-v1
upi://pay?pa=anjalinair618@upi&pn=Asha%20Joshi&am=17255&tn=dinner,0,legit_p2p,0,0,0,0,synthetic-v1
upi://pay?pa=deepa.mishra@apl&am=3099&tn=trip%20share,0,legit_p2p,0,0,0,0,synthetic-v1
upi://pay?pa=user57220521@sbi&pn=RBI%20Grievance%20Cell&am=8699&tn=Prize%20money%20credit,1,scam_refund_receive,2,1,0,1,synthetic-v1
upi://pay?pa=arun123228@fbl&pn=Mega%20Prize%20Claim&am=22199.84&tn=winner%20registration,1,scam_prize,0,0,0,0,synthetic-v1
upi://pay?pa=6563178315@axisbank&am=1000&tn=groceries,0,legit_p2p,2,0,2,0,synthetic-v1
upi://pay?pa=metroshop55@okaxis&pn=Anand%20Sweets&mc=5942,0,legit_merchant_static,0,0,0,0,synthetic-v1
upi://mandate?pa=upi35296737@sbi&pn=Amazon%20Prime&am=6416&recur=MONTHLY&tn=subscription,1,scam_autopay,5,5,0,0,synthetic-v1
upi://pay?pa=6637902838@axisbank&pn=Amazon%20Refund%20Desk&am=21000.26&tn=Prize%20money%20credit,1,scam_refund_receive,0,0,0,0,synthetic-v1
upi://pay?pa=7995605552@axisbank&pn=Fatima%20Naik&am=1000&tn=rent,0,legit_p2p,0,0,0,0,synthetic-v1
upi://pay?pa=6677545977@barodampay&pn=Income%20Tax%20Department&am=10000&tn=Prize%20money%20credit,1,scam_refund_receive,0,0,0,0,synthetic-v1
upi://pay?pa=5659489@axl&pn=Jio%20Prize%20Department&am=17303&tn=tax%20on%20winning,1,scam_prize,1,1,0,0,synthetic-v1
upi://pay?pa=6556644087@oksbi&pn=Joseph%20Joshi&am=73000&tn=rent,0,legit_family_large,1,0,3,0,synthetic-v1
upi://pay?pa=fatimasingh240@hdfcbank&pn=Ravi%20Nair&am=19229&tn=dinner,0,legit_p2p,0,0,0,0,synthetic-v1
upi://pay?pa=citymart43@okaxis&pn=City%20Bakery&mc=5732,0,legit_merchant_static,0,0,0,0,synthetic-v1
upi://pay?pa=bharatpe.65293503@fbpe&pn=Raj%20Mobile%20Point&mc=7230,0,legit_merchant_static,1,0,2,0,synthetic-v1
upi://pay?pa=paytmqr7176740508@paytm&pn=Blue%20Star%20Salon&mc=5331&tn=Payment,0,legit_merchant_static,3,0,1,0,synthetic-v1
upi://pay?pn=Shop&x=rohit.reddy@okicici&pn=Electricity%20Board%20Officer,1,scam_tampered_qr,0,0,0,0,synthetic-v1
upi://pay?pa=razorpay.9796274@icici&pn=Metro%20Tailors&am=1899&mc=5331&tr=ORD428547710&tn=Invoice%203284,0,legit_merchant_dynamic,0,0,0,0,synthetic-v1
upi://pay?pa=9433074109@upi&pn=Govt%20Subsidy%20Office&am=37599&tn=Cashback%20credited%20on%20scan,1,scam_refund_receive,0,0,0,0,synthetic-v1
upi://pay?pa=8748828864@barodampay&pn=Mega%20Prize%20Claim&am=14490&tn=prize%20claim%20fee,1,scam_prize,1,1,0,1,synthetic-v1
upi://pay?pa=akshayapatra@axisbank&pn=CRY%20Donations&mc=8398&am=398,0,legit_temple,0,0,0,0,synthetic-v1
upi://pay?pa=kavya490864@upi&am=32106&tn=urgent,1,scam_quiet,4,1,0,0,synthetic-v1
upi://pay?pn=Shop&x=9158502763@oksbi&pn=ICICI%20Bank%20Support,1,scam_tampered_qr,12,2,0,0,synthetic-v1
upi://pay?pa=user11295987@okhdfcbank&pn=Amazon%20Refund%20Desk&tn=processing%20fee,1,scam_impersonation,0,0,0,0,synthetic-v1
upi://pay?pa=7428827976@sbi&pn=Nikhil%20Mishra&tn=chai,0,legit_p2p,0,0,0,0,synthetic-v1
upi://pay?pa=phonepe.cashback97@barodampay&pn=Police%20Cyber%20Cell&tn=refund,1,scam_fake_merchant,0,0,0,1,synthetic-v1
upi://collect?pa=user61953457@fbl&pn=Govt%20Subsidy%20Office&am=4397.03&tn=Get%20cashback%20now,1,scam_collect,0,0,0,0,synthetic-v1
upi://pay?pa=6902941993@pnb&pn=Anil%20Joshi&tn=tuition,0,legit_p2p,0,0,0,0,synthetic-v1
upi://pay?pa=9928051214@okaxis&pn=Income%20Tax%20Department&am=35000&tn=Prize%20money%20credit,1,scam_refund_receive,1,1,0,0,synthetic-v1
upi:\pay?pa=7715670913@fbl&pn=Electricity%20Board%20Officer&am=1948,1,scam_tampered_qr,0,0,0,0,synthetic-v1
upi://mandate?pa=swati123670@rbl&pn=Netflix&am=6011&recur=WEEKLY&tn=KYC,1,scam_autopay,0,0,0,0,synthetic-v1
upi://pay?pa=8612832294@timecosmos&pn=Anjali%20Patel&am=1879,0,legit_rare_handle,0,0,0,0,synthetic-v1
upi://pay?pa=meera537400@oksbi&pn=Govt%20Subsidy%20Office&am=2409&tn=call%209378536414%20for%20refund,1,scam_link_in_note,0,0,0,0,synthetic-v1
upi://pay?pa=paytmqr5885085130@paytm&pn=Janata%20Hardware,0,legit_merchant_static,0,0,0,0,synthetic-v1
upi://pay?pa=newstore@sbi&pn=New%20Style%20Tailors&am=1000,0,legit_small_shop,0,0,0,0,synthetic-v1
upi://pay?pa=rbi.claim48@dlb&pn=Flipkart%20Refund%20Team&mc=0000&am=2587&tn=refund,1,scam_fake_merchant,0,0,0,0,synthetic-v1
upi://pay?pa=akshayapatra@axisbank&pn=Gurudwara%20Seva&mc=8661&am=4265,0,legit_temple,0,0,0,0,synthetic-v1
upi://pay?pa=upi84036551@axisbank&pn=Income%20Tax%20Department&am=24000&tn=Scan%20to%20receive%20your%20refund,1,scam_refund_receive,2,1,0,0,synthetic-v1
upi://pay?pa=rajmart93@okaxis&pn=Om%20Sai%20Kirana&mc=5311&tn=Payment,0,legit_merchant_static,0,0,0,0,synthetic-v1
upi://pay?pa=lakshmi723@okaxis&pn=Lakshmi%20Tiffin%20Centre&am=2000&tn=bill,0,legit_small_shop,0,0,0,0,synthetic-v1
upi://pay?pa=harish37@okhdfcbank&pn=Suresh%20Gupta&tn=tuition,0,legit_p2p,0,0,0,0,synthetic-v1
upi://pay?pa=rahulmenon591@axisbank&pn=Sanjay%20Joshi&tn=rent,0,legit_p2p,0,0,0,0,synthetic-v1
upi://pay?pa=farhanmishra745@sbi&pn=Pooja%20Singh&am=53000&tn=hospital%20bill,0,legit_family_large,0,0,0,0,synthetic-v1
upi://pay?pn=Shop&x=pay83963447@hdfcbank&pn=Customs%20Clearance%20Officer&am=7982,1,scam_tampered_qr,10,6,0,0,synthetic-v1
upi://pay?pa=nikhil.iyer@okhdfcbank&pn=Gurpreet%20Singh&am=1881.81&tn=fees,0,legit_p2p,0,0,0,0,synthetic-v1
upi://pay?pa=paytmqr3798489657@paytm&pn=Metro%20Tailors&mc=5331&tn=Payment,0,legit_merchant_static,0,0,0,0,synthetic-v1
upi://pay?pa=user36576748@ibl&pn=ICICI%20Bank%20Support&am=21499.76&tn=Scan%20to%20receive%20your%20refund,1,scam_refund_receive,1,0,0,0,synthetic-v1
upi://pya?pa=8891311366@apl&pn=HDFC%20Customer%20Care,1,scam_tampered_qr,0,0,0,0,synthetic-v1
upi://pay?pa=asha766538@ibl&pn=Paytm%20KYC%20Team&am=799&tn=PAN%20link%20fee,1,scam_kyc_fee,0,0,0,0,synthetic-v1
upi://pay?pa=treasury.ker@sbi&pn=Kerala%20Govt%20Treasury&am=6404.59&mc=4112&tr=TXN7303419167&tn=Bill%20payment,0,legit_biller,1,0,3,0,synthetic-v1
upi://pay?pa=9530194642@okhdfcbank&pn=Customs%20Clearance%20Officer&tn=visit%20bit.ly%2F93489%20to%20claim,1,scam_link_in_note,4,3,0,0,synthetic-v1
upi://pay?pa=7479384947@cmsidfc&pn=Pooja%20Bose&am=2612,0,legit_rare_handle,0,0,0,0,synthetic-v1
upi://pay?pa=treasury.ker@sbi&pn=Kerala%20Govt%20Treasury&am=13859&mc=9311&tr=TXN9462753584&tn=Bill%20payment,0,legit_biller,0,0,0,0,synthetic-v1
upi://pay?pa=paytmqr6407051934@paytm&pn=Green%20Leaf%20Veg&mc=5331,1,legit_merchant_static,0,0,0,0,synthetic-v1
upi://pay?pa=nikhil67@paytm&tn=loan%20return,0,legit_p2p,0,0,0,0,synthetic-v1
upi://pay?pa=arun908777@barodampay&pn=Amazon%20Refund%20Desk&am=28000&tn=Prize%20money%20credit,1,scam_refund_receive,8,1,0,0,synthetic-v1
upi://pay?pa=7112793558@barodampay&pn=Anjali%20Naik&am=39000.74&tn=wedding,0,legit_family_large,0,0,0,0,synthetic-v1
upi://pay?pa=manoj.iyer@axl&pn=TRAI%20Helpline&am=41099&tn=Refund%20of%20Rs%2041099,1,scam_refund_receive,0,0,0,0,synthetic-v1
upi://pay?pa=mary99@fbl&pn=Nikhil%20Reddy&tn=dinner,0,legit_p2p,0,0,0,0,synthetic-v1
upi://pay?pa=pooja461176@axl&pn=Electricity%20Board%20Officer&am=24525&tn=security%20deposit,1,scam_impersonation,0,0,0,0,synthetic-v1
upi://pay?pa=priya94519@upi&pn=Paytm%20KYC%20Team&am=1293&tn=KYC%20update%20charge,0,scam_kyc_fee,8,5,0,0,synthetic-v1
upi://mandate?pa=user81849967@kvb&pn=Anil%20Naik&am=199.25&recur=MONTHLY&tn=verify%20account,1,scam_autopay,1,0,0,0,synthetic-v1
upi://pay?pa=shreya.shetty@okhdfcbank&pn=Anjali%20Sharma&am=36000&tn=rent,0,legit_family_large,0,0,0,0,synthetic-v1
upi://pay?pa=ravi48@paytm&pn=Rohit%20Joshi&am=2562&tn=electricity%20share,0,legit_p2p,0,0,0,0,synthetic-v1
upi://pay?pa=iskcon.bangalore@icici&pn=TTD%20Donations&mc=8661&am=2537,0,legit_temple,0,0,0,0,synthetic-v1
upi://pay?pa=rahul106666@idfcbank&pn=Paytm%20KYC%20Team&am=554&tn=KYC%20update%20charge,1,scam_kyc_fee,3,1,0,0,synthetic-v1
upi://pay?pa=deepa548204@axl&pn=Electricity%20Board%20Officer&am=20262.70&tn=Cashback%20credited%20on%20scan,1,scam_refund_receive,20,3,0,0,synthetic-v1
upi://collect?pa=priya.reddy@hdfcbank&pn=CRPF%20Jawan%20Sunil&am=17000&tn=security%20deposit,1,scam_olx_army,0,0,0,0,synthetic-v1
upi://pay?pa=kumar@ibl&pn=Kumar%20Xerox&am=5000,0,legit_small_shop,0,0,0,0,synthetic-v1
upi://pay?pa=q646524536@ybl&pn=Royal%20Fruits&mc=7230,0,legit_merchant_static,0,0,0,0,synthetic-v1
upi://pay?pa=varungowda631@hdfcbank&pn=Anil%20Iyer&tn=dinner,0,legit_p2p,0,0,0,0,synthetic-v1
upi://pay?pa=harishnaik944@kotak&pn=Ravi%20Reddy,0,legit_p2p,0,0,0,0,synthetic-v1
upi://pay?pa=7759172734@axl&pn=Anjali%20Das&tn=gift,0,legit_p2p,0,0,0,0,synthetic-v1
upi://pay?pa=akshayapatra@axisbank&pn=ISKCON%20Temple&mc=8398,0,legit_temple,0,0,0,0,synthetic-v1
upi://pay?pa=7263562374@okhdfcbank&pn=Govt%20Subsidy%20Office&am=8007&tn=whatsapp%206284326087,1,scam_link_in_note,22,2,0,0,synthetic-v1
upi://collect?pa=pay1213644@paytm&pn=BSF%20Officer%20Vijay&am=23000&tn=verification%20amount,1,scam_olx_army,0,0,0,0,synthetic-v1
upi://pay?pa=bescom.billdesk@hdfcbank&pn=BESCOM%20Bill%20Payment&am=11639&mc=6300&tr=TXN3870934570&tn=Consumer%20no%206024490,0,legit_biller,0,0,0,0,synthetic-v1
upi://pay?pa=deepa.patel@ybl&pn=Nikhil%20Joshi&tn=cab%20share,0,legit_p2p,1,0,3,0,synthetic-v1
upi://pay?pa=deepakhan934@idfcbank&pn=Divya%20Joshi&tn=maid%20salary,0,legit_p2p,0,0,0,0,synthetic-v1
upi://mandate?pa=asha522174@paytm&pn=Jio%20Recharge&am=1907&recur=MONTHLY&tn=subscription,1,scam_autopay,8,4,0,0,synthetic-v1
upi://pay?pa=9573631031@dbs&pn=Meera%20Naik&am=1215,0,legit_rare_handle,0,0,0,0,synthetic-v1
upi:/pay?pa=9661651517@fbl&pn=Amazon%20Refund%20Desk,1,scam_tampered_qr,3,3,1,0,synthetic-v1
upi://pay?pa=6203399848@yesbank&pn=Om%20Paan%20Shop&am=781&tn=order,0,legit_small_shop,0,0,0,0,synthetic-v1
upi://pay?pa=arun80@okaxis&pn=Sneha%20Bose&am=3336&tn=petrol,0,legit_p2p,0,0,0,0,synthetic-v1
upi://pay?pa=gpay.reward39@dlb&pn=SBI%20Refund%20Dept&mc=0000&am=9505.14&tn=refund,1,scam_fake_merchant,1,1,1,0,synthetic-v1
upi://pay?pa=varun960@upi&pn=Sai%20Vegetables,0,legit_small_shop,0,0,0,0,synthetic-v1
upi://pay?pa=8209146010@pnb&pn=Deepa%20Iyer&am=4648&tn=movie,0,legit_p2p,0,0,0,0,synthetic-v1
upi://pay?pa=customer.care.help@oksbi&pn=ICICI%20Bank%20Support&am=7762,1,scam_fake_merchant,0,0,0,1,synthetic-v1
upi://pay?pa=9122974525@upi&pn=Arun%20Kumar&am=9844&tn=details%20http%3A%2F%2Fkyc-72.xyz,1,scam_link_in_note,0,0,0,0,synthetic-v1
upi://pay?pa=gurudwara.seva@pnb&pn=Gurudwara%20Seva&mc=8398,0,legit_temple,0,0,0,0,synthetic-v1
upi://pay?pa=maryjoshi868@oksbi&pn=Pooja%20Sharma&tn=petrol,0,legit_p2p,0,0,0,0,synthetic-v1
upi://pay?pa=8160032103@idfcbank&pn=Vikram%20Joshi&tn=trip%20share,0,legit_p2p,0,0,0,0,synthetic-v1
upi://pay?pa=7261608036@apl&pn=Raju%20Juice%20Corner&am=1569,0,legit_small_shop,0,0,0,0,synthetic-v1
upi://pay?pa=vikram28@okaxis&pn=Vikram%20Sharma&am=83000.14&tn=college%20fees,0,legit_family_large,0,0,0,0,synthetic-v1
upi://pay?pa=prakash.das@okhdfcbank&pn=Gurpreet%20Das&am=253&tn=groceries,0,legit_p2p,0,0,0,0,synthetic-v1
upi://pay?pa=6112108947@icici&pn=Om%20Paan%20Shop&am=4684&tn=bill,0,legit_small_shop,0,0,0,0,synthetic-v1
upi://pay?pa=paytmqr2024855436@paytm&pn=Sharma%20General%20Store&mc=5912,0,legit_merchant_static,0,0,0,0,synthetic-v1
upi://pay?pa=krishna@fbl&pn=Krishna%20Bakery&am=376.66&tn=order,0,legit_small_shop,0,0,0,0,synthetic-v1
upi://pay?pa=7795339432@okicici&pn=Divya%20Gupta&am=29000.34&tn=task%20payment,1,scam_quiet,11,2,0,0,synthetic-v1
upi://pay?pa=paytmqr3425105072@paytm&pn=Sharma%20General%20Store&mc=5331,0,legit_merchant_static,0,0,0,0,synthetic-v1
upi://pay?pa=cf.raj530@axisbank&pn=Green%20Leaf%20Veg&am=16832.65&mc=5942&tr=ORD351289981&tn=Order%20payment,0,legit_merchant_dynamic,0,0,0,0,synthetic-v1
upi://pay?pa=bharatpe.95321485@fbpe&pn=Balaji%20Fancy%20Store,0,legit_merchant_static,0,0,0,0,synthetic-v1
upi://pay?pa=9227749937@fbl&pn=Sneha%20Bose&am=6000&tn=hospital,1,scam_quiet,0,0,0,0,synthetic-v1
upi://pay?pa=ayesha50@barodampay&pn=Arun%20Verma&am=4610&tn=groceries,0,legit_p2p,0,0,0,0,synthetic-v1
upi://pay?pa=bharatpe.47530230@fbpe&pn=Raj%20Mobile%20Point&tn=Payment,0,legit_merchant_static,0,0,0,0,synthetic-v1
upi://pay?pa=9164726632@okaxis&pn=Deepa%20Patel&am=85000&tn=college%20fees,0,legit_family_large,0,0,0,0,synthetic-v1
upi://pay?pa=bharatpe.77740437@fbpe&pn=Royal%20Fruits&mc=5311,0,legit_merchant_static,0,0,1,0,synthetic-v1
upi://pay?pa=lakshmidas751@fbl&pn=Divya%20Das&am=83795&tn=car%20emi,0,legit_family_large,1,0,0,0,synthetic-v1
upi://pay?pa=8236799382@paytm&pn=Sneha%20Menon&am=8623,0,legit_p2p,0,0,0,0,synthetic-v1
upi://pay?pa=8514805236@okaxis&pn=Govt%20Subsidy%20Office&tn=call%207272167899%20for%20refund,1,scam_link_in_note,0,0,0,0,synthetic-v1
upi://pay?pa=7798869847@okhdfcbank&pn=Sneha%20Sharma&am=1726.62,0,legit_p2p,0,0,0,0,synthetic-v1
upi://pay?pa=nikhilbose456@paytm&pn=Shreya%20Gowda&am=44000&tn=fees,0,legit_p2p,0,0,0,0,synthetic-v1
upi://pay?pa=kiranverma827@oksbi&pn=Fatima%20Das&am=78000.86&tn=house%20deposit,0,legit_family_large,0,0,0,0,synthetic-v1
upi://mandate?pa=6247254654@okaxis&pn=Electricity%20Board&am=128&recur=MONTHLY&tn=cashback%20activation,1,scam_autopay,1,0,0,0,synthetic-v1
upi://pay?pa=razorpay.6688947@icici&pn=Sharma%20General%20Store&am=11809&mc=5942&tr=ORD388407757&tn=Order%20payment,0,legit_merchant_dynamic,0,0,0,0,synthetic-v1
upi://pay?pa=bharatpe.69025784@fbpe&pn=Kumar%20Auto%20Works&mc=5912&tn=Payment,1,legit_merchant_static,0,0,1,0,synthetic-v1
upi://pay?pa=sbi.refund35@hdfcbank&pn=Customs%20Clearance%20Officer&am=5888&tn=offer,1,scam_fake_merchant,0,0,0,0,synthetic-v1
upi://pay?pa=mary568155@ibl&pn=Nikhil%20Gowda&am=48000&tn=trading%20profit,1,scam_quiet,12,1,0,1,synthetic-v1
upi://pay?pa=anjali.sharma@fbl&tn=maid%20salary,0,legit_p2p,0,0,0,0,synthetic-v1
upi://pay?pa=pay2809531@axisbank&pn=CRPF%20Jawan%20Sunil&am=5000&tn=army%20canteen,1,scam_olx_army,0,0,0,0,synthetic-v1
upi://pay?pa=8826110119@axisbank&pn=Shreya%20Naik&am=1000,0,legit_p2p,0,0,0,0,synthetic-v1
upi://pay?pa=pay28250735@paytm&pn=Income%20Tax%20Department&tn=details%20http%3A%2F%2Fkyc-544.xyz,1,scam_link_in_note,7,5,0,0,synthetic-v1
upi://pay?pa=anjali.patel@okicici&pn=BSF%20Officer%20Vijay&am=22895.87&tn=army%20canteen,1,scam_olx_army,0,0,0,0,synthetic-v1
upi://pay?pa=9403363697@axl&pn=Amazon%20Refund%20Desk&am=6268&tn=details%20http%3A%2F%2Fkyc-413.xyz,1,scam_link_in_note,2,2,0,0,synthetic-v1
upi://pay?pa=divya28@icici&pn=Nikhil%20Verma&am=284&tn=electricity%20share,0,legit_p2p,0,0,0,0,synthetic-v1
upi://collect?pa=7414516715@okaxis&pn=CRPF%20Jawan%20Sunil&am=29000&tn=refundable%20deposit,1,scam_olx_army,17,5,0,0,synthetic-v1
upi://pay?pa=45683578@rbl&pn=Customs%20Clearance%20Officer&am=16000&tn=Scan%20to%20receive%20your%20refund,1,scam_refund_receive,0,0,0,1,synthetic-v1
upi://pay?pa=paytmqr5313719702@paytm&pn=Hotel%20Annapoorna&mc=5732,0,legit_merchant_static,0,0,0,0,synthetic-v1
upi://pay?pa=6715260774@icici&pn=Govt%20Subsidy%20Office&am=44000&tn=Get%20cashback%20now,0,scam_refund_receive,5,5,1,0,synthetic-v1
upi://pay?pa=pay1034865@sbi&pn=Electricity%20Board%20Officer&tn=processing%20fee,1,scam_impersonation,0,0,0,0,synthetic-v1
upi://pay?pa=paytmqr4055204369@paytm&pn=Balaji%20Fancy%20Store&am=18038&mc=5912&tr=ORD952839176&tn=Order%20payment,0,legit_merchant_dynamic,0,0,0,0,synthetic-v1
upi://pay?pa=user16759848@kotak&pn=Amazon%20Lucky%20Winner&am=6192&tn=GST%20on%20prize,1,scam_prize,0,0,0,0,synthetic-v1
upi://pay?pa=8300346609@barodampay&pn=Ganesh%20Tea%20Stall&am=250&tn=payment,0,legit_small_shop,0,0,0,0,synthetic-v1
upi://pay?pa=6676148365@sbi&pn=Priya%20Beauty%20Parlour,0,legit_small_shop,0,0,0,0,synthetic-v1
upi://pay?pa=rahul64@pnb&pn=Joseph%20Gowda&am=17000.29&tn=car%20emi,0,legit_family_large,0,0,1,0,synthetic-v1
upi://pay?pa=neha.rao@ybl&pn=Ayesha%20Nair&am=282&tn=dinner,0,legit_p2p,0,0,0,0,synthetic-v1
upi://pay?pa=pinelabs.634407@hdfcbank&pn=Anand%20Sweets&am=18299&mc=5331&tr=ORD910603553&tn=Bill&sign=MEUCIQedYadY18eXe8bfcZYfeb,1,legit_merchant_dynamic,0,0,0,0,synthetic-v1
upi://pay?pa=7738094466@ybl&pn=Asha%20Mishra&tn=petrol,0,legit_p2p,0,0,0,0,synthetic-v1
upi://pay?pa=priya194@paytm&pn=Priya%20Beauty%20Parlour&am=100,0,legit_small_shop,0,0,0,0,synthetic-v1
upi://collect?pa=8725400167@dbs&pn=CRPF%20Jawan%20Sunil&am=4000&tn=verification%20amount,1,scam_olx_army,3,1,0,0,synthetic-v1
upi://pay?pa=9575847046@ibl&pn=PhonePe%20Cashback&am=8099&tn=security%20deposit,1,scam_impersonation,0,0,0,0,synthetic-v1
upi://pay?pa=8183421572@fbl&pn=City%20Laundry&am=517,0,legit_small_shop,0,0,0,0,synthetic-v1
upi://pay?pa=user6931258@paytm&pn=Electricity%20Board%20Officer&am=11499&tn=Get%20cashback%20now,1,scam_refund_receive,0,0,0,0,synthetic-v1
upi://pay?pa=razorpay.2009118@icici&pn=Balaji%20Fancy%20Store&am=17348&mc=5331&tr=ORD979017937&tn=Invoice%205665,0,legit_merchant_dynamic,0,0,0,0,synthetic-v1
upi://pay?pa=mary.verma@okaxis&pn=Lucky%20Draw%20Office&am=13099&tn=lottery%20processing,1,scam_prize,5,3,0,0,synthetic-v1
upi://pay?pa=cf.fresh643@axisbank&pn=Hotel%20Annapoorna&am=16079&mc=5732&tr=ORD334348354&tn=Bill&sign=MEUCIQ0eX5adZd065a9adY9734,0,legit_merchant_dynamic,0,0,0,0,synthetic-v1
upi://pay?pa=snehabose96@pnb&pn=Meera%20Nair&tn=birthday%20gift,0,legit_p2p,0,0,0,0,synthetic-v1
upi://pay?pa=6461506565@ibl&pn=Rohit%20Nair&am=23220.31&tn=please%20send%20fast,0,scam_quiet,3,1,0,0,synthetic-v1
upi://collect?pa=harish.gowda@ybl&pn=TRAI%20Helpline&am=18736&tn=Enter%20PIN%20to%20receive%20money,1,scam_collect,0,0,0,0,synthetic-v1
upi://pay?pa=cf.sri842@axisbank&pn=Sharma%20General%20Store&am=7671&mc=5411&tr=ORD576553594&tn=Invoice%206861,0,legit_merchant_dynamic,0,0,0,0,synthetic-v1
upi://pay?pa=bharatpe.85591329@fbpe&pn=Sharma%20General%20Store&mc=5942,0,legit_merchant_static,0,0,0,0,synthetic-v1
upi://pay?pa=meera62@kvb&pn=Anjali%20Das&am=973,0,legit_rare_handle,0,0,0,0,synthetic-v1
upi://pay?pa=raju@oksbi&pn=Raju%20Juice%20Corner&am=250&tn=order,0,legit_small_shop,0,0,0,0,synthetic-v1
upi://pay?pa=7252944685@kotak&pn=Shreya%20Khan&am=219.79&tn=petrol,0,legit_p2p,0,0,0,0,synthetic-v1
upi://pay?pa=anjali210515@pnb&pn=Police%20Cyber%20Cell&am=20753&tn=case%20closure,1,scam_impersonation,5,1,0,0,synthetic-v1
upi://collect?pa=6653219676@kvb&pn=Govt%20Subsidy%20Office&am=12402.10&tn=Scan%20to%20receive%20your%20refund,1,scam_collect,2,2,0,1,synthetic-v1
upi://pay?pa=razorpay.5520533@icici&pn=Sharma%20General%20Store&am=10751&mc=5331&tr=ORD966157694&tn=Invoice%208871&sign=MEUCIQ7bYdeeeXa03a3caX8278,0,legit_merchant_dynamic,0,0,0,0,synthetic-v1
upi://autopay?pa=pay9351548@oksbi&pn=Netflix&am=2752&recur=DAILY&tn=subscription,0,scam_autopay,7,6,0,0,synthetic-v1
upi://mandate?pa=arun.das@icici&pn=Amazon%20Prime&am=6499.71&recur=MONTHLY&tn=verify%20account,1,scam_autopay,16,5,0,0,synthetic-v1
upi://pay?pa=varun.nair@yesbank&pn=Divya%20Das&am=21872&tn=house%20deposit,0,legit_family_large,0,0,0,0,synthetic-v1
upi://pay?pa=6552815002@hdfcbank&pn=Neha%20Mishra&tn=rent,0,legit_p2p,0,0,0,0,synthetic-v1
upi://pay?pa=razorpay.3735161@icici&pn=Om%20Sai%20Kirana&am=11194&mc=5311&tr=ORD99785267&tn=Bill&sign=MEUCIQa756b90a7Y9eac7ccdX8,0,legit_merchant_dynamic,0,0,0,0,synthetic-v1
upi://pay?pa=fatima17@timecosmos&pn=Ravi%20Sharma&am=1605,0,legit_rare_handle,0,0,0,0,synthetic-v1
upi://pay?pa=6858962805@axisbank&pn=Kiran%20Das&am=34000&tn=college%20fees,0,legit_family_large,0,0,0,0,synthetic-v1
upi://mandate?pa=7451995558@rbl&pn=Netflix&am=6799&recur=MONTHLY&tn=cashback%20activation,1,scam_autopay,0,0,0,0,synthetic-v1
upi://pay?pa=7458817611@fbl&pn=Ganesh%20Tea%20Stall,0,legit_small_shop,1,1,3,0,synthetic-v1
upi://pay?pa=9157951547@oksbi&pn=Sunita%20Sharma&tn=electricity%20share,0,legit_p2p,2,0,3,0,synthetic-v1
upi://pay?pa=bharatpe.48609019@fbpe&pn=Hotel%20Annapoorna&mc=7230,0,legit_merchant_static,0,0,0,0,synthetic-v1
upi://pay?pa=divya.pillai@kotak&pn=Sanjay%20Kumar&tn=birthday%20gift,0,legit_p2p,0,0,0,0,synthetic-v1
upi://collect?pa=6591763855@apl&pn=CRPF%20Jawan%20Sunil&am=24000&tn=refundable%20deposit,1,scam_olx_army,3,2,0,1,synthetic-v1
upi://pay?pa=priya.gupta@yesbank&pn=Arun%20Gupta&am=900&tn=gift,0,legit_p2p,0,0,0,0,synthetic-v1
upi://pay?pa=gurpreet41@yesbank&pn=Kavya%20Nair&am=443,0,legit_p2p,0,0,0,0,synthetic-v1
upi://pay?pa=swatirao519@okicici&pn=Suresh%20Das&am=87000.82&tn=hospital%20bill,0,legit_family_large,0,0,0,0,synthetic-v1
upi://pay?pa=bharatpe.81010565@fbpe&pn=Sri%20Lakshmi%20Medicals&mc=5411,0,legit_merchant_static,1,1,1,0,synthetic-v1
upi://pay?pa=paytmqr5686401922@paytm&pn=Balaji%20Fancy%20Store&mc=5812&tn=Payment,0,legit_merchant_static,0,0,0,0,synthetic-v1
upi:pay?pa=pay17616580@rbl&pn=Sri%20Lakshmi%20Medicals,1,scam_tampered_qr,0,0,0,0,synthetic-v1
upi://pay?pa=bescom.billdesk@hdfcbank&pn=BESCOM%20Bill%20Payment&am=5390.22&mc=9399&tr=TXN1273553510&tn=Consumer%20no%204718725,1,legit_biller,0,0,0,0,synthetic-v1
upi://pay?pa=phonepe.cashback@tjsb&pn=Paytm%20KYC%20Team&am=1162&tn=cashback,1,scam_fake_merchant,21,19,0,0,synthetic-v1
upi://pay?pa=fresh@kotak&pn=Fresh%20Fish%20Stall&am=5341&tn=order,0,legit_small_shop,0,0,0,0,synthetic-v1
upi://pay?pa=treasury.ker@sbi&pn=Kerala%20Govt%20Treasury&am=5866.97&mc=4900&tr=TXN1957956797&tn=Consumer%20no%205175639,0,legit_biller,0,0,0,0,synthetic-v1
upi://pay?pa=bharatpe.96998931@fbpe&pn=City%20Bakery&mc=5732&tn=Payment,0,legit_merchant_static,0,0,0,0,synthetic-v1
upi://pay?pa=gurpreet@okhdfcbank&pn=Ganesh%20Tea%20Stall&tn=payment,0,legit_small_shop,0,0,0,0,synthetic-v1
upi://pay?pa=hdfc.care56@timecosmos&pn=Customs%20Clearance%20Officer&tn=refund,0,scam_fake_merchant,0,0,0,0,synthetic-v1
upi://pay?pa=paytmqr6696651419@paytm&pn=Janata%20Hardware&mc=5812&tn=Payment,0,legit_merchant_static,1,0,0,0,synthetic-v1
upi://pay?pa=rohitshetty631@ibl&pn=Prakash%20Nair,0,legit_p2p,0,0,0,0,synthetic-v1
upi://pay?pa=9626335666@hdfcbank&pn=Manoj%20Verma&am=35000&tn=wedding,0,legit_family_large,0,0,0,0,synthetic-v1
upi://pay?pa=paytmqr1599238713@paytm&pn=Om%20Sai%20Kirana&mc=4121&tn=Payment,0,legit_merchant_static,0,0,0,0,synthetic-v1
upi://pay?pa=cf.balaji900@axisbank&pn=Sharma%20General%20Store&am=5697&mc=5912&tr=ORD956140219&tn=Order%20payment,0,legit_merchant_dynamic,0,0,0,0,synthetic-v1
upi://pay?pa=6984163595@axisbank&pn=Arjun%20Bose&am=73000&tn=house%20deposit,0,legit_family_large,0,0,0,0,synthetic-v1
upi://pay?pa=ravi31@idfcbank&tn=rent,0,legit_p2p,0,0,0,0,synthetic-v1
upi://pay?pa=varundas662@barodampay&tn=maid%20salary,0,legit_p2p,0,0,0,0,synthetic-v1
upi://collect?pa=8867819544@dbs&pn=BSF%20Officer%20Vijay&am=13000&tn=security%20deposit,1,scam_olx_army,0,0,0,1,synthetic-v1
upi://pay?pa=paytmqr4280805467@paytm&pn=Raj%20Mobile%20Point&mc=5942&tn=Payment,0,legit_merchant_static,0,0,0,0,synthetic-v1
upi://pay?pa=paytmqr9487977026@paytm&pn=Royal%20Fruits&am=10477&mc=5912&tr=ORD247040032&tn=Bill&sign=MEUCIQ5cYc0b7517daYfb7Xd89,0,legit_merchant_dynamic,0,0,0,0,synthetic-v1
upi://pay?pa=upi40760747@barodampay&pn=Fatima%20Verma&am=39799&tn=Get%20cashback%20now,1,scam_refund_receive,0,0,0,0,synthetic-v1
upi://pay?pa=kiran694155@idfcbank&pn=Bank%20KYC%20Update&am=999.47&tn=PAN%20link%20fee,1,scam_kyc_fee,14,7,0,0,synthetic-v1
upi://pay?pa=acc99794634@axl&pn=Gurpreet%20Reddy&am=17000&tn=urgent,1,scam_quiet,5,2,0,0,synthetic-v1
upi://pay?pa=47106381@paytm&pn=ICICI%20Bank%20Support&tn=details%20http%3A%2F%2Fkyc-430.xyz,1,scam_link_in_note,0,0,0,0,synthetic-v1
upi://pay?pa=6554202699@okicici&pn=Harish%20Sharma&tn=movie,0,legit_p2p,0,0,0,0,synthetic-v1
upi://pay?pa=divya.das@okhdfcbank&pn=Paytm%20KYC%20Team&am=26000.51&tn=Prize%20money%20credit,1,scam_refund_receive,0,0,0,0,synthetic-v1
upi://pay?pa=gurpreet340881@axisbank&pn=Flipkart%20Refund%20Team&pa=acc79529799@barodampay,1,scam_tampered_qr,6,2,0,0,synthetic-v1
upi://pay?pa=cf.royal933@axisbank&pn=Sharma%20General%20Store&am=2643&mc=5912&tr=ORD45183831&tn=Bill,0,legit_merchant_dynamic,0,0,0,0,synthetic-v1
upi://pay?pa=sneha.shetty@okicici&pn=Customs%20Clearance%20Officer&am=6316&tn=visit%20bit.ly%2F21074%20to%20claim,1,scam_link_in_note,15,1,0,0,synthetic-v1
upi://pay?pa=harish78@okaxis&pn=Manoj%20Bose&am=1000,0,legit_p2p,0,0,0,0,synthetic-v1
upi://pay?pa=incometax.refund87@icici&pn=Electricity%20Board%20Officer&tn=refund,1,scam_fake_merchant,0,0,0,0,synthetic-v1
upi://pay?pa=anjali40@timecosmos&pn=Shreya%20Kumar&am=2091.51,0,legit_rare_handle,0,0,0,0,synthetic-v1
upi://pay?pa=paytmqr9863802003@paytm&pn=Metro%20Tailors&am=13246&mc=7230&tr=ORD973064928&tn=Invoice%207223,0,legit_merchant_dynamic,0,0,0,0,synthetic-v1
upi://pay?pa=meera@idfcbank&pn=Fresh%20Fish%20Stall&am=5217,0,legit_small_shop,0,0,1,0,synthetic-v1
upi://mandate?pa=6654687270@kotak&pn=Amazon%20Prime&am=2813&recur=DAILY&tn=cashback%20activation,1,scam_autopay,0,0,0,0,synthetic-v1
upi://collect?pa=60631763@kvb&pn=BSF%20Officer%20Vijay&am=14277.89&tn=Get%20cashback%20now,1,scam_collect,0,0,0,0,synthetic-v1
upi://pay?pa=acc360449@hdfcbank&pn=Fatima%20Khan&am=34849&tn=investment,1,scam_quiet,3,1,0,0,synthetic-v1
upi://pay?pa=6510891562@apl&pn=Paytm%20KYC%20Team&am=36000&tn=Receive%20payment%20from%20buyer,1,scam_refund_receive,0,0,0,0,synthetic-v1
upi://pay?pa=kiran32@icici&pn=Swati%20Bose&am=13000&tn=loan%20return,0,legit_p2p,0,0,0,0,synthetic-v1
upi://pay?pa=paytmqr6117131031@paytm&pn=Raj%20Mobile%20Point&mc=5499,0,legit_merchant_static,0,0,0,0,synthetic-v1
upi://pay?pa=mahalakshmistall@fbl&pn=Mahalakshmi%20Stores&tn=payment,0,legit_small_shop,0,0,0,0,synthetic-v1
upi://pay?pa=7198758992@okaxis&pn=Amazon%20Lucky%20Winner&am=24599.15&tn=GST%20on%20prize,1,scam_prize,0,0,0,0,synthetic-v1
upi://pay?pa=rahulpillai613@apl&pn=Gurpreet%20Shetty&am=1258.29,0,legit_p2p,0,0,0,0,synthetic-v1
upi://pay?pa=8770813457@okhdfcbank&pn=BSF%20Officer%20Vijay&am=13433&tn=advance%20for%20item,1,scam_olx_army,1,0,0,0,synthetic-v1
upi://pay?pa=9867342244@ibl&tn=dinner,0,legit_p2p,0,0,0,1,synthetic-v1
upi://pay?pa=meera.menon@upi&pn=Asha%20Singh&am=14000&tn=hospital%20bill,0,legit_family_large,0,0,0,1,synthetic-v1
upi://pay?pa=7130769516@kotak&pn=Amazon%20Refund%20Desk&am=11000&tn=Prize%20money%20credit,1,scam_refund_receive,7,6,0,0,synthetic-v1
upi://pay?pa=pinelabs.619807@hdfcbank&pn=Sharma%20General%20Store&am=289&mc=5499&tr=ORD828850861&tn=Invoice%202472,0,legit_merchant_dynamic,0,0,0,0,synthetic-v1
upi://collect?pa=joseph.verma@pnb&pn=Army%20Officer%20Rakesh&am=9833&tn=Get%20cashback%20now,1,scam_collect,0,0,0,0,synthetic-v1
upi://pay?pa=pooja.kumar@idfcbank&pn=Deepa%20Patel&am=486,0,legit_p2p,0,0,0,0,synthetic-v1
upi://pay?pa=8311293384@ibl&pn=Army%20Officer%20Rakesh&am=19462&tn=advance%20for%20item,1,scam_olx_army,2,2,0,0,synthetic-v1
upi://pay?pa=9157019864@pnb&pn=Flipkart%20Refund%20Team&am=9093&tn=security%20deposit,1,scam_impersonation,22,7,0,0,synthetic-v1
upi://pay?pa=bharatpe.10312049@fbpe&pn=Blue%20Star%20Salon&mc=5732,0,legit_merchant_static,0,0,0,0,synthetic-v1
upi://pay?pa=swati.khan@sbi&pn=Manoj%20Bose&am=1533&tn=groceries,0,legit_p2p,0,0,0,0,synthetic-v1
upi://pay?pa=8348496651@idfcbank&pn=Suresh%20Patel&am=41000&tn=please%20send%20fast,1,scam_quiet,0,0,0,0,synthetic-v1
upi://pay?pa=pooja.nair@okicici&pn=Asha%20Iyer&am=27000.04&tn=college%20fees,0,legit_family_large,0,0,0,0,synthetic-v1
upi://pay?pa=arjun53@yesbank&pn=Farhan%20Kumar&am=21000.33&tn=cab%20share,0,legit_p2p,1,0,1,0,synthetic-v1
upi://pay?pa=6383984793@apl,0,legit_small_shop,0,0,0,0,synthetic-v1
upi://pay?pa=gurudwara.seva@pnb&pn=Akshaya%20Patra&mc=8398,0,legit_temple,0,0,0,0,synthetic-v1
upi://pay?pa=paytmqr8056603950@paytm&pn=Janata%20Hardware&am=12755.28&mc=5732&tr=ORD753185451&tn=Order%20payment,0,legit_merchant_dynamic,0,0,0,0,synthetic-v1
upi://pay?pa=vikramkhan958@pnb&pn=Rahul%20Mishra&am=68000&tn=house%20deposit,0,legit_family_large,0,0,0,0,synthetic-v1
upi://pay?pa=swatipatel520@paytm&pn=Lakshmi%20Mishra&tn=maid%20salary,0,legit_p2p,3,1,2,0,synthetic-v1
upi://pay?pa=sbi.kyc.update38@okicici&pn=Govt%20Subsidy%20Office,1,scam_fake_merchant,0,0,0,0,synthetic-v1
upi://pay?pa=6818218057@icici&pn=Electricity%20Board%20Officer&am=41099&tn=Claim%20your%20reward,0,scam_refund_receive,8,8,0,0,synthetic-v1
upi://pay?pa=lakshmi520698@hdfcbank&pn=Sneha%20Menon&am=21000&tn=please%20send%20fast,1,scam_quiet,0,0,0,0,synthetic-v1
upi://pay?pa=6373995698@okhdfcbank&am=1000&tn=petrol,0,legit_p2p,0,0,0,0,synthetic-v1
upi://pay?pa=8146339119@ibl&pn=Varun%20Khan&tn=groceries,0,legit_p2p,1,0,1,0,synthetic-v1
upi://pay?pa=paytmqr5706478083@paytm&pn=Anand%20Sweets&mc=4121&tn=Payment,0,legit_merchant_static,0,0,0,0,synthetic-v1
upi://pay?pa=6313619672@hdfcbank&pn=Mary%20Patel&tn=cab%20share,0,legit_p2p,0,0,0,0,synthetic-v1
upi://pay?pa=9774105794@fbl&pn=Govt%20Subsidy%20Office&am=22741,1,scam_impersonation,0,0,0,0,synthetic-v1
upi://pay?pa=harish.reddy@upi&pn=SBI%20Refund%20Dept&am=12938&tn=security%20deposit,1,scam_impersonation,4,1,0,0,synthetic-v1
upi://pay?pa=rahul47@sbi&pn=Swati%20Kumar&am=33000,1,scam_quiet,5,1,0,0,synthetic-v1
upi://pay?pa=asha93@apl&pn=Shreya%20Joshi&tn=trip%20share,0,legit_p2p,0,0,0,0,synthetic-v1
upi://pay?pa=9581189827@kotak&pn=RBI%20Grievance%20Cell&tn=processing%20fee,1,scam_impersonation,12,6,0,0,synthetic-v1
upi://pay?pa=ayesha.reddy@oksbi&pn=Manoj%20Singh&am=1036&tn=loan%20return,0,legit_p2p,0,0,0,0,synthetic-v1
upi://pay?pa=arungowda724@sbi&pn=Meera%20Bose&tn=chai,0,legit_p2p,0,0,0,0,synthetic-v1
upi://pay?pa=cf.janata743@axisbank&pn=Royal%20Fruits&am=18931&mc=7538&tr=ORD716727823&tn=Order%20payment&sign=MEUCIQ1Yd5Z74fa9cdYY0bf3ZX,0,legit_merchant_dynamic,0,0,0,0,synthetic-v1
upi://pay?pa=pay79852447@kvb&pn=RBI%20Grievance%20Cell&tn=security%20deposit,1,scam_impersonation,6,1,0,1,synthetic-v1
upi://pay?pa=fatima666@fbl&pn=Mahalakshmi%20Stores,0,legit_small_shop,0,0,0,0,synthetic-v1
upi://mandate?pa=7695484080@sbi&pn=Netflix&am=1799&recur=DAILY&tn=subscription,1,scam_autopay,0,0,0,0,synthetic-v1
upi://pay?pa=joseph.gupta@oksbi&pn=Asha%20Nair&am=2000&tn=help,1,scam_quiet,7,3,0,0,synthetic-v1
upi://mandate?pa=6773291264@axisbank&pn=Jio%20Recharge&am=5499&recur=MONTHLY&tn=verify%20account,1,scam_autopay,26,15,0,0,synthetic-v1
upi://pay?pa=user9499545@pnb&pn=Divya%20Verma&am=20365&tn=Get%20cashback%20now,1,scam_refund_receive,0,0,0,1,synthetic-v1
upi://pay?pa=upi9267353@icici&pn=Rohit%20Bose&am=43999&tn=Refund%20of%20Rs%2043999,1,scam_refund_receive,2,1,0,0,synthetic-v1
upi://pay?pa=cf.om87@axisbank&pn=Om%20Sai%20Kirana&am=11323&mc=5331&tr=ORD112903742,0,legit_merchant_dynamic,0,0,0,0,synthetic-v1
upi://pay?pn=Shop&x=upi64708864@upi&pn=Anand%20Sweets,1,scam_tampered_qr,0,0,0,0,synthetic-v1
upi://pay?pa=om114@fbl&pn=Om%20Paan%20Shop&am=200&tn=order,0,legit_small_shop,0,0,0,0,synthetic-v1
upi://pay?pa=akshayapatra@axisbank&pn=Gurudwara%20Seva,0,legit_temple,0,0,0,0,synthetic-v1
upi://pay?pa=55933941@okaxis&pn=Army%20Officer%20Rakesh&am=16260&tn=security%20deposit,1,scam_olx_army,13,8,0,0,synthetic-v1
upi://pay?pa=8847216695@idfcbank&pn=Vikram%20Rao&am=18282&tn=wedding,0,legit_family_large,0,0,0,0,synthetic-v1
upi://pay?pa=paytmqr4689167194@paytm&pn=Anand%20Sweets&mc=4121&tn=Payment,0,legit_merchant_static,0,0,0,0,synthetic-v1
upi://pay?pa=9706636278@axl&pn=Flipkart%20Refund%20Team&am=21172&tn=pending%20bill,1,scam_impersonation,6,3,0,0,synthetic-v1
upi://pay?pa=varunrao972@ybl&pn=Swati%20Pillai&am=59339.29&tn=college%20fees,0,legit_family_large,0,0,0,0,synthetic-v1
upi://pay?pa=pinelabs.188834@hdfcbank&pn=Raj%20Mobile%20Point&am=11800.41&mc=5311&tr=ORD103842162&tn=Order%20payment,0,legit_merchant_dynamic,0,0,0,0,synthetic-v1
upi://pay?pa=bharatpe.37872795@fbpe&pn=Raj%20Mobile%20Point&mc=5411,0,legit_merchant_static,0,0,0,0,synthetic-v1
upi://pay?pa=sunitakumar57@yesbank&pn=Pooja%20Naik&am=2097&tn=chai,0,legit_p2p,0,0,1,0,synthetic-v1
upi://pay?pa=8404149735@kotak&pn=Amazon%20Refund%20Desk&am=22000&tn=Scan%20to%20receive%20your%20refund,1,scam_refund_receive,0,0,0,0,synthetic-v1
upi://pay?pa=6250714774@axl&pn=Anjali%20Kumar&am=42000&tn=car%20emi,0,legit_family_large,0,0,0,0,synthetic-v1
upi://pay?pa=janatastore65@okaxis&pn=Royal%20Fruits,0,legit_merchant_static,0,0,0,0,synthetic-v1
upi://pay?pa=9497526046@yesbank&pn=Paytm%20KYC%20Team&am=2385&tn=Re-activation%20charges,1,scam_kyc_fee,0,0,0,0,synthetic-v1
upi://autopay?pa=13609651@rbl&pn=Electricity%20Board&am=4056.22&recur=WEEKLY&tn=subscription,1,scam_autopay,11,5,0,0,synthetic-v1
upi://pay?pa=suresh.sharma@axl&pn=Farhan%20Mishra&am=59000&tn=college%20fees,0,legit_family_large,0,0,0,0,synthetic-v1
upi://pay?pa=6988742152@axisbank&pn=Jio%20Prize%20Department&am=11099&tn=GST%20on%20prize,1,scam_prize,3,3,0,0,synthetic-v1
upi://pay?pa=hdfc.care@paytm&pn=RBI%20Grievance%20Cell&mc=0000&am=2905,1,scam_fake_merchant,0,0,0,0,synthetic-v1
upi://pay?pa=arjun.shetty@okaxis&pn=Amazon%20Lucky%20Winner&am=18899&tn=GST%20on%20prize,1,scam_prize,6,6,0,0,synthetic-v1
upi://pay?pa=anil303541@hdfcbank&pn=Govt%20Subsidy%20Office&am=47899&tn=Claim%20your%20reward,1,scam_refund_receive,4,1,0,0,synthetic-v1
upi://pay?pa=user90611133@kotak&pn=SBI%20Refund%20Dept&am=8232&tn=verification,1,scam_impersonation,0,0,0,0,synthetic-v1
upi://pay?pa=anjali.shetty@paytm&pn=Vikram%20Singh&am=2000&tn=movie,0,legit_p2p,0,0,0,0,synthetic-v1
upi://pay?pa=9605571603@axisbank&pn=Sunita%20Reddy&am=1498&tn=task%20payment,1,scam_quiet,1,1,0,0,synthetic-v1
upi://pay?pa=user61337433@ibl&pn=HDFC%20Customer%20Care&am=8201,1,scam_impersonation,2,2,0,0,synthetic-v1
upi://pay?pa=7796478358@axl&pn=Flipkart%20Refund%20Team&am=15299.42&tn=Enter%20PIN%20to%20receive%20money,1,scam_refund_receive,0,0,0,0,synthetic-v1
upi://pay?pa=paytmqr2487891443@paytm&pn=City%20Bakery&mc=7538,0,legit_merchant_static,0,0,0,0,synthetic-v1
upi://pay?pa=ganesh592@barodampay&pn=Ganesh%20Tea%20Stall&am=3288&tn=payment,0,legit_small_shop,0,0,0,0,synthetic-v1
upi://pay?pa=8896421045@paytm&pn=Anna%20Idli%20Stall&am=300&tn=bill,0,legit_small_shop,0,0,0,0,synthetic-v1
upi://pay?pa=6170005574@sbi&pn=SBI%20Refund%20Dept&am=32199&tn=Scan%20to%20receive%20your%20refund,1,scam_refund_receive,4,1,0,0,synthetic-v1
upi://pay?pa=7456628999@upi&pn=Police%20Cyber%20Cell&am=19109&tn=verification,1,scam_impersonation,0,0,0,0,synthetic-v1
upi://pay?pa=80489914@rbl&pn=Farhan%20Naik&am=879&tn=Account%20unblock%20fee,1,scam_kyc_fee,0,0,0,0,synthetic-v1
upi://pay?pa=bharatpe.17910267@fbpe&pn=Raj%20Mobile%20Point&mc=5812&tn=Payment,0,legit_merchant_static,0,0,0,0,synthetic-v1
upi://pay?pa=gurudwara.seva@pnb&pn=ISKCON%20Temple&am=1195,0,legit_temple,0,0,0,0,synthetic-v1
upi://pay?pa=razorpay.1988122@icici&pn=Om%20Sai%20Kirana&am=14291&mc=5814&tr=ORD212919940&tn=Invoice%203302,1,legit_merchant_dynamic,0,0,0,0,synthetic-v1
upi://pay?pa=pinelabs.123159@hdfcbank&pn=Blue%20Star%20Salon&am=2288&mc=5912&tr=ORD483119761,0,legit_merchant_dynamic,0,0,0,0,synthetic-v1
upi://pay?pa=phonepe.cashback@kotak&pn=Income%20Tax%20Department&tn=offer,1,scam_fake_merchant,15,6,0,0,synthetic-v1
upi://pay?pa=paytmqr3231181006@paytm&pn=City%20Bakery&am=4880&mc=5912&tr=ORD854278498&tn=Invoice%201887&sign=MEUCIQc4Yac5100Y8dYc86X41f,0,legit_merchant_dynamic,0,0,0,0,synthetic-v1
upi://pay?pa=nikhil.pillai@apl&pn=Harish%20Pillai&am=1036.06&tn=tuition,0,legit_p2p,0,0,0,0,synthetic-v1
upi://pay?pa=npci.support87@dlb&pn=RBI%20Grievance%20Cell&am=4099&tn=refund,1,scam_fake_merchant,0,0,0,0,synthetic-v1
upi://pay?pa=maryjoshi902@upi&pn=Harish%20Mishra&am=55871&tn=car%20emi,0,legit_family_large,1,1,2,0,synthetic-v1
upi://pay?pa=7852731651@hdfcbank&pn=Customs%20Clearance%20Officer&am=43795.14&tn=Refund%20processing%20-%20scan%20to%20get,1,scam_refund_receive,0,0,0,0,synthetic-v1
upi://pay?pa=user19488228@yesbank&pn=Bank%20KYC%20Update&am=1906&tn=Account%20unblock%20fee,1,scam_kyc_fee,10,4,0,0,synthetic-v1
upi://pay?pa=6932297257@paytm&pn=Anjali%20Menon&am=22000&tn=trading%20profit,1,scam_quiet,3,1,0,0,synthetic-v1
upi://pay?pa=paytm.kyc@okicici&pn=Paytm%20KYC%20Team&tn=offer,1,scam_fake_merchant,0,0,0,1,synthetic-v1
upi://pay?pa=q855776976@ybl&pn=Sharma%20General%20Store&mc=5411&tn=Payment,0,legit_merchant_static,0,0,0,0,synthetic-v1
upi://pay?pa=6115615523@paytm&pn=Police%20Cyber%20Cell&am=21000&tn=Get%20cashback%20now,1,scam_refund_receive,0,0,0,0,synthetic-v1
upi://pay?pn=Shop&x=9754338472@axl&pn=City%20Bakery,1,scam_tampered_qr,8,6,0,0,synthetic-v1
upi://pay?pa=sanjaypatel44@fbl&pn=Prakash%20Gowda,0,legit_p2p,0,0,0,0,synthetic-v1
upi://pay?pa=razorpay.7407264@icici&pn=Hotel%20Annapoorna&am=7359&mc=5311&tr=ORD248150878&tn=Invoice%206365,0,legit_merchant_dynamic,0,0,0,0,synthetic-v1
upi://pay?pa=6506684756@kotak&pn=Army%20Officer%20Rakesh&am=20449&tn=advance%20for%20item,1,scam_olx_army,0,0,0,0,synthetic-v1
upi://pay?pa=paytmqr8759020849@paytm&pn=Anand%20Sweets&mc=5812&tn=Payment,0,legit_merchant_static,0,0,0,0,synthetic-v1
upi://pay?pa=razorpay.1931045@icici&pn=Janata%20Hardware&am=18082&mc=7230&tr=ORD245483592&sign=MEUCIQ2262X436c33333YYde5Z,0,legit_merchant_dynamic,0,0,0,0,synthetic-v1
upi://pay?pa=meera727642@ybl&pn=Indian%20Army%20Canteen&am=14000.87&tn=army%20canteen,1,scam_olx_army,5,1,0,0,synthetic-v1
upi://pay?pa=nikhil736357@oksbi&pn=Amazon%20Lucky%20Winner&am=7467&tn=winner%20registration,1,scam_prize,0,0,0,0,synthetic-v1
upi://pay?pa=upi65206221@@ybl&pn=Raj%20Mobile%20Point&am=5977,1,scam_tampered_qr,0,0,0,0,synthetic-v1
upi://pay?pa=anjali.nair@ybl&pn=Mary%20Shetty&am=34039.93&tn=help,1,scam_quiet,0,0,0,0,synthetic-v1
upi://pay?pa=razorpay.3577633@icici&pn=Blue%20Star%20Salon&am=15468&mc=4121&tr=ORD499992968&tn=Bill,0,legit_merchant_dynamic,0,0,0,0,synthetic-v1
upi://pay?pa=razorpay.6574458@icici&pn=Fresh%20Mart&am=536&mc=5499&tr=ORD992960929&tn=Bill,0,legit_merchant_dynamic,0,0,0,0,synthetic-v1
upi://pay?pa=6473017660@hdfcbank&pn=Sunita%20Verma&am=18000&tn=trading%20profit,1,scam_quiet,7,5,0,0,synthetic-v1
upi://pay?pa=q613997185@ybl&pn=Fresh%20Mart&mc=5814,0,legit_merchant_static,0,0,0,0,synthetic-v1
upi://pay?pa=ayesha@barodampay&pn=Mahalakshmi%20Stores&tn=bill,0,legit_small_shop,0,0,0,0,synthetic-v1
upi://pay?pa=snehamenon360@oksbi&am=764.06&tn=electricity%20share,0,legit_p2p,0,0,0,0,synthetic-v1
upi://pay?pa=user56626278@okhdfcbank&pn=PhonePe%20Cashback&am=18799&tn=pending%20bill,1,scam_impersonation,0,0,0,0,synthetic-v1
upi://pay?pa=divya344054@paytm&pn=Police%20Cyber%20Cell&tn=verification,1,scam_impersonation,0,0,0,0,synthetic-v1
upi://pay?pa=sneha.das@hdfcbank&pn=Meera%20Shetty&am=4891&tn=maid%20salary,0,legit_p2p,0,0,0,0,synthetic-v1
upi://pay?pa=7806288202@ybl&pn=Anna%20Idli%20Stall,0,legit_small_shop,1,0,3,0,synthetic-v1
upi://pay?pa=paytmqr3571502006@paytm&pn=Fresh%20Mart&mc=5814,0,legit_merchant_static,1,0,1,0,synthetic-v1
upi://pay?pa=asha599855@dbs&pn=Govt%20Subsidy%20Office&am=15937,1,scam_impersonation,0,0,0,0,synthetic-v1
upi://pay?pa=irctc.pay@hdfcbank&pn=Indian%20Railways%20IRCTC&am=12089&mc=4900&tr=TXN3906406077&tn=Property%20tax,0,legit_biller,0,0,0,0,synthetic-v1
upi://pay?pa=anil.reddy@pnb&am=19155&tn=urgent,1,scam_quiet,7,3,0,0,synthetic-v1
upi://pay?pa=paytmqr4318602554@paytm&pn=Sharma%20General%20Store&mc=5331&tn=Payment,0,legit_merchant_static,0,0,0,0,synthetic-v1
upi://pay?pa=8677495748@okaxis&pn=PhonePe%20Cashback&tn=whatsapp%208869314042,1,scam_link_in_note,18,6,0,0,synthetic-v1
upi://pay?pa=cf.blue423@axisbank&pn=Raj%20Mobile%20Point&am=8249&mc=5311&tr=ORD66388981&tn=Invoice%208886,0,legit_merchant_dynamic,0,0,0,0,synthetic-v1
upi://pay?pa=upi64959933@hdfcbank&pn=Bank%20KYC%20Update&am=2799&tn=Account%20unblock%20fee,1,scam_kyc_fee,4,3,0,0,synthetic-v1
upi://pay?pa=paytmqr5964354725@paytm&pn=Green%20Leaf%20Veg&mc=7230&tn=Payment,0,legit_merchant_static,3,0,0,0,synthetic-v1
upi://pay?pa=9747391431@paytm&pn=Police%20Cyber%20Cell&am=41799&tn=Prize%20money%20credit,1,scam_refund_receive,0,0,0,0,synthetic-v1
upi://pay?pa=mary.sharma@upi&pn=Ayesha%20Singh&tn=trip%20share,0,legit_p2p,1,0,3,0,synthetic-v1
upi://pay?pa=nehaverma35@idfcbank&am=1000&tn=fees,0,legit_p2p,0,0,0,0,synthetic-v1
upi://autopay?pa=7996902288@ybl&pn=Amazon%20Prime&am=5299&recur=WEEKLY&tn=subscription,1,scam_autopay,0,0,0,0,synthetic-v1
upi://pay?pa=q810987430@ybl&pn=Kumar%20Auto%20Works&mc=7538&tn=Payment,0,legit_merchant_static,0,0,0,0,synthetic-v1
upi://pay?pa=vikram.gowda@upi&pn=Sanjay%20Verma&am=26000&tn=car%20emi,0,legit_family_large,0,0,0,1,synthetic-v1
upi://pay?pa=7976593036@kotak&pn=Vikram%20Pillai&tn=rent,0,legit_p2p,0,0,0,0,synthetic-v1
upi://mandate?pa=pay97677280@dbs&pn=Jio%20Recharge&am=7999&recur=WEEKLY&tn=subscription,1,scam_autopay,26,25,0,0,synthetic-v1
"upi://pay?pa=fatima243089@axisbank&pn=Amazon%20Refund%20Desk&am=1,00,000",1,scam_tampered_qr,0,0,0,0,synthetic-v1
upi://pay?pa=acc3118505@ybl&pn=Amazon%20Refund%20Desk&tn=security%20deposit,1,scam_impersonation,0,0,0,0,synthetic-v1
upi://pay?pa=7543962205@kotak&pn=Govt%20Subsidy%20Office&am=20000&tn=Refund%20of%20Rs%2020000,1,scam_refund_receive,10,4,0,1,synthetic-v1
upi://pay?pa=pooja68@sbi&pn=Asha%20Gowda&am=33274.62&tn=loan%20return,0,legit_p2p,0,0,0,0,synthetic-v1
upi://pay?pa=pay76102204@axisbank&pn=Police%20Cyber%20Cell&am=20299&tn=case%20closure,1,scam_impersonation,0,0,0,0,synthetic-v1
upi://pay?pa=neha.patel@idfcbank&pn=Shreya%20Nair&am=4946&tn=rent,0,legit_p2p,0,0,0,0,synthetic-v1
upi://pay?pa=gpay.reward43@dbs&pn=RBI%20Grievance%20Cell&mc=0000&am=6299&tn=offer,1,scam_fake_merchant,0,0,0,0,synthetic-v1
upi://pay?pa=bharatpe.46152389@fbpe&pn=Blue%20Star%20Salon&mc=5814,0,legit_merchant_static,0,0,0,0,synthetic-v1
upi://pay?pa=9833321487@pnb&pn=Amazon%20Refund%20Desk&am=25000&tn=Enter%20PIN%20to%20receive%20money,1,scam_refund_receive,1,1,1,0,synthetic-v1
upi://pay?pa=divya.shetty@barodampay&pn=Suresh%20Singh&am=2002&tn=KYC%20update%20charge,1,scam_kyc_fee,2,2,0,0,synthetic-v1
upi://pay?pa=bharatpe.19244678@fbpe&pn=Blue%20Star%20Salon&mc=5942,0,legit_merchant_static,0,0,0,0,synthetic-v1
upi://pay?pa=bbmp.propertytax@sbi&pn=BBMP%20Property%20Tax&am=8049&mc=4900&tr=TXN2495106567&tn=Consumer%20no%208502833,0,legit_biller,0,0,0,0,synthetic-v1
upi://pay?pa=94164001@ybl&pn=PhonePe%20Cashback&am=43000&tn=Enter%20PIN%20to%20receive%20money,1,scam_refund_receive,2,1,0,0,synthetic-v1
upi://pay?pa=prakashsingh438@axl&pn=Lakshmi%20Singh&am=21000.08&tn=college%20fees,0,legit_family_large,0,0,0,0,synthetic-v1
upi://pay?pa=6186073647@idfcbank&pn=Kavya%20Gowda&am=1507.04&tn=loan%20return,0,legit_p2p,0,0,0,0,synthetic-v1
upi://pay?pa=6636520904@okicici&pn=Sanjay%20Pillai&am=16000&tn=house%20deposit,0,legit_family_large,0,0,0,0,synthetic-v1
upi://pay?pa=priyagupta403@icici&pn=Meera%20Das&am=1000&tn=birthday%20gift,0,legit_p2p,0,0,1,0,synthetic-v1
upi://pay?pa=9600122882@icici&pn=Swati%20Khan&am=1008&tn=fees,0,legit_p2p,0,0,0,0,synthetic-v1
upi://pay?pa=mary90@kvb&pn=Kiran%20Reddy&am=2083,0,legit_rare_handle,0,0,0,0,synthetic-v1
upi://pay?pa=7850575482@pnb&pn=Paytm%20KYC%20Team&am=6591&tn=visit%20bit.ly%2F66792%20to%20claim,1,scam_link_in_note,0,0,0,0,synthetic-v1
upi://pay?pa=lakshmi.gupta@apl&pn=Amazon%20Refund%20Desk&am=4322&tn=pending%20bill,1,scam_impersonation,15,10,0,0,synthetic-v1
upi://pay?pa=lic.premium@axisbank&pn=LIC%20Premium&am=2945&mc=9311&tr=TXN3120675099&tn=Bill%20payment,0,legit_biller,0,0,0,0,synthetic-v1
upi://pay?pa=6157330752@paytm&pn=ICICI%20Bank%20Support&am=22599,1,scam_impersonation,1,0,0,0,synthetic-v1
upi://pay?pa=swatijoshi143@ibl&pn=Kiran%20Patel&am=1340&tn=birthday%20gift,0,legit_p2p,0,0,0,0,synthetic-v1
upi://pay?pa=ravipatel293@upi&pn=Mary%20Nair&am=939.32,0,legit_p2p,0,0,0,0,synthetic-v1
upi://pay?pa=harish475297@fbl&pn=Amazon%20Lucky%20Winner&am=9009&tn=winner%20registration,1,scam_prize,2,2,0,0,synthetic-v1
upi://collect?pa=8143915678@paytm&pn=HDFC%20Customer%20Care&am=18048&tn=Scan%20to%20receive%20your%20refund,1,scam_collect,3,1,0,0,synthetic-v1
upi://pay?pa=sharmashop48@okaxis&pn=Hotel%20Annapoorna&mc=5942,0,legit_merchant_static,0,0,0,0,synthetic-v1
upi://pay?pa=9121004371@dlb&pn=Ravi%20Joshi,0,legit_rare_handle,0,0,0,0,synthetic-v1
upi://pay?pa=kavya.pillai@ibl&pn=Rohit%20Shetty&am=2000.31&tn=cab%20share,0,legit_p2p,0,0,0,0,synthetic-v1
upi://pay?pa=pay14304339@apl&pn=Bank%20KYC%20Update&am=1254&tn=PAN%20link%20fee,1,scam_kyc_fee,9,6,0,0,synthetic-v1
upi://pay?pa=metrostore@upi&pn=Metro%20Chaat&am=5000,0,legit_small_shop,0,0,0,0,synthetic-v1
upi://pay?pa=paytmqr9862875386@paytm&pn=Sharma%20General%20Store&am=1935&mc=4121&tr=ORD890173528&tn=Bill,0,legit_merchant_dynamic,0,0,0,0,synthetic-v1
upi://pay?pa=9516330947@fbl&pn=Govt%20Subsidy%20Office&am=17246&tn=security%20deposit,1,scam_impersonation,0,0,0,0,synthetic-v1
upi://pay?pa=divya170067@dbs&pn=Police%20Cyber%20Cell&am=15699&tn=security%20deposit,1,scam_impersonation,0,0,0,0,synthetic-v1
upi://pay?pa=9532997406@okhdfcbank&pn=Arun%20Pillai&am=43000&tn=urgent,1,scam_quiet,7,4,0,0,synthetic-v1
upi://pay?pa=incometax.refund36@hdfcbank&pn=Flipkart%20Refund%20Team&tn=refund,1,scam_fake_merchant,0,0,0,0,synthetic-v1
upi://pay?pa=bharatpe.16508981@fbpe&pn=Fresh%20Mart&mc=5311&tn=Payment,0,legit_merchant_static,0,0,0,0,synthetic-v1
upi://pya?pa=9765686434@okaxis&pn=Metro%20Tailors,1,scam_tampered_qr,0,0,0,0,synthetic-v1
upi://pay?pa=lakshmi.shetty@sbi&pn=Bank%20KYC%20Update&am=1953.14&tn=Account%20unblock%20fee,1,scam_kyc_fee,0,0,0,0,synthetic-v1
upi://pay?pa=paytmqr7268191421@paytm&pn=City%20Bakery&mc=5732,0,legit_merchant_static,0,0,0,0,synthetic-v1
upi://pay?pa=suresh.verma@axl&pn=Income%20Tax%20Department&am=15596&tn=pending%20bill,1,scam_impersonation,0,0,0,0,synthetic-v1
upi://pay?pa=metrostore88@okaxis&pn=Sri%20Lakshmi%20Medicals&mc=4121,0,legit_merchant_static,0,0,0,0,synthetic-v1
upi://pay?pa=manoj114@icici&pn=Balaji%20Stores&tn=order,0,legit_small_shop,0,0,0,0,synthetic-v1
upi://collect?pa=anil.joshi@axl&pn=Fatima%20Menon&am=11536&tn=Receive%20payment%20from%20buyer,1,scam_collect,0,0,0,0,synthetic-v1
upi://pay?pa=rohit.naik@sbi&pn=Customs%20Clearance%20Officer&am=8731&tn=check%20www.refund-status.online,1,scam_link_in_note,0,0,0,0,synthetic-v1
upi://pay?pa=divya.iyer@yesbank&pn=Police%20Cyber%20Cell&tn=verification,1,scam_impersonation,17,14,0,0,synthetic-v1
upi://pay?pa=bescom.billdesk@hdfcbank&pn=BESCOM%20Bill%20Payment&am=6566&mc=9311&tr=TXN4560402632&tn=Property%20tax,0,legit_biller,0,0,0,0,synthetic-v1
upi://pay?pa=user36615503@axl&pn=Police%20Cyber%20Cell&am=38699&tn=Get%20cashback%20now,1,scam_refund_receive,0,0,0,0,synthetic-v1
upi://pay?pa=varun96@fbl&pn=Priya%20Menon&am=715&tn=maid%20salary,0,legit_p2p,0,0,0,0,synthetic-v1
upi://pay?pa=vikram78@fbl&pn=Arjun%20Mishra&tn=groceries,0,legit_p2p,0,0,0,0,synthetic-v1
upi://collect?pa=pay17823261@okaxis&pn=RBI%20Grievance%20Cell&am=18935&tn=Enter%20PIN%20to%20receive%20money,1,scam_collect,1,1,0,0,synthetic-v1
upi://pay?pa=divya.reddy@ibl&pn=Fatima%20Pillai&am=39000&tn=urgent,1,scam_quiet,4,4,0,0,synthetic-v1
upi://pay?pa=7897480051@ybl&pn=Flipkart%20Refund%20Team&tn=verification,1,scam_impersonation,10,10,0,0,synthetic-v1
upi://pay?pa=7952349912@dbs&pn=ICICI%20Bank%20Support&tn=visit%20bit.ly%2F9081%20to%20claim,1,scam_link_in_note,0,0,0,0,synthetic-v1
upi://pay?pa=anandshop43@okaxis&pn=Hotel%20Annapoorna&mc=5912&tn=Payment,0,legit_merchant_static,0,0,0,0,synthetic-v1
upi://pay?pa=pinelabs.654055@hdfcbank&pn=Raj%20Mobile%20Point&am=14052.74&mc=4121&tr=ORD153868809&tn=Bill,0,legit_merchant_dynamic,0,0,0,0,synthetic-v1
upi://pay?pa=acc59280304@dbs&pn=BSF%20Officer%20Vijay&am=19000&tn=security%20deposit,0,scam_olx_army,4,1,0,0,synthetic-v1
upi://pay?pa=9891794875@ybl&pn=Paytm%20KYC%20Team&am=1565.44&tn=Account%20unblock%20fee,0,scam_kyc_fee,0,0,0,0,synthetic-v1
upi://pay?pa=swati.gupta@axisbank&pn=Paytm%20KYC%20Team&am=49199&tn=Refund%20of%20Rs%2049199,1,scam_refund_receive,9,1,0,0,synthetic-v1
upi://pay?pa=6741374794@barodampay&pn=Flipkart%20Refund%20Team&am=16499&tn=Scan%20to%20receive%20your%20refund,1,scam_refund_receive,4,2,0,0,synthetic-v1
upi://pay?pa=mary.pillai@idfcbank&tn=electricity%20share,0,legit_p2p,0,0,0,0,synthetic-v1
upi://pay?pa=nikhil23@barodampay&pn=Asha%20Shetty&am=1000&tn=fees,0,legit_p2p,0,0,0,0,synthetic-v1
upi://pay?pa=6506228722@pnb&pn=Flipkart%20Refund%20Team&am=32250&tn=Claim%20your%20reward,1,scam_refund_receive,0,0,0,0,synthetic-v1
upi://pay?pa=sunita.kumar@okhdfcbank&pn=Sneha%20Joshi,0,legit_p2p,0,0,0,0,synthetic-v1
upi://pay?pa=farhan603@idfcbank&pn=Mahalakshmi%20Stores&am=5703&tn=payment,0,legit_small_shop,0,0,0,0,synthetic-v1
upi://pay?pa=deepa.menon@fbl&pn=Suresh%20Khan&tn=rent,0,legit_p2p,0,0,0,0,synthetic-v1
upi://autopay?pa=user25594475@oksbi&pn=Netflix&am=7999&recur=MONTHLY&tn=KYC,1,scam_autopay,0,0,0,0,synthetic-v1
upi://pay?pa=8778026330@yesbank&pn=Balaji%20Stores&tn=bill,0,legit_small_shop,0,0,0,1,synthetic-v1
upi://pay?pa=8318989464@oksbi&pn=Rahul%20Mobile%20Repair,0,legit_small_shop,0,0,0,0,synthetic-v1
upi://pay?pa=bharatpe.34572500@fbpe&pn=Royal%20Fruits&mc=5411&tn=Payment,0,legit_merchant_static,0,0,0,0,synthetic-v1
upi://pay?pa=7282505685@axisbank&pn=Sai%20Vegetables&am=250,0,legit_small_shop,0,0,0,0,synthetic-v1
upi://pay?pa=kavya.bose@idfcbank&pn=KBC%20Lottery%20Winner&am=18109&tn=prize%20claim%20fee,1,scam_prize,9,2,0,0,synthetic-v1
upi://pay?pa=6107986123@dbs&pn=Lakshmi%20Mishra&am=25000&tn=trading%20profit,1,scam_quiet,26,6,0,1,synthetic-v1
upi://pay?pa=paytmqr9534275443@paytm&pn=Sharma%20General%20Store&am=11214&mc=5942&tr=ORD384583065&tn=Invoice%204974,0,legit_merchant_dynamic,0,0,0,0,synthetic-v1
upi://pay?pa=gpay.reward@fbl&pn=Paytm%20KYC%20Team&am=4199,1,scam_fake_merchant,0,0,0,0,synthetic-v1
upi://pay?pa=kiran.khan@sbi&pn=Kiran%20Joshi&am=18000&tn=task%20payment,1,scam_quiet,9,8,0,0,synthetic-v1
upi://pay?pa=anjali.menon@apl&pn=Kiran%20Nair&am=55000.72&tn=house%20deposit,0,legit_family_large,0,0,0,0,synthetic-v1
upi://pay?pa=sneha471251@paytm&pn=Income%20Tax%20Department&am=21299&tn=Enter%20PIN%20to%20receive%20money,1,scam_refund_receive,1,1,0,0,synthetic-v1
upi://pay?pa=asha.naik@okicici&pn=Police%20Cyber%20Cell&am=12799&tn=Claim%20your%20reward,1,scam_refund_receive,0,0,0,0,synthetic-v1
upi://pay?pa=kiran@fbl&pn=Mahalakshmi%20Stores&am=589.20&tn=bill,0,legit_small_shop,0,0,0,0,synthetic-v1
upi://pay?pa=upi2961790@fbl&pn=Govt%20Subsidy%20Office&am=34699.93&tn=Enter%20PIN%20to%20receive%20money,1,scam_refund_receive,7,7,0,0,synthetic-v1
upi://pay?pa=paytmqr9719673710@paytm&pn=City%20Bakery&mc=4121&tn=Payment,0,legit_merchant_static,0,0,0,0,synthetic-v1
upi://pay?pa=suresh99@yesbank&pn=Anil%20Joshi&am=24000&tn=urgent,1,scam_quiet,2,2,0,0,synthetic-v1
upi://pay?pa=6641350514@sbi&am=3740.47&tn=groceries,0,legit_p2p,0,0,0,0,synthetic-v1
upi://pay?pa=janatastore2@okaxis&pn=Kumar%20Auto%20Works&mc=7230,0,legit_merchant_static,0,0,0,0,synthetic-v1
upi://pay?pa=paytmqr2300681169@paytm&pn=Sri%20Lakshmi%20Medicals&mc=5942,0,legit_merchant_static,0,0,0,0,synthetic-v1
upi://pay?pa=arjun.mishra@apl&pn=Mega%20Prize%20Claim&am=19699&tn=GST%20on%20prize,1,scam_prize,0,0,0,0,synthetic-v1
upi://pay?pa=acc11739469@apl&pn=Joseph%20Naik&am=46194.57&tn=hospital,1,scam_quiet,1,1,0,0,synthetic-v1
upi://autopay?pa=pay83097188@rbl&pn=Netflix&am=4499.10&recur=WEEKLY&tn=verify%20account,1,scam_autopay,0,0,0,0,synthetic-v1
upi://pay?pa=6279982426@fbl&pn=SBI%20Refund%20Dept&am=26199&tn=Cashback%20credited%20on%20scan,1,scam_refund_receive,6,2,0,0,synthetic-v1
upi://pay?pa=8503885580@fbl&pn=Police%20Cyber%20Cell&tn=check%20www.refund-status.online,1,scam_link_in_note,0,0,0,1,synthetic-v1
upi://pay?pa=7176923833@sbi&pn=New%20Style%20Tailors&am=5000,0,legit_small_shop,0,0,0,0,synthetic-v1
upi://pay?pa=7370994224@barodampay&pn=Jio%20Prize%20Department&am=6899&tn=GST%20on%20prize,1,scam_prize,9,7,0,0,synthetic-v1
upi://pay?pa=arunpatel454@okaxis&pn=Kavya%20Shetty&am=45000&tn=wedding,0,legit_family_large,0,0,0,0,synthetic-v1
upi://pay?pa=user61474538@hdfcbank&pn=Swati%20Kumar&am=1505&tn=Account%20unblock%20fee,1,scam_kyc_fee,0,0,0,0,synthetic-v1
upi://pay?pa=8897349832@paytm&pn=Income%20Tax%20Department&am=23099&tn=Refund%20of%20Rs%2023099,1,scam_refund_receive,3,3,0,0,synthetic-v1
upi://pay?pa=user83965056@kotak&pn=TRAI%20Helpline&am=753.89&tn=verification,1,scam_impersonation,0,0,0,0,synthetic-v1
upi://pay?pa=npci.support25@idfcbank&pn=Amazon%20Refund%20Desk&mc=0000&am=4233&tn=cashback,1,scam_fake_merchant,7,3,1,0,synthetic-v1
upi://pay?pa=8392109273@okaxis&pn=Ravi%20Shetty&am=52000&tn=college%20fees,0,legit_family_large,0,0,0,0,synthetic-v1
upi://pay?pa=treasury.ker@sbi&pn=Kerala%20Govt%20Treasury&am=8357&mc=9399&tr=TXN6491866061&tn=Bill%20payment,1,legit_biller,0,0,0,0,synthetic-v1
upi://pay?pa=sbi.refund@dlb&pn=Income%20Tax%20Department&tn=cashback,1,scam_fake_merchant,0,0,0,0,synthetic-v1
upi://pay?pa=9246991420@okhdfcbank&pn=Kiran%20Kumar&am=33000.74&tn=urgent,1,scam_quiet,3,1,0,0,synthetic-v1
upi://pay?pa=6758732800@ibl&pn=Amazon%20Refund%20Desk&am=14199.04&tn=Prize%20money%20credit,1,scam_refund_receive,2,2,0,0,synthetic-v1
upi://pay?pa=paytmqr9935256792@paytm&pn=Sharma%20General%20Store,0,legit_merchant_static,0,0,0,0,synthetic-v1
upi://pay?pa=sanjay.mishra@idfcbank&pn=KBC%20Lottery%20Winner&am=2199&tn=lottery%20processing,1,scam_prize,0,0,0,0,synthetic-v1
upi://pay?pa=mary44@oksbi&pn=Mary%20Shetty&tn=loan%20return,0,legit_p2p,1,1,3,0,synthetic-v1
upi://pya?pa=mary157133@kvb&pn=HDFC%20Customer%20Care&am=8233.19,1,scam_tampered_qr,2,1,0,1,synthetic-v1
upi://pay?pa=manoj.das@hdfcbank&pn=Kavya%20Rao&am=8000&tn=petrol,0,legit_p2p,0,0,0,0,synthetic-v1
upi://pay?pa=paytmqr5030535030@paytm&pn=Om%20Sai%20Kirana&mc=5732&tn=Payment,0,legit_merchant_static,0,0,0,0,synthetic-v1
upi://pay?pa=53787006@icici&pn=Amazon%20Lucky%20Winner&am=8099&tn=tax%20on%20winning,1,scam_prize,0,0,0,0,synthetic-v1
upi://pay?pa=8943846776@apl&am=5000,0,legit_small_shop,0,0,0,0,synthetic-v1
upi://pay?pa=rahul.naik@hdfcbank&pn=Kiran%20Khan&tn=movie,0,legit_p2p,0,0,0,0,synthetic-v1
upi://pay?pa=q443992704@ybl&pn=Kumar%20Auto%20Works&mc=5411&tn=Payment,0,legit_merchant_static,0,0,0,0,synthetic-v1
upi://pay?pa=9320107698@fbl&pn=Flipkart%20Refund%20Team,1,scam_impersonation,0,0,0,0,synthetic-v1
upi://pya?pa=rohit597264@kotak&pn=Amazon%20Refund%20Desk&am=3252.56,1,scam_tampered_qr,0,0,0,0,synthetic-v1
upi://pay?pa=bescom.billdesk@hdfcbank&pn=BESCOM%20Bill%20Payment&am=6527&mc=6300&tr=TXN513032869&tn=Bill%20payment,0,legit_biller,0,0,0,0,synthetic-v1
upi://pay?pa=sanjay317417@@kvb&pn=Amazon%20Refund%20Desk&am=1473,1,scam_tampered_qr,2,1,0,0,synthetic-v1
upi://pay?pa=bharatpe.30334232@fbpe&pn=Hotel%20Annapoorna&mc=5812,1,legit_merchant_static,0,0,0,0,synthetic-v1
upi://pay?pa=sneha.joshi@barodampay&pn=Anjali%20Iyer&tn=fees,0,legit_p2p,0,0,0,0,synthetic-v1
upi://pay?pa=paytmqr1664576478@paytm&pn=Fresh%20Mart&mc=7538,0,legit_merchant_static,1,0,1,0,synthetic-v1
upi://pay?pa=maryshetty800@cmsidfc&pn=Lakshmi%20Pillai,0,legit_rare_handle,0,0,0,0,synthetic-v1
upi://pay?pa=9468793110@sbi&pn=New%20Style%20Tailors&tn=order,0,legit_small_shop,0,0,0,0,synthetic-v1
upi://pay?pa=89628887@paytm&pn=RBI%20Grievance%20Cell&pa=8497373356@upi,1,scam_tampered_qr,7,6,0,0,synthetic-v1
upi://pay?pa=suresh54@barodampay&pn=Mary%20Khan&am=13000&tn=college%20fees,0,legit_family_large,0,0,0,0,synthetic-v1
upi://pay?pa=waterboard.collect@icici&pn=Municipal%20Water%20Board&am=10535&mc=6300&tr=TXN4730040896&tn=Consumer%20no%207550983,0,legit_biller,0,0,0,0,synthetic-v1
upi://pay?pa=paytmqr4889818448@paytm&pn=Fresh%20Mart&mc=5331,0,legit_merchant_static,0,0,0,0,synthetic-v1
upi://pay?pa=sanjay78@axisbank&pn=Sneha%20Iyer&am=28960&tn=rent,0,legit_family_large,0,0,0,0,synthetic-v1
upi://pay?pa=sristore88@okaxis&pn=Raj%20Mobile%20Point&mc=5411&tn=Payment,0,legit_merchant_static,0,0,0,0,synthetic-v1
upi://pay?pa=metro970@apl&pn=Metro%20Chaat&am=7341&tn=order,0,legit_small_shop,0,0,0,0,synthetic-v1
upi://pay?pa=lic.premium@axisbank&pn=LIC%20Premium&am=8057&mc=4900&tr=TXN9153136050&tn=Consumer%20no%202949684,0,legit_biller,0,0,0,0,synthetic-v1
upi://pay?pa=bharatpe.51456405@fbpe&pn=Raj%20Mobile%20Point&mc=7230&tn=Payment,0,legit_merchant_static,0,0,0,0,synthetic-v1
upi://pay?pa=farhanrao496@ybl&pn=Anjali%20Gupta&tn=cab%20share,0,legit_p2p,0,0,0,0,synthetic-v1
upi://pay?pa=6439243345@axl&pn=Anil%20Gowda&am=52000&tn=car%20emi,0,legit_family_large,0,0,0,0,synthetic-v1
upi://pay?pa=anjali67@rbl&pn=Kavya%20Mishra,0,legit_rare_handle,0,0,0,0,synthetic-v1
upi://pay?pa=ravi31@sbi&am=4640.96&tn=tuition,0,legit_p2p,0,0,0,0,synthetic-v1
upi://pay?pa=6390114788@kotak&pn=Ravi%20Mishra&am=4000&tn=gift,0,legit_p2p,0,0,0,0,synthetic-v1
upi://pay?pa=mary@okaxis&pn=Priya%20Beauty%20Parlour,0,legit_small_shop,0,0,0,0,synthetic-v1
upi://pay?pa=9153664592@upi&tn=payment,0,legit_small_shop,0,0,0,0,synthetic-v1
upi://pay?pa=anil.rao@icici&pn=Gurpreet%20Naik&am=1751,0,legit_p2p,0,0,1,0,synthetic-v1
upi://pay?pa=7467106767@ibl&pn=Mega%20Prize%20Claim&am=24672&tn=tax%20on%20winning,1,scam_prize,0,0,0,1,synthetic-v1
upi://pay?pa=saistore@pnb&pn=Sai%20Vegetables&tn=order,0,legit_small_shop,0,0,0,0,synthetic-v1
upi://pay?pa=8115049229@barodampay&pn=Govt%20Subsidy%20Office&am=26000&tn=Get%20cashback%20now,1,scam_refund_receive,0,0,0,0,synthetic-v1
upi://pay?pa=kiran937@yesbank&pn=Om%20Paan%20Shop&am=1500,0,legit_small_shop,0,0,1,0,synthetic-v1
upi://pay?pa=ravi.pillai@hdfcbank&pn=PhonePe%20Cashback&tn=case%20closure,1,scam_impersonation,0,0,0,0,synthetic-v1
upi://pay?pa=ravi996906@axl&pn=Govt%20Subsidy%20Office&am=5154.52&tn=visit%20bit.ly%2F85205%20to%20claim,1,scam_link_in_note,23,19,0,0,synthetic-v1
upi://pay?pa=lakshmi.singh@hdfcbank&pn=HDFC%20Customer%20Care&am=23094,1,scam_impersonation,4,3,0,0,synthetic-v1
upi://pay?pa=priyarao212@yesbank&pn=Sunita%20Patel&am=87000&tn=hospital%20bill,0,legit_family_large,1,0,0,0,synthetic-v1
upi://pay?pa=nikhilshetty421@yesbank&pn=Joseph%20Patel&am=12475&tn=house%20deposit,0,legit_family_large,0,0,0,0,synthetic-v1
upi://pay?pa=arun859967@rbl&pn=Fatima%20Reddy&am=12000&tn=investment,1,scam_quiet,10,6,0,0,synthetic-v1
upi://pay?pa=anilreddy536@hdfcbank&pn=Asha%20Kumar&tn=dinner,0,legit_p2p,0,0,0,0,synthetic-v1
upi://pay?pa=fatima.shetty@okhdfcbank&tn=trip%20share,0,legit_p2p,0,0,0,0,synthetic-v1
upi://pay?pa=6743046944@axl&pn=ABC%20Store&tn=payment,0,legit_small_shop,0,0,1,0,synthetic-v1
upi://pay?pa=paytmqr4468200116@paytm&pn=Sri%20Lakshmi%20Medicals,0,legit_merchant_static,1,1,3,0,synthetic-v1
upi://pay?pa=6575044332@axisbank&pn=Krishna%20Bakery&am=1000&tn=order,0,legit_small_shop,0,0,0,0,synthetic-v1
upi://pay?pa=anil91@okaxis&pn=Shreya%20Rao&tn=cab%20share,0,legit_p2p,1,0,3,0,synthetic-v1
upi://pay?pa=divya838521@okhdfcbank&pn=ICICI%20Bank%20Support&am=7067.21&tn=visit%20bit.ly%2F67466%20to%20claim,1,scam_link_in_note,2,2,1,0,synthetic-v1
upi://pay?pa=paytmqr7704412423@paytm&pn=Sri%20Lakshmi%20Medicals&mc=5411&tn=Payment,0,legit_merchant_static,0,0,0,0,synthetic-v1
upi:pay?pa=joseph437093@okhdfcbank&pn=SBI%20Refund%20Dept&am=4596,1,scam_tampered_qr,0,0,0,0,synthetic-v1
upi://pay?pa=divya.bose@kotak&tn=gift,0,legit_p2p,0,0,0,0,synthetic-v1
upi://pay?pa=paytmqr5136001893@paytm&pn=Hotel%20Annapoorna&am=19161&mc=5942&tr=ORD475068706&tn=Bill,0,legit_merchant_dynamic,0,0,0,0,synthetic-v1
upi://pay?pa=6289774016@dbs&pn=Customs%20Clearance%20Officer&am=49528.75&tn=Cashback%20credited%20on%20scan,1,scam_refund_receive,0,0,0,0,synthetic-v1
upi://pay?pa=shreya.rao@sbi&pn=Mary%20Bose&am=4773&tn=chai,0,legit_p2p,0,0,0,0,synthetic-v1
upi://pay?pa=cry.donate@hdfcbank&pn=TTD%20Donations&am=2539.00,0,legit_temple,0,0,0,0,synthetic-v1
upi://pay?pa=upi67809844@kotak&pn=ICICI%20Bank%20Support&tn=call%206900654173%20for%20refund,1,scam_link_in_note,0,0,0,0,synthetic-v1
upi://pay?pa=anjali.khan@apl&pn=Harish%20Das,1,legit_p2p,0,0,0,0,synthetic-v1
upi://pay?pa=joseph473491@okaxis&pn=TRAI%20Helpline&am=34999&tn=Get%20cashback%20now,1,scam_refund_receive,14,8,0,0,synthetic-v1
upi://pay?pa=ayesha693763@upi&pn=Meera%20Patel&am=15000.77&tn=trading%20profit,1,scam_quiet,7,6,0,0,synthetic-v1
upi://pay?pa=8270391466@idfcbank&pn=Divya%20Reddy&am=87212.55&tn=house%20deposit,0,legit_family_large,0,0,0,0,synthetic-v1
upi://pay?pa=joseph.singh@axisbank&pn=Bank%20KYC%20Update&am=1707&tn=Account%20unblock%20fee,1,scam_kyc_fee,0,0,0,0,synthetic-v1
upi://pay?pa=gurpreet.joshi@kotak&pn=Bank%20KYC%20Update&am=1599&tn=Account%20unblock%20fee,1,scam_kyc_fee,0,0,0,0,synthetic-v1
upi://pay?pa=9235548742@paytm&pn=Farhan%20Pillai,0,legit_p2p,0,0,0,0,synthetic-v1
upi://pay?pa=razorpay.7557356@icici&pn=City%20Bakery&am=1893&mc=5331&tr=ORD948423078&tn=Invoice%202375,0,legit_merchant_dynamic,0,0,0,0,synthetic-v1
upi://pay?pa=user98304221@okhdfcbank&pn=Amazon%20Refund%20Desk&am=46220&tn=Refund%20of%20Rs%2046220,1,scam_refund_receive,9,5,0,0,synthetic-v1
upi://pay?pa=7958707295@kotak&pn=PhonePe%20Cashback&am=36000.20&tn=Cashback%20credited%20on%20scan,1,scam_refund_receive,4,4,0,0,synthetic-v1
upi://pay?pa=tirumala.donations@sbi&pn=ISKCON%20Temple,0,legit_temple,0,0,0,0,synthetic-v1
upi://pay?pa=bharatpe.10095594@fbpe&pn=Green%20Leaf%20Veg&mc=5411&tn=Payment,0,legit_merchant_static,0,0,0,0,synthetic-v1
upi://pay?pa=9483197295@dbs&pn=PhonePe%20Cashback&am=7276&tn=security%20deposit,1,scam_impersonation,11,2,0,0,synthetic-v1
upi://pay?pa=rahulpillai643@sbi&pn=Farhan%20Rao&tn=loan%20return,0,legit_p2p,0,0,0,0,synthetic-v1
upi://pay?pa=deepa20@hdfcbank&pn=Rohit%20Khan&tn=gift,0,legit_p2p,0,0,0,0,synthetic-v1
upi://pay?pa=akshayapatra@axisbank&pn=Gurudwara%20Seva&mc=8398,0,legit_temple,0,0,1,0,synthetic-v1
upi://pay?pa=arjun.reddy@ybl&pn=Sanjay%20Kumar&am=35000&tn=investment,1,scam_quiet,1,1,0,0,synthetic-v1
upi://pay?pa=bharatpe.38571845@fbpe&pn=Balaji%20Fancy%20Store&mc=5812,0,legit_merchant_static,0,0,0,0,synthetic-v1
upi://pay?pa=paytmqr2324368949@paytm&pn=Royal%20Fruits&mc=7538,0,legit_merchant_static,0,0,1,0,synthetic-v1
upi://pay?pa=7653575831@icici&pn=Lakshmi%20Tiffin%20Centre&tn=bill,0,legit_small_shop,0,0,0,0,synthetic-v1
upi://pay?pa=88086643@paytm&pn=Army%20Officer%20Rakesh&am=2070&tn=refundable%20deposit,1,scam_olx_army,0,0,0,0,synthetic-v1
upi://pay?pa=sanjaysharma684@paytm&pn=Prakash%20Patel&am=54786&tn=hospital%20bill,0,legit_family_large,0,0,0,0,synthetic-v1
upi://pay?pa=bharatpe.80203161@fbpe&pn=Kumar%20Auto%20Works&mc=5411&tn=Payment,0,legit_merchant_static,0,0,0,0,synthetic-v1
upi://autopay?pa=8292192443@paytm&pn=Netflix&am=4777.22&recur=WEEKLY&tn=verify%20account,1,scam_autopay,0,0,0,0,synthetic-v1
upi://pay?pa=7766306675@axl&pn=SBI%20Refund%20Dept&am=5000.89&tn=Enter%20PIN%20to%20receive%20money,1,scam_refund_receive,7,2,0,0,synthetic-v1
upi://pay?pa=6487449945@idfcbank&pn=Ayesha%20Joshi&am=25117&tn=please%20send%20fast,1,scam_quiet,14,10,0,1,synthetic-v1
upi://pay?pa=7466519178@barodampay&pn=Income%20Tax%20Department&am=47299&tn=Prize%20money%20credit,1,scam_refund_receive,0,0,0,0,synthetic-v1
upi://pay?pa=7526693401@okhdfcbank&am=3329.89&tn=chai,0,legit_p2p,0,0,0,0,synthetic-v1
upi://pay?pa=paytmqr6591530914@paytm&pn=Blue%20Star%20Salon&am=1461&mc=5499&tr=ORD959445864,0,legit_merchant_dynamic,0,0,0,0,synthetic-v1
upi://pay?pa=swati.nair@oksbi&pn=BSF%20Officer%20Vijay&am=24802&tn=refundable%20deposit,1,scam_olx_army,0,0,0,0,synthetic-v1
upi://pay?pa=sneha893878@paytm&pn=Asha%20Shetty&am=2099.39&tn=PAN%20link%20fee,1,scam_kyc_fee,0,0,0,0,synthetic-v1
upi://pay?pa=7305001812@oksbi&pn=Sai%20Vegetables&am=5000,0,legit_small_shop,0,0,0,0,synthetic-v1
upi://pay?pa=8580401091@axisbank&pn=Lakshmi%20Singh&am=28000&tn=please%20send%20fast,1,scam_quiet,7,1,0,0,synthetic-v1
upi://pay?pa=rajstore73@okaxis&pn=Sri%20Lakshmi%20Medicals&mc=5331,0,legit_merchant_static,0,0,0,0,synthetic-v1
upi://pay?pa=fatimakhan738@kvb&pn=Kavya%20Mishra,0,legit_rare_handle,0,0,0,0,synthetic-v1
upi://pay?pa=ravi.gupta@axl&pn=Income%20Tax%20Department&am=4199.33&tn=Refund%20of%20Rs%204199.33,1,scam_refund_receive,0,0,0,0,synthetic-v1
upi://pay?pa=user17155668@okaxis&pn=ICICI%20Bank%20Support&am=24399&tn=Refund%20processing%20-%20scan%20to%20get,1,scam_refund_receive,8,8,0,1,synthetic-v1
upi://pay?pa=acc22770831@ibl&pn=Amazon%20Refund%20Desk&am=16160,1,scam_impersonation,22,20,0,0,synthetic-v1
upi://pay?pa=rahulstall@sbi&pn=Rahul%20Mobile%20Repair&am=7551,0,legit_small_shop,0,0,0,0,synthetic-v1
upi://pay?pa=arjun43@upi&pn=Varun%20Joshi&am=52000&tn=hospital%20bill,0,legit_family_large,0,0,0,0,synthetic-v1
upi://pay?pa=upi69440679@icici&pn=TRAI%20Helpline&am=1723&tn=processing%20fee,1,scam_impersonation,0,0,0,0,synthetic-v1
upi://pay?pa=cf.blue472@axisbank&pn=Raj%20Mobile%20Point&am=9227&mc=5499&tr=ORD190595739&tn=Bill&sign=MEUCIQ9a3Y5a2533X36587905Y,0,legit_merchant_dynamic,0,0,0,0,synthetic-v1
upi://pay?pa=kavyagowda269@upi&pn=Kavya%20Naik&tn=chai,0,legit_p2p,0,0,0,0,synthetic-v1
upi://pay?pa=q362168376@ybl&pn=Royal%20Fruits&mc=5331&tn=Payment,0,legit_merchant_static,0,0,0,0,synthetic-v1
upi://pay?pa=lic.premium@axisbank&pn=LIC%20Premium&am=9494&mc=6300&tr=TXN6458359142&tn=Property%20tax,0,legit_biller,0,0,0,0,synthetic-v1
upi://pay?pa=divya.patel@kotak&pn=Neha%20Verma&am=644&tn=chai,0,legit_p2p,0,0,0,0,synthetic-v1
upi://pya?pa=7552446375@rbl&pn=Govt%20Subsidy%20Office,1,scam_tampered_qr,0,0,0,0,synthetic-v1
upi://pay?pa=gurpreetiyer357@ibl&pn=Varun%20Bose&am=1102,0,legit_p2p,0,0,0,0,synthetic-v1
upi://pay?pa=q656113006@ybl&pn=Sri%20Lakshmi%20Medicals&mc=5411,0,legit_merchant_static,0,0,0,0,synthetic-v1
upi://pay?pa=deepashetty61@oksbi&pn=Lakshmi%20Menon&tn=movie,0,legit_p2p,0,0,0,0,synthetic-v1
upi://pay?pa=7980352326@yesbank&pn=SBI%20Refund%20Dept,1,scam_impersonation,4,2,0,0,synthetic-v1
upi://pay?pa=6541185898@ybl&pn=Paytm%20KYC%20Team&am=2199&tn=PAN%20link%20fee,1,scam_kyc_fee,3,3,0,0,synthetic-v1
upi://pay?pa=anil68@okaxis&pn=Farhan%20Reddy&am=1444&tn=groceries,0,legit_p2p,0,0,0,0,synthetic-v1
upi://pay?pa=8402385874@yesbank&pn=KBC%20Lottery%20Winner&am=18599&tn=lottery%20processing,1,scam_prize,1,0,0,0,synthetic-v1
upi://pay?pa=meera666160@ybl&pn=Flipkart%20Refund%20Team&am=19116,1,scam_impersonation,0,0,0,0,synthetic-v1
upi://pay?pa=q326854398@ybl&pn=Green%20Leaf%20Veg&mc=5732,0,legit_merchant_static,0,0,0,0,synthetic-v1
upi://pay?pa=paytmqr4651457764@paytm&pn=Anand%20Sweets&am=19697&mc=7538&tr=ORD968499936,0,legit_merchant_dynamic,0,0,0,0,synthetic-v1
upi://pay?pa=paytmqr2107935493@paytm&pn=Raj%20Mobile%20Point&mc=7230,0,legit_merchant_static,0,0,0,0,synthetic-v1
upi://pay?pa=deepa.rao@okhdfcbank&pn=SBI%20KYC%20Cell&am=1799&tn=KYC%20verification,1,scam_kyc_fee,0,0,0,0,synthetic-v1
upi://pya?pa=asha.sharma@okhdfcbank&pn=Customs%20Clearance%20Officer,1,scam_tampered_qr,0,0,0,0,synthetic-v1
upi://pay?pa=razorpay.4835517@icici&pn=Green%20Leaf%20Veg&am=4852&mc=5732&tr=ORD860792019&tn=Bill,0,legit_merchant_dynamic,0,0,0,0,synthetic-v1
upi://pay?pa=9715529488@okicici&pn=Flipkart%20Refund%20Team&am=19899.31&tn=processing%20fee,1,scam_impersonation,3,1,0,1,synthetic-v1
upi://pay?pa=9718528301@oksbi&pn=Anil%20Bose&am=2467&tn=loan%20return,0,legit_p2p,0,0,0,0,synthetic-v1
upi://pay?pa=9423748615@@fbl&pn=Electricity%20Board%20Officer&am=7836.85,1,scam_tampered_qr,7,1,0,0,synthetic-v1
upi://pay?pa=pay73126210@hdfcbank&pn=TRAI%20Helpline&am=46000&tn=Enter%20PIN%20to%20receive%20money,1,scam_refund_receive,0,0,0,0,synthetic-v1
upi://pay?pa=6457681458@ybl&pn=Lakshmi%20Sharma&am=63191&tn=wedding,0,legit_family_large,3,0,2,0,synthetic-v1
upi://pay?pa=6945550519@ibl&pn=Suresh%20Bose,0,legit_p2p,1,0,2,0,synthetic-v1
upi://pay?pa=treasury.ker@sbi&pn=Kerala%20Govt%20Treasury&am=1097&mc=4112&tr=TXN5530073305&tn=Bill%20payment,0,legit_biller,0,0,0,0,synthetic-v1
upi://pay?pa=kiranreddy935@axisbank&pn=Kiran%20Bose&am=15000.77&tn=wedding,0,legit_family_large,0,0,0,0,synthetic-v1
upi://pay?pa=ravi93@axl&pn=Nikhil%20Kumar&am=14000&tn=college%20fees,0,legit_family_large,0,0,0,0,synthetic-v1
upi://pay?pa=irctc.pay@hdfcbank&pn=Indian%20Railways%20IRCTC&am=7895&mc=4112&tr=TXN2943926599&tn=Bill%20payment,0,legit_biller,0,0,0,0,synthetic-v1
upi://pay?pa=pinelabs.287272@hdfcbank&pn=Green%20Leaf%20Veg&am=16288.15&mc=4121&tr=ORD28425891&tn=Order%20payment&sign=MEUCIQ664ad63fa17cecabf142,0,legit_merchant_dynamic,0,0,0,0,synthetic-v1
upi://pay?pa=user66141700@kotak&pn=HDFC%20Customer%20Care&tn=details%20http%3A%2F%2Fkyc-700.xyz,1,scam_link_in_note,0,0,0,0,synthetic-v1
upi://pay?pa=paytmqr6929879563@paytm&pn=City%20Bakery&mc=5499&tn=Payment,0,legit_merchant_static,0,0,0,0,synthetic-v1
upi://pay?pa=upi56984050@okicici&pn=Police%20Cyber%20Cell&am=5000&tn=Get%20cashback%20now,1,scam_refund_receive,0,0,0,0,synthetic-v1
upi://pay?pa=metro@okicici&pn=Metro%20Chaat,0,legit_small_shop,0,0,0,0,synthetic-v1
upi://pay?pa=hdfc.care@tjsb&pn=Amazon%20Refund%20Desk&tn=refund,1,scam_fake_merchant,0,0,0,0,synthetic-v1
upi://pay?pa=paytmqr7324580086@paytm&pn=Blue%20Star%20Salon&am=8532.04&mc=5411&tr=ORD892017523,0,legit_merchant_dynamic,0,0,0,0,synthetic-v1
upi://pay?pa=snehagupta112@paytm&pn=Sunita%20Mishra&tn=tuition,0,legit_p2p,0,0,0,0,synthetic-v1
upi://pay?pa=6504899067@ibl&pn=Sunita%20Sharma&tn=chai,0,legit_p2p,0,0,0,0,synthetic-v1
upi://pay?pa=vikram.mishra@sbi&pn=Electricity%20Board%20Officer&am=11035&tn=case%20closure,1,scam_impersonation,0,0,0,0,synthetic-v1
upi://pay?pa=8314815707@hdfcbank&pn=Kiran%20Khan&am=42000&tn=hospital,1,scam_quiet,7,5,0,1,synthetic-v1
upi://pay?pa=rohit56@oksbi&pn=Farhan%20Pillai&am=48362&tn=car%20emi,0,legit_family_large,0,0,0,0,synthetic-v1
upi://pay?pa=balaji@kotak,0,legit_small_shop,0,0,0,0,synthetic-v1
upi://pay?pa=fresh243@icici&pn=Fresh%20Fish%20Stall&am=10000&tn=payment,0,legit_small_shop,0,0,0,0,synthetic-v1
upi://pay?pa=fatima.nair@axl&pn=Suresh%20Sharma&am=4814.00&tn=chai,0,legit_p2p,1,0,1,0,synthetic-v1
upi://pay?pa=7979012879@barodampay&pn=Arjun%20Singh&tn=cab%20share,0,legit_p2p,0,0,0,0,synthetic-v1
upi://pay?pa=gurpreet.gowda@tjsb&pn=Priya%20Shetty&am=1174,0,legit_rare_handle,0,0,0,0,synthetic-v1
upi://pay?pa=paytmqr6579515667@paytm&pn=Janata%20Hardware&mc=5331,1,legit_merchant_static,0,0,0,0,synthetic-v1
upi://pay?pa=fatima.nair@@okicici&pn=Balaji%20Fancy%20Store&am=6946,1,scam_tampered_qr,6,4,0,0,synthetic-v1
upi://pay?pa=nikhil.iyer@rbl&pn=Anil%20Mishra&am=20000.31&tn=urgent,1,scam_quiet,14,9,0,0,synthetic-v1
upi://pay?pa=6219089485@fbl&pn=Kavya%20Iyer&tn=gift,0,legit_p2p,0,0,0,0,synthetic-v1
upi://pay?pa=manojgowda772@sbi&pn=Pooja%20Reddy&am=51863&tn=house%20deposit,0,legit_family_large,0,0,0,0,synthetic-v1
upi://pay?pa=icici.helpdesk22@ibl&pn=Electricity%20Board%20Officer&tn=offer,1,scam_fake_merchant,1,0,0,0,synthetic-v1
upi://pay?pa=7252232443@yesbank&pn=Suresh%20Nair&am=20000.12&tn=chai,0,legit_p2p,0,0,0,0,synthetic-v1
upi://pay?pa=sai893@sbi&pn=Sai%20Vegetables&tn=order,0,legit_small_shop,0,0,0,0,synthetic-v1
upi://pay?pa=pay89030719@barodampay&pn=Income%20Tax%20Department&am=23999&tn=pending%20bill,1,scam_impersonation,0,0,0,0,synthetic-v1
upi://collect?pa=47122539@yesbank&pn=BSF%20Officer%20Vijay&am=6000&tn=army%20canteen,1,scam_olx_army,0,0,0,0,synthetic-v1
upi://pay?pa=razorpay.5179522@icici&pn=Janata%20Hardware&am=12810&mc=4121&tr=ORD646931198,0,legit_merchant_dynamic,0,0,0,0,synthetic-v1
upi:/pay?pa=6420207715@axl&pn=Fresh%20Mart,1,scam_tampered_qr,0,0,0,0,synthetic-v1
upi://pay?pa=paytmqr1794385874@paytm&pn=Raj%20Mobile%20Point&mc=5812,0,legit_merchant_static,0,0,0,0,synthetic-v1
upi://pay?pa=sneha.iyer@icici&pn=Vikram%20Menon&am=66960.00&tn=wedding,0,legit_family_large,0,0,0,0,synthetic-v1
upi://pay?pa=pinelabs.948480@hdfcbank&pn=Hotel%20Annapoorna&am=12679.15&mc=5331&tr=ORD425888036&tn=Invoice%20527,0,legit_merchant_dynamic,0,0,0,0,synthetic-v1
upi://pay?pa=divya80@icici&pn=Priya%20Reddy&am=52000&tn=college%20fees,0,legit_family_large,0,0,0,0,synthetic-v1
upi://pay?pa=farhan@barodampay&pn=Mahalakshmi%20Stores&tn=payment,0,legit_small_shop,0,0,0,0,synthetic-v1
upi://pay?pa=73035441@ybl&pn=HDFC%20Customer%20Care&am=38599&tn=Refund%20of%20Rs%2038599,1,scam_refund_receive,13,7,0,0,synthetic-v1
upi://pay?pa=manojgowda921@yesbank&pn=Priya%20Gowda&am=45640&tn=car%20emi,1,legit_family_large,0,0,0,0,synthetic-v1
upi://pay?pa=suresh.bose@okhdfcbank&pn=RBI%20Grievance%20Cell&am=6033.92&tn=call%207723867960%20for%20refund,1,scam_link_in_note,11,10,0,0,synthetic-v1
upi://pay?pa=9915428823@hdfcbank&pn=Customs%20Clearance%20Officer&am=9799&tn=Receive%20payment%20from%20buyer,1,scam_refund_receive,0,0,0,0,synthetic-v1
upi://pay?pa=upi74804568@dbs&pn=Fatima%20Gupta&am=2999.55&tn=Account%20unblock%20fee,1,scam_kyc_fee,0,0,0,0,synthetic-v1
upi://pay?pa=8436105206@rbl&pn=Amazon%20Refund%20Desk&am=18399&tn=Enter%20PIN%20to%20receive%20money,1,scam_refund_receive,0,0,0,0,synthetic-v1
upi://pay?pa=pinelabs.843742@hdfcbank&pn=Royal%20Fruits&am=18361&mc=7230&tr=ORD404887592&tn=Bill,0,legit_merchant_dynamic,0,0,0,0,synthetic-v1
upi://pay?pa=varun.bose@cmsidfc&pn=Pooja%20Kumar,0,legit_rare_handle,0,0,0,0,synthetic-v1
upi://pay?pa=sneha654760@sbi&pn=Deepa%20Bose&am=6000&tn=please%20send%20fast,1,scam_quiet,2,2,0,0,synthetic-v1
upi://pay?pa=9785638@sbi&pn=TRAI%20Helpline&am=17299,1,scam_impersonation,4,2,0,0,synthetic-v1
upi://pay?pa=balajistore@ibl&pn=Balaji%20Stores&tn=payment,0,legit_small_shop,0,0,0,0,synthetic-v1
upi://pay?pa=upi48132695@barodampay&pn=RBI%20Grievance%20Cell&am=6320,1,scam_impersonation,0,0,0,0,synthetic-v1
upi://pay?pa=gurudwara.seva@pnb&pn=CRY%20Donations,0,legit_temple,0,0,0,0,synthetic-v1
upi://pay?pa=divyasingh382@yesbank&pn=Pooja%20Rao&am=695&tn=electricity%20share,0,legit_p2p,0,0,0,0,synthetic-v1
upi://pay?pa=paytmqr8164365624@paytm&pn=Kumar%20Auto%20Works,0,legit_merchant_static,0,0,0,0,synthetic-v1
upi://pay?pa=manoj.joshi@pnb&pn=Paytm%20KYC%20Team&am=12085&tn=processing%20fee,1,scam_impersonation,0,0,0,0,synthetic-v1
upi://collect?pa=rohit.verma@apl&pn=PhonePe%20Cashback&am=10923&tn=Claim%20your%20reward,1,scam_collect,0,0,0,0,synthetic-v1
upi://pay?pa=arun.sharma@ybl&pn=Sneha%20Joshi&am=1000&tn=cab%20share,0,legit_p2p,0,0,0,0,synthetic-v1
upi://pay?pa=paytmqr4530674890@paytm&pn=Balaji%20Fancy%20Store&mc=5331,0,legit_merchant_static,0,0,0,0,synthetic-v1
upi://pay?pa=bharatpe.38715873@fbpe&pn=Kumar%20Auto%20Works,0,legit_merchant_static,1,1,3,0,synthetic-v1
upi://pay?pa=shreya542@okhdfcbank&pn=Balaji%20Stores&am=300,0,legit_small_shop,0,0,0,0,synthetic-v1
upi://pay?pa=acc26075419@oksbi&pn=Sanjay%20Gowda&am=1999.03&tn=Re-activation%20charges,1,scam_kyc_fee,6,4,0,0,synthetic-v1
upi://pay?pa=q747487465@ybl&pn=Blue%20Star%20Salon&mc=5812,0,legit_merchant_static,0,0,0,0,synthetic-v1
upi://pay?pa=sunitakhan406@axl&pn=Rohit%20Kumar&am=45000.39&tn=urgent,1,scam_quiet,0,0,0,0,synthetic-v1
upi://pay?pa=9326934923@pnb&pn=CRPF%20Jawan%20Sunil&am=4000&tn=verification%20amount,1,scam_olx_army,0,0,0,0,synthetic-v1
upi://pay?pa=arun@icici&pn=Raju%20Juice%20Corner&am=2169&tn=order,0,legit_small_shop,0,0,0,0,synthetic-v1
upi://pay?pa=iskcon.bangalore@icici&pn=CRY%20Donations&am=3834,0,legit_temple,0,0,0,0,synthetic-v1
upi://pay?pa=bharatpe.49040584@fbpe&pn=Om%20Sai%20Kirana&mc=7538,0,legit_merchant_static,0,0,0,0,synthetic-v1
upi://pay?pa=royalmart41@okaxis&pn=Anand%20Sweets,0,legit_merchant_static,0,0,0,0,synthetic-v1
upi://collect?pa=mary.pillai@okhdfcbank&pn=Anjali%20Rao&am=16777.14&tn=Refund%20processing%20-%20scan%20to%20get,1,scam_collect,3,1,0,0,synthetic-v1
upi://pay?pa=nikhil.mishra@axl&pn=TRAI%20Helpline&am=19246&tn=Enter%20PIN%20to%20receive%20money,1,scam_refund_receive,11,4,0,0,synthetic-v1
upi://pay?pa=9754165538@paytm&pn=Anil%20Gowda&tn=groceries,0,legit_p2p,0,0,0,0,synthetic-v1
upi://pay?pa=greenshop64@okaxis&pn=City%20Bakery&mc=5311,0,legit_merchant_static,0,0,0,0,synthetic-v1
upi://pay?pa=poojanair844@paytm&pn=Farhan%20Pillai&am=37000&tn=car%20emi,0,legit_family_large,0,0,0,0,synthetic-v1
upi://autopay?pa=pay53479783@fbl&pn=Electricity%20Board&am=8199&recur=DAILY&tn=verify%20account,1,scam_autopay,0,0,0,0,synthetic-v1
upi://pay?pa=9811531406@hdfcbank&am=1586&tn=birthday%20gift,0,legit_p2p,1,0,1,0,synthetic-v1
upi://pay?pa=neha477908@upi&pn=Paytm%20KYC%20Team&am=1799&tn=KYC%20update%20charge,1,scam_kyc_fee,0,0,0,0,synthetic-v1
upi://pay?pa=paytmqr9462013315@paytm&pn=Royal%20Fruits&mc=7230&tn=Payment,0,legit_merchant_static,0,0,0,0,synthetic-v1
upi://pay?pa=8262502168@jupiteraxis&pn=Meera%20Singh&am=2009.55,0,legit_rare_handle,0,0,0,0,synthetic-v1
upi://pay?pa=farhan86@okhdfcbank&am=1000&tn=dinner,0,legit_p2p,0,0,0,0,synthetic-v1
upi://pay?pa=upi15524888@pnb&pn=Govt%20Subsidy%20Office&am=10007&tn=verification,1,scam_impersonation,0,0,0,0,synthetic-v1
upi://pay?pa=hotelstore42@okaxis&pn=Anand%20Sweets&mc=5499&tn=Payment,0,legit_merchant_static,0,0,0,0,synthetic-v1
upi://pay?pa=6840881815@dbs&pn=PhonePe%20Cashback&am=29000&tn=Prize%20money%20credit,1,scam_refund_receive,0,0,0,0,synthetic-v1
upi://pay?pa=ayeshasingh217@barodampay&pn=Ayesha%20Patel&am=73000&tn=car%20emi,0,legit_family_large,0,0,0,0,synthetic-v1
upi://pay?pa=9297035434@barodampay&pn=Army%20Officer%20Rakesh&am=28000&tn=security%20deposit,1,scam_olx_army,3,2,1,0,synthetic-v1
upi://pay?pa=paytmqr4679639875@paytm&pn=City%20Bakery&am=13808&mc=5942&tr=ORD433352667&tn=Bill&sign=MEUCIQbZ9cbXXZ512547Zfd685,0,legit_merchant_dynamic,0,0,0,0,synthetic-v1
upi://pay?pa=8346450224@upi&pn=Arjun%20Shetty&tn=maid%20salary,0,legit_p2p,1,0,2,0,synthetic-v1
upi://pay?pa=9280131757@rbl&am=47000&tn=hospital,1,scam_quiet,2,1,0,0,synthetic-v1
upi://pay?pa=8975856897@okhdfcbank&pn=Priya%20Reddy&am=28313&tn=hospital%20bill,0,legit_family_large,1,0,0,0,synthetic-v1
upi://pay?pa=priyamishra559@axl&pn=Divya%20Reddy&am=1575&tn=birthday%20gift,0,legit_p2p,0,0,0,0,synthetic-v1
upi://pay?pa=janatastore17@okaxis&pn=Raj%20Mobile%20Point&mc=5912,0,legit_merchant_static,0,0,0,0,synthetic-v1
upi://pay?pa=rahul.rao@pnb&am=1000&tn=petrol,0,legit_p2p,0,0,1,0,synthetic-v1
upi://pay?pa=pinelabs.699083@hdfcbank&pn=Om%20Sai%20Kirana&am=11014.08&mc=5311&tr=ORD350891102&tn=Order%20payment,0,legit_merchant_dynamic,0,0,0,0,synthetic-v1
upi://pay?pa=swatikhan99@okaxis&pn=Meera%20Bose&am=4349&tn=electricity%20share,0,legit_p2p,0,0,0,0,synthetic-v1
upi://pay?pa=user19279174@yesbank&pn=Pooja%20Singh&am=33304&tn=task%20payment,1,scam_quiet,2,2,0,0,synthetic-v1
upi://pay?pa=6425023951@yesbank&pn=Arun%20Singh&am=41000&tn=wedding,0,legit_family_large,0,0,0,0,synthetic-v1
upi://pay?pa=q907565017@ybl&pn=Raj%20Mobile%20Point,0,legit_merchant_static,0,0,0,0,synthetic-v1
upi://pay?pa=rahul46@timecosmos&pn=Sneha%20Menon&am=652,0,legit_rare_handle,0,0,0,0,synthetic-v1
upi://pay?pa=josephnair889@kotak&am=554&tn=groceries,0,legit_p2p,0,0,0,0,synthetic-v1
upi://pay?pa=rohitpatel238@tjsb&pn=Kavya%20Mishra&am=1427,0,legit_rare_handle,0,0,0,0,synthetic-v1
upi://pay?pa=divya460090@upi&pn=TRAI%20Helpline&am=24032&tn=verification,1,scam_impersonation,2,1,0,0,synthetic-v1
upi://pay?pa=6747137409@oksbi&pn=Sai%20Vegetables&am=200,0,legit_small_shop,0,0,0,0,synthetic-v1
upi://pay?pa=prakash49@ybl&am=1655&tn=rent,0,legit_p2p,0,0,0,0,synthetic-v1
upi://pay?pa=prakash32@ybl&pn=Prakash%20Gupta&am=68000&tn=rent,0,legit_family_large,0,0,0,0,synthetic-v1
upi://pay?pa=shreya.singh@hdfcbank&pn=Harish%20Joshi&am=4062&tn=movie,0,legit_p2p,0,0,0,0,synthetic-v1
upi://pay?pa=harish.menon@timecosmos&pn=Rohit%20Reddy,0,legit_rare_handle,0,0,0,0,synthetic-v1
upi://pay?pa=anjali.reddy@ibl&pn=Kavya%20Verma&am=4824&tn=cab%20share,0,legit_p2p,0,0,0,0,synthetic-v1
upi://mandate?pa=7723441242@fbl&pn=Jio%20Recharge&am=6563.95&recur=DAILY&tn=verify%20account,1,scam_autopay,2,1,0,0,synthetic-v1
upi://pay?pa=razorpay.9806533@icici&pn=Sharma%20General%20Store&am=1120&mc=7538&tr=ORD268759507&tn=Bill,0,legit_merchant_dynamic,0,0,0,0,synthetic-v1
upi://pay?pa=pinelabs.692919@hdfcbank&pn=Blue%20Star%20Salon&am=7507&mc=5331&tr=ORD574076709&tn=Invoice%202254,0,legit_merchant_dynamic,0,0,0,0,synthetic-v1
upi://pay?pa=6380975026@ybl&pn=Farhan%20Bose&am=21000&tn=chai,0,legit_p2p,0,0,0,0,synthetic-v1
upi://pay?pa=6544225467@okicici&am=3378.94&tn=gift,0,legit_p2p,0,0,0,1,synthetic-v1
upi://pay?pa=9582412754@okicici&pn=Rahul%20Pillai&tn=trip%20share,0,legit_p2p,0,0,0,0,synthetic-v1
upi://pay?pa=paytmqr6366912153@paytm&pn=Royal%20Fruits&mc=5411,0,legit_merchant_static,0,0,0,0,synthetic-v1
upi://pay?pa=varun@kotak&pn=Om%20Paan%20Shop&am=50,0,legit_small_shop,0,0,0,0,synthetic-v1
upi://pay?pa=gurudwara.seva@pnb&pn=TTD%20Donations&mc=8661,0,legit_temple,0,0,0,0,synthetic-v1
upi://collect?pa=9255172096@okhdfcbank&pn=Flipkart%20Refund%20Team&am=15592.81&tn=approve%20to%20receive,1,scam_collect,0,0,0,0,synthetic-v1
upi://pay?pa=62998196@oksbi&pn=Deepa%20Kumar&am=7453&tn=task%20payment,1,scam_quiet,2,2,0,0,synthetic-v1
upi://pay?pa=pinelabs.324063@hdfcbank&pn=Royal%20Fruits&am=1838&mc=5814&tr=ORD93484481&tn=Order%20payment,0,legit_merchant_dynamic,0,0,0,0,synthetic-v1
upi://pay?pa=fatima11@okaxis&pn=Deepa%20Menon&am=15000&tn=house%20deposit,0,legit_family_large,0,0,0,0,synthetic-v1
upi://pay?pa=hdfc.care59@rbl&pn=Amazon%20Refund%20Desk,1,scam_fake_merchant,0,0,0,0,synthetic-v1
upi://pay?pa=pinelabs.297432@hdfcbank&pn=Raj%20Mobile%20Point&am=19761&mc=5311&tr=ORD436647391,0,legit_merchant_dynamic,0,0,0,0,synthetic-v1
upi://pay?pa=q849889095@ybl&pn=Green%20Leaf%20Veg&mc=5812&tn=Payment,0,legit_merchant_static,0,0,0,0,synthetic-v1
upi://pay?pa=manojgowda777@oksbi&pn=Farhan%20Naik&am=59000&tn=rent,0,legit_family_large,0,0,0,0,synthetic-v1
upi://pay?pa=ayeshanair678@kotak&am=2367&tn=trip%20share,1,legit_p2p,0,0,0,0,synthetic-v1
upi://pay?pa=8832099690@oksbi&pn=Neha%20Singh&tn=maid%20salary,0,legit_p2p,0,0,0,0,synthetic-v1
upi://pay?pa=nikhilkumar138@okhdfcbank&pn=Lakshmi%20Verma&am=12000&tn=college%20fees,0,legit_family_large,0,0,0,0,synthetic-v1
upi://pay?pa=joseph77@upi&pn=Lakshmi%20Patel&am=3420&tn=rent,0,legit_p2p,0,0,0,0,synthetic-v1
upi://pay?pa=lakshmi.iyer@paytm&pn=Prakash%20Joshi&tn=petrol,0,legit_p2p,0,0,0,0,synthetic-v1
upi://pay?pa=harishjoshi925@icici&pn=Suresh%20Reddy&am=1000&tn=gift,0,legit_p2p,0,0,0,0,synthetic-v1
upi://pay?pa=9548379628@okaxis&pn=Paytm%20KYC%20Team&am=9199&tn=Prize%20money%20credit,1,scam_refund_receive,5,5,0,0,synthetic-v1
upi//pay?pa=6332467682@oksbi&pn=Anand%20Sweets,1,scam_tampered_qr,13,11,0,0,synthetic-v1
upi://pay?pa=farhan770085@yesbank&pn=Police%20Cyber%20Cell&am=19914,1,scam_impersonation,2,2,0,0,synthetic-v1
upi://pay?pa=varun56@idfcbank&pn=Asha%20Patel&am=2778,0,legit_p2p,0,0,0,0,synthetic-v1
upi://pay?pa=9745291906@rbl&pn=SBI%20Refund%20Dept&am=24999&tn=pending%20bill,1,scam_impersonation,0,0,0,0,synthetic-v1
upi://pay?pa=7160068996@sbi&pn=Mega%20Prize%20Claim&am=21976&tn=tax%20on%20winning,1,scam_prize,3,1,0,0,synthetic-v1
upi://pay?pa=lic.premium@axisbank&pn=LIC%20Premium&am=7387.78&mc=4900&tr=TXN7522610480&tn=Consumer%20no%201507795,0,legit_biller,0,0,0,0,synthetic-v1
upi://pay?pa=8939512754@sbi&pn=Asha%20Shetty&am=4992&tn=chai,0,legit_p2p,0,0,0,0,synthetic-v1
upi://pay?pa=8862082365@axl&pn=Raju%20Juice%20Corner,0,legit_small_shop,0,0,0,0,synthetic-v1
upi://pay?pa=divya.gupta@yesbank&pn=Anjali%20Reddy&am=40000.81&tn=college%20fees,0,legit_family_large,0,0,0,0,synthetic-v1
upi://pay?pa=paytmqr6742916661@paytm&pn=Sri%20Lakshmi%20Medicals&mc=4121,0,legit_merchant_static,0,0,0,0,synthetic-v1
upi://pay?pa=paytmqr6052656479@paytm&pn=Royal%20Fruits,0,legit_merchant_static,0,0,0,0,synthetic-v1
upi://pay?pa=razorpay.5028133@icici&pn=Janata%20Hardware&am=15452&mc=5411&tr=ORD336875316&tn=Bill,0,legit_merchant_dynamic,0,0,0,0,synthetic-v1
upi://pay?pa=farhanbose419@axisbank&pn=Suresh%20Iyer&tn=rent,0,legit_p2p,0,0,0,0,synthetic-v1
upi://mandate?pa=9394794638@yesbank&pn=Netflix&am=1599&recur=WEEKLY&tn=verify%20account,1,scam_autopay,7,2,0,0,synthetic-v1
upi://pay?pa=priyasingh345@fbl&pn=Manoj%20Pillai&tn=groceries,0,legit_p2p,0,0,0,0,synthetic-v1
upi://pay?pa=joseph.gowda@ybl&pn=Sneha%20Shetty&am=1522&tn=loan%20return,0,legit_p2p,0,0,0,0,synthetic-v1
upi://pay?pa=suresh82@okicici&pn=Ravi%20Khan&tn=tuition,0,legit_p2p,0,0,0,0,synthetic-v1
upi://pay?pa=mary.reddy@kotak&pn=Kiran%20Menon&am=3131&tn=groceries,0,legit_p2p,0,0,0,0,synthetic-v1
upi://pay?pa=asha608124@okicici&pn=ICICI%20Bank%20Support&am=44099&tn=Prize%20money%20credit,0,scam_refund_receive,0,0,0,0,synthetic-v1
upi://pay?pa=shreya87@axl&pn=Manoj%20Iyer&am=2627&tn=rent,0,legit_p2p,0,0,0,0,synthetic-v1
upi://pay?pa=pay23820942@axisbank&pn=Amazon%20Refund%20Desk,1,scam_impersonation,0,0,0,0,synthetic-v1
upi://pay?pa=paytmqr5451491122@paytm&pn=Kumar%20Auto%20Works&mc=5499,1,legit_merchant_static,0,0,0,0,synthetic-v1
upi://pay?pa=gurpreet47@sbi&pn=Farhan%20Singh,0,legit_p2p,0,0,0,0,synthetic-v1
upi://pay?pa=paytmqr4139940107@paytm&pn=Sharma%20General%20Store&mc=5411&tn=Payment,0,legit_merchant_static,0,0,0,0,synthetic-v1
upi://pay?pa=8682228142@dbs&pn=HDFC%20Customer%20Care&tn=visit%20bit.ly%2F72585%20to%20claim,1,scam_link_in_note,1,0,0,0,synthetic-v1
upi://pay?pa=sunitakumar833@barodampay&pn=Fatima%20Gupta&am=24993.75&tn=petrol,0,legit_p2p,0,0,0,0,synthetic-v1
upi://pay?pa=user71625102@idfcbank&pn=SBI%20KYC%20Cell&am=2999&tn=PAN%20link%20fee,0,scam_kyc_fee,0,0,0,1,synthetic-v1
"upi://pay?pa=nikhil.shetty@kotak&pn=RBI%20Grievance%20Cell&am=5106&am=1,00,000",1,scam_tampered_qr,0,0,0,0,synthetic-v1
upi://pay?pa=cf.city870@axisbank&pn=Raj%20Mobile%20Point&am=17056&mc=5732&tr=ORD600096398&tn=Invoice%202778,0,legit_merchant_dynamic,0,0,0,0,synthetic-v1
upi://pay?pa=bbmp.propertytax@sbi&pn=BBMP%20Property%20Tax&am=7387&mc=9399&tr=TXN2543892083&tn=Property%20tax,0,legit_biller,0,0,0,0,synthetic-v1
upi://pay?pa=pinelabs.611739@hdfcbank&pn=Fresh%20Mart&am=13949.79&mc=7538&tr=ORD193164243,0,legit_merchant_dynamic,0,0,0,0,synthetic-v1
upi://pay?pa=8174776470@ibl&pn=Shiva%20Flowers&am=3749,0,legit_small_shop,0,0,0,0,synthetic-v1
upi://pay?pa=6212408938@axisbank&pn=Deepa%20Reddy&tn=dinner,0,legit_p2p,0,0,0,0,synthetic-v1
upi://pay?pa=7409673012@axl&pn=Hotel%20Annapoorna&am=4804&pa=pay12307875@rbl,1,scam_tampered_qr,0,0,0,0,synthetic-v1
upi://pay?pa=harish59@okhdfcbank&pn=Suresh%20Menon&tn=groceries,0,legit_p2p,0,0,0,0,synthetic-v1
upi://pay?pa=shreya.singh@okicici&pn=Kiran%20Shetty&am=3000.99&tn=electricity%20share,0,legit_p2p,0,0,0,0,synthetic-v1
upi://mandate?pa=6931076360@okaxis&pn=Netflix&am=8108&recur=MONTHLY&tn=verify%20account,0,scam_autopay,0,0,0,0,synthetic-v1
upi//pay?pa=user80261568@okicici&pn=Blue%20Star%20Salon&am=1635,1,scam_tampered_qr,5,1,1,0,synthetic-v1
upi://pay?pa=asha@barodampay&pn=New%20Style%20Tailors&am=1000,0,legit_small_shop,0,0,0,0,synthetic-v1
upi://collect?pa=upi67738707@pnb&pn=Indian%20Army%20Canteen&am=2731&tn=Prize%20money%20credit,1,scam_collect,0,0,0,0,synthetic-v1
upi://pay?pa=upi14158010@upi&pn=PhonePe%20Cashback&am=15599&tn=pending%20bill,1,scam_impersonation,0,0,0,0,synthetic-v1
upi://pay?pa=farhan.rao@okaxis&pn=Amazon%20Lucky%20Winner&am=2952&tn=prize%20claim%20fee,1,scam_prize,4,1,0,0,synthetic-v1
upi://pay?pa=q419553000@ybl&pn=Royal%20Fruits&mc=5732,0,legit_merchant_static,0,0,0,0,synthetic-v1
upi://pay?pa=asha27@paytm&pn=Shreya%20Sharma,0,legit_p2p,0,0,0,0,synthetic-v1
upi://pay?pa=kumarmart86@okaxis&pn=Sharma%20General%20Store&mc=5331,0,legit_merchant_static,0,0,0,0,synthetic-v1
upi://pay?pa=paytmqr6759462754@paytm&pn=Anand%20Sweets&mc=5499,0,legit_merchant_static,0,0,0,0,synthetic-v1
upi://pay?pa=6815612003@pnb&pn=Lakshmi%20Tiffin%20Centre,0,legit_small_shop,0,0,0,0,synthetic-v1
upi://pay?pa=anjali158402@@okaxis&pn=RBI%20Grievance%20Cell,0,scam_tampered_qr,3,2,0,0,synthetic-v1
upi://pay?pa=divya.kumar@barodampay&pn=Asha%20Gupta&am=4493&tn=movie,0,legit_p2p,0,0,0,0,synthetic-v1
upi://pay?pa=anil.menon@axisbank&pn=Nikhil%20Reddy&am=3000.81&tn=birthday%20gift,0,legit_p2p,0,0,0,0,synthetic-v1
upi://pay?pa=9971501611@axl&pn=Sai%20Vegetables&am=6490,0,legit_small_shop,0,0,0,0,synthetic-v1
upi://pay?pa=arun52@oksbi,0,legit_p2p,0,0,0,0,synthetic-v1
upi://pay?pa=divya.das@apl&pn=BSF%20Officer%20Vijay&am=8942&tn=verification%20amount,1,scam_olx_army,0,0,0,0,synthetic-v1
upi://pay?pa=6535582987@hdfcbank&am=250,0,legit_small_shop,0,0,1,0,synthetic-v1
upi://pay?pa=divya37234@ybl&pn=KBC%20Lottery%20Winner&am=12499&tn=winner%20registration,1,scam_prize,0,0,0,0,synthetic-v1
upi://pay?pa=user75569121@ibl&am=25000&tn=investment,1,scam_quiet,6,2,0,1,synthetic-v1
upi://pay?pa=9670904802@apl&pn=Meera%20Singh&am=1000&tn=dinner,0,legit_p2p,0,0,0,0,synthetic-v1
upi://pay?pa=pinelabs.123669@hdfcbank&pn=Om%20Sai%20Kirana&am=569&mc=5912&tr=ORD712171499&tn=Invoice%207642,0,legit_merchant_dynamic,0,0,0,0,synthetic-v1
upi://pay?pa=acc77732180@sbi&pn=Army%20Officer%20Rakesh&am=13000&tn=verification%20amount,1,scam_olx_army,14,14,0,0,synthetic-v1
upi://pay?pa=treasury.ker@sbi&pn=Kerala%20Govt%20Treasury&am=12813&mc=6300&tr=TXN7606969191&tn=Property%20tax,0,legit_biller,0,0,0,0,synthetic-v1
upi://pay?pa=lakshmi.das@hdfcbank&pn=Anand%20Sweets&pa=6831165561@sbi,1,scam_tampered_qr,1,0,1,0,synthetic-v1
upi://pay?pa=7847186739@okaxis&pn=PhonePe%20Cashback&am=3829.27&tn=check%20www.refund-status.online,1,scam_link_in_note,0,0,0,0,synthetic-v1
upi://pay?pa=pinelabs.696737@hdfcbank&pn=Fresh%20Mart&am=19935&mc=7230&tr=ORD730821441&tn=Invoice%20524,0,legit_merchant_dynamic,0,0,0,0,synthetic-v1
upi://pay?pa=6154835572@okaxis&pn=Shreya%20Iyer&am=38000.16&tn=college%20fees,0,legit_family_large,1,0,0,0,synthetic-v1
upi://pay?pa=ashakhan548@yesbank&pn=Gurpreet%20Gupta&am=60000&tn=college%20fees,0,legit_family_large,0,0,0,0,synthetic-v1
upi://pay?pa=joseph.menon@yesbank&pn=Govt%20Subsidy%20Office&tn=pending%20bill,1,scam_impersonation,15,5,0,0,synthetic-v1
upi://pay?pa=9213495055@paytm&pn=Joseph%20Sharma&am=2949&tn=fees,0,legit_p2p,0,0,0,0,synthetic-v1
upi://pay?pa=razorpay.7919801@icici&pn=Balaji%20Fancy%20Store&am=5712&mc=5814&tr=ORD362372000&tn=Bill,0,legit_merchant_dynamic,0,0,0,0,synthetic-v1
upi://pay?pa=9214807467@kotak&pn=SBI%20Refund%20Dept&am=34999&tn=Claim%20your%20reward,1,scam_refund_receive,10,8,0,0,synthetic-v1
upi://pay?pa=mary88@idfcbank&pn=Shreya%20Iyer&am=2000&tn=petrol,0,legit_p2p,0,0,0,0,synthetic-v1
upi://pay?pa=meera30@ybl&pn=Swati%20Reddy&am=4732.30&tn=birthday%20gift,0,legit_p2p,0,0,0,0,synthetic-v1
upi://pay?pa=lic.premium@axisbank&pn=LIC%20Premium&am=6870&mc=9311&tr=TXN8865274303&tn=Consumer%20no%208570686,0,legit_biller,0,0,0,0,synthetic-v1
upi://pay?pa=7495430795@ibl&pn=Customs%20Clearance%20Officer&tn=pending%20bill,1,scam_impersonation,0,0,0,0,synthetic-v1
upi://collect?pa=user79958341@rbl&pn=Indian%20Army%20Canteen&am=15000&tn=advance%20for%20item,1,scam_olx_army,0,0,0,0,synthetic-v1
upi://pay?pa=rohit195105@ybl&am=31000&tn=trading%20profit,1,scam_quiet,7,2,0,0,synthetic-v1
upi://pay?pa=anil79@ybl&pn=Joseph%20Pillai&am=89350&tn=hospital%20bill,0,legit_family_large,0,0,0,0,synthetic-v1
upi://pay?pa=8410890934@axisbank&pn=Shreya%20Gupta&am=9000&tn=urgent,1,scam_quiet,7,5,0,0,synthetic-v1
upi://pay?pa=sbi.refund39@okaxis&pn=ICICI%20Bank%20Support&am=1099.05&tn=offer,1,scam_fake_merchant,6,5,0,0,synthetic-v1
upi://pay?pa=meera.naik@icici&tn=groceries,0,legit_p2p,0,0,0,0,synthetic-v1
upi://pay?pa=paytmqr8384751006@paytm&pn=Royal%20Fruits&am=9373&mc=5331&tr=ORD549343277,0,legit_merchant_dynamic,0,0,0,0,synthetic-v1
upi://pay?pa=razorpay.4579086@icici&pn=Balaji%20Fancy%20Store&am=2470&mc=5499&tr=ORD756097234&tn=Order%20payment&sign=MEUCIQ4fb21Ya2c4f95a2cX043,0,legit_merchant_dynamic,0,0,0,0,synthetic-v1
upi://pay?pa=pinelabs.174616@hdfcbank&pn=Royal%20Fruits&am=18039.84&mc=5311&tr=ORD483997678&tn=Bill,0,legit_merchant_dynamic,0,0,0,0,synthetic-v1
upi://pay?pa=upi34059526@axl&pn=Paytm%20KYC%20Team&am=14472&tn=case%20closure,1,scam_impersonation,15,2,0,0,synthetic-v1
upi://pay?pa=razorpay.6724797@icici&pn=Kumar%20Auto%20Works&am=13770.57&mc=5942&tr=ORD373326626,0,legit_merchant_dynamic,0,0,0,1,synthetic-v1
upi://pay?pa=razorpay.9884506@icici&pn=Janata%20Hardware&am=11437&mc=5331&tr=ORD670921772&tn=Bill&sign=MEUCIQ046XZ6d2fc99dZ6028f3,0,legit_merchant_dynamic,0,0,0,0,synthetic-v1
upi:/pay?pa=7688753692@pnb&pn=City%20Bakery,1,scam_tampered_qr,0,0,0,0,synthetic-v1
upi://pay?pa=6238945730@fbl&pn=RBI%20Grievance%20Cell&pa=7740972401@kvb,1,scam_tampered_qr,2,1,0,0,synthetic-v1
upi://pay?pa=q551819611@ybl&pn=Anand%20Sweets&mc=5732,0,legit_merchant_static,0,0,0,0,synthetic-v1
upi://pay?pa=lakshmi.khan@icici&pn=Govt%20Subsidy%20Office&am=14000&tn=Get%20cashback%20now,1,scam_refund_receive,0,0,0,0,synthetic-v1
upi://pay?pa=vikram68@icici&pn=Sneha%20Naik&am=36000&tn=wedding,0,legit_family_large,0,0,0,0,synthetic-v1
upi://pay?pa=lakshmi.iyer@okaxis&pn=Sneha%20Rao&tn=dinner,0,legit_p2p,0,0,0,0,synthetic-v1
upi://collect?pa=6461341943@okhdfcbank&pn=BSF%20Officer%20Vijay&am=768&tn=Receive%20payment%20from%20buyer,1,scam_collect,0,0,0,0,synthetic-v1
upi://pay?pa=sunita.gupta@timecosmos&pn=Arun%20Naik,0,legit_rare_handle,0,0,0,1,synthetic-v1
upi://pay?pa=sneha88@okicici&pn=Fatima%20Reddy&tn=rent,0,legit_p2p,3,0,0,0,synthetic-v1
upi://pay?pa=priya.gowda@okicici&pn=Arjun%20Nair&tn=gift,0,legit_p2p,0,0,0,0,synthetic-v1
upi://pay?pa=pay70005382@paytm&pn=Customs%20Clearance%20Officer&am=20899&tn=security%20deposit,1,scam_impersonation,0,0,0,0,synthetic-v1
upi://pay?pa=7862740473@icici&pn=Joseph%20Khan&am=918&tn=help,1,scam_quiet,4,1,0,0,synthetic-v1
upi://pay?pa=kavya.iyer@fbl&pn=Manoj%20Mishra&tn=tuition,0,legit_p2p,0,0,0,0,synthetic-v1
upi://pay?pa=sneha750@pnb&pn=Om%20Paan%20Shop&am=500,0,legit_small_shop,0,0,0,0,synthetic-v1
upi://pay?pa=7445953356@kvb&pn=Income%20Tax%20Department&am=37000.42&tn=Get%20cashback%20now,1,scam_refund_receive,1,0,0,0,synthetic-v1
upi://pay?pa=iskcon.bangalore@icici&pn=TTD%20Donations,0,legit_temple,0,0,0,0,synthetic-v1
upi://pay?pa=pinelabs.950205@hdfcbank&pn=Janata%20Hardware&am=3974&mc=5311&tr=ORD923793335&tn=Bill,0,legit_merchant_dynamic,0,0,0,0,synthetic-v1
upi://pay?pa=sneha.patel@icici&pn=Asha%20Sharma&am=670.21&tn=cab%20share,0,legit_p2p,0,0,0,0,synthetic-v1
upi://pay?pa=8168814288@okicici&pn=Farhan%20Joshi&am=1232&tn=groceries,0,legit_p2p,0,0,0,0,synthetic-v1
upi://pay?pa=8921191536@axisbank&pn=RBI%20Grievance%20Cell&am=32399.56&tn=Receive%20payment%20from%20buyer,1,scam_refund_receive,0,0,0,0,synthetic-v1
upi://pay?pa=suresh63811@oksbi&pn=Mega%20Prize%20Claim&am=15699&tn=winner%20registration,1,scam_prize,9,8,0,0,synthetic-v1
upi://pay?pa=pinelabs.492234@hdfcbank&pn=Hotel%20Annapoorna&am=9990.95&mc=5942&tr=ORD278080608&tn=Bill,0,legit_merchant_dynamic,0,0,0,0,synthetic-v1
upi://pay?pa=lakshmi.verma@dbs&pn=Suresh%20Menon,0,legit_rare_handle,0,0,0,0,synthetic-v1
upi://pay?pa=18404092@barodampay&pn=Electricity%20Board%20Officer&tn=verification,1,scam_impersonation,0,0,0,0,synthetic-v1
upi://pay?pa=lakshmi@yesbank&pn=Lakshmi%20Tiffin%20Centre&am=200,0,legit_small_shop,0,0,0,0,synthetic-v1
upi://pay?pa=hdfc.care51@jupiteraxis&pn=HDFC%20Customer%20Care&mc=0000&tn=refund,1,scam_fake_merchant,0,0,0,0,synthetic-v1
upi://pay?pa=waterboard.collect@icici&pn=Municipal%20Water%20Board&am=908&mc=9399&tr=TXN6071181032&tn=Consumer%20no%201121789,0,legit_biller,0,0,0,0,synthetic-v1
upi://pay?pa=meera46@tjsb&pn=Pooja%20Verma&am=2627,0,legit_rare_handle,1,0,2,0,synthetic-v1
upi://pay?pa=6231931444@ybl&pn=Anna%20Idli%20Stall&am=50&tn=payment,0,legit_small_shop,0,0,0,0,synthetic-v1
upi://pay?pa=manoj.nair@ybl&pn=Anjali%20Gupta&am=497.11&tn=dinner,0,legit_p2p,0,0,0,0,synthetic-v1
upi://pay?pa=ayeshagowda349@icici&pn=Rahul%20Gupta&am=80000&tn=house%20deposit,0,legit_family_large,0,0,0,0,synthetic-v1
upi://pay?pa=8714322668@kotak&pn=Metro%20Chaat,0,legit_small_shop,0,0,0,0,synthetic-v1
upi://pay?pa=anil.patel@idfcbank&pn=Ravi%20Patel&am=83000&tn=hospital%20bill,0,legit_family_large,0,0,0,0,synthetic-v1
upi://pay?pa=pooja.khan@fbl&pn=Pooja%20Rao&am=19000.60&tn=college%20fees,0,legit_family_large,0,0,0,0,synthetic-v1
upi://pay?pa=mary605071@hdfcbank&pn=RBI%20Grievance%20Cell&tn=verification,1,scam_impersonation,17,8,0,0,synthetic-v1
upi://pay?pa=shreya.nair@tjsb&pn=Vikram%20Patel&am=1783,0,legit_rare_handle,0,0,0,0,synthetic-v1
upi://pay?pa=kiran260264@sbi&pn=ICICI%20Bank%20Support&am=35499.51&tn=Refund%20of%20Rs%2035499.51,1,scam_refund_receive,3,2,0,0,synthetic-v1
upi://pay?pa=6971969963@pnb&tn=gift,0,legit_p2p,0,0,0,0,synthetic-v1
upi://pay?pa=treasury.ker@sbi&pn=Kerala%20Govt%20Treasury&am=5127&mc=9311&tr=TXN7305343761&tn=Bill%20payment,0,legit_biller,0,0,0,0,synthetic-v1
upi://pay?pa=pinelabs.154347@hdfcbank&pn=Janata%20Hardware&am=15013.65&mc=5411&tr=ORD63556978&tn=Bill,0,legit_merchant_dynamic,0,0,0,0,synthetic-v1
upi://pay?pa=irctc.pay@hdfcbank&pn=Indian%20Railways%20IRCTC&am=12427.62&mc=4900&tr=TXN5057959491&tn=Consumer%20no%205945537,0,legit_biller,0,0,0,0,synthetic-v1
upi://pay?pa=9273780514@kotak&pn=Income%20Tax%20Department&tn=verification,1,scam_impersonation,3,1,0,0,synthetic-v1
upi://pay?pa=q255202602@ybl&pn=City%20Bakery&mc=7538,0,legit_merchant_static,0,0,0,0,synthetic-v1
upi://pay?pa=swatirao367@fbl&am=1000&tn=maid%20salary,0,legit_p2p,0,0,0,0,synthetic-v1
upi://pay?pa=pinelabs.993885@hdfcbank&pn=Fresh%20Mart&am=15936&mc=7230&tr=ORD352875433&tn=Bill&sign=MEUCIQee9X8Ya1f9c9b6740Y62,0,legit_merchant_dynamic,0,0,0,0,synthetic-v1
upi://pay?pa=q656851163@ybl&pn=Om%20Sai%20Kirana&mc=5812,0,legit_merchant_static,0,0,0,0,synthetic-v1
upi://collect?pa=7838554073@sbi&pn=CRPF%20Jawan%20Sunil&am=6537&tn=Cashback%20credited%20on%20scan,1,scam_collect,1,1,0,0,synthetic-v1
upi://pay?pa=razorpay.4699803@icici&pn=Raj%20Mobile%20Point&am=17758&mc=7230&tr=ORD79734918&tn=Bill&sign=MEUCIQ570d729fY8eeY2d79aZX,0,legit_merchant_dynamic,0,0,0,0,synthetic-v1
upi://pay?pa=farhan.naik@upi&pn=Mary%20Rao&am=13026&tn=fees,0,legit_p2p,0,0,0,0,synthetic-v1
upi://pay?pa=cf.royal162@axisbank&pn=Metro%20Tailors&am=10761&mc=5411&tr=ORD848142517&tn=Invoice%202184&sign=MEUCIQ762ab90Ybcfd389ZcYZ0,0,legit_merchant_dynamic,3,0,1,0,synthetic-v1
upi://pay?pa=gurpreet71@axl&pn=Anjali%20Naik&tn=rent,0,legit_p2p,0,0,0,0,synthetic-v1
upi://pay?pa=paytmqr7344534533@paytm&pn=Om%20Sai%20Kirana&mc=7230&tn=Payment,0,legit_merchant_static,0,0,0,0,synthetic-v1
upi://pay?pa=anjali.reddy@okicici&pn=SBI%20Refund%20Dept&am=2163&tn=verification,1,scam_impersonation,1,0,0,0,synthetic-v1
upi://pay?pa=9218550155@paytm&pn=Prakash%20Patel&am=2000&tn=fees,0,legit_p2p,0,0,0,0,synthetic-v1
upi://pay?pa=fatima.gowda@fbl&pn=Priya%20Gupta&am=2670&tn=electricity%20share,0,legit_p2p,0,0,0,0,synthetic-v1
upi://pay?pa=shiva509@axl&pn=Shiva%20Flowers&am=5494.05&tn=payment,0,legit_small_shop,0,0,0,0,synthetic-v1
upi://pay?pa=7799700973@ibl&pn=Paytm%20KYC%20Team&am=21499&tn=Refund%20of%20Rs%2021499,1,scam_refund_receive,0,0,0,0,synthetic-v1
upi://pay?pa=6407732510@paytm&pn=Kavya%20Reddy&am=59000.88&tn=hospital%20bill,0,legit_family_large,0,0,0,0,synthetic-v1
upi://mandate?pa=pay27068210@pnb&pn=Amazon%20Prime&am=4550.80&recur=MONTHLY&tn=KYC,1,scam_autopay,1,0,0,0,synthetic-v1
upi://pay?pa=7884238498@oksbi&pn=Rahul%20Bose&am=1671.77&tn=petrol,0,legit_p2p,0,0,0,0,synthetic-v1
upi://pay?pa=rbi.claim39@kvb&pn=Flipkart%20Refund%20Team&mc=0000&am=8463&tn=cashback,1,scam_fake_merchant,0,0,0,0,synthetic-v1
upi://pay?pa=neha.nair@axisbank&am=27791&tn=urgent,1,scam_quiet,3,1,0,0,synthetic-v1
upi://pay?pa=pay55241388@@axl&pn=Police%20Cyber%20Cell,1,scam_tampered_qr,0,0,0,0,synthetic-v1
upi://pay?pa=paytmqr6356121076@paytm&pn=Kumar%20Auto%20Works&mc=7230,0,legit_merchant_static,0,0,0,0,synthetic-v1
upi://pay?pa=7391545105@fbl&pn=Govt%20Subsidy%20Office&am=32599&tn=Cashback%20credited%20on%20scan,1,scam_refund_receive,0,0,0,0,synthetic-v1
upi://collect?pa=53385316@paytm&pn=BSF%20Officer%20Vijay&am=8801&tn=Prize%20money%20credit,1,scam_collect,0,0,0,0,synthetic-v1
upi://pay?pa=paytmqr5978038426@paytm&pn=Green%20Leaf%20Veg,0,legit_merchant_static,0,0,0,0,synthetic-v1
upi://pay?pa=sureshmenon709@timecosmos&pn=Varun%20Kumar,0,legit_rare_handle,0,0,0,0,synthetic-v1
upi://pay?pa=cf.fresh800@axisbank&pn=Janata%20Hardware&am=15233.84&mc=5942&tr=ORD790749602&tn=Bill,0,legit_merchant_dynamic,0,0,0,0,synthetic-v1
upi://pay?pa=sristore79@okaxis&pn=Fresh%20Mart&mc=5942,0,legit_merchant_static,0,0,0,0,synthetic-v1
upi://pay?pa=pooja539388@idfcbank&pn=Jio%20Prize%20Department&am=21999&tn=tax%20on%20winning,1,scam_prize,0,0,0,0,synthetic-v1
upi://pay?pa=acc81808228@okicici&pn=Mary%20Shetty&am=35320&tn=urgent,1,scam_quiet,7,4,0,1,synthetic-v1
upi://pay?pa=bbmp.propertytax@sbi&pn=BBMP%20Property%20Tax&am=12149&mc=6300&tr=TXN9672469215&tn=Property%20tax,0,legit_biller,1,1,0,0,synthetic-v1
upi://pay?pa=7321721191@pnb&pn=Deepa%20Menon,0,legit_p2p,0,0,0,0,synthetic-v1
upi://collect?pa=anil.gupta@ibl&pn=BSF%20Officer%20Vijay&am=10000&tn=army%20canteen,1,scam_olx_army,0,0,0,0,synthetic-v1
upi://pay?pa=anil.singh@pnb&pn=SBI%20Refund%20Dept&am=15399&tn=security%20deposit,1,scam_impersonation,2,2,0,0,synthetic-v1
upi://pay?pa=waterboard.collect@icici&pn=Municipal%20Water%20Board&am=14742&mc=4112&tr=TXN9626494912&tn=Consumer%20no%206019222,0,legit_biller,0,0,0,0,synthetic-v1
upi://collect?pa=acc90501897@hdfcbank&pn=BSF%20Officer%20Vijay&am=14578&tn=Cashback%20credited%20on%20scan,1,scam_collect,0,0,0,0,synthetic-v1
upi://pay?pa=sunita.gupta@upi&pn=Ayesha%20Das&am=4179&tn=petrol,0,legit_p2p,0,0,0,0,synthetic-v1
upi://pay?pa=sunita64@okicici&am=4000&tn=fees,0,legit_p2p,0,0,0,0,synthetic-v1
upi://pay?pa=7241617071@yesbank&pn=Manoj%20Khan&tn=electricity%20share,0,legit_p2p,0,0,0,0,synthetic-v1
upi://pay?pa=rohit138303@upi&pn=Paytm%20KYC%20Team&am=781.76&tn=KYC%20update%20charge,1,scam_kyc_fee,0,0,0,0,synthetic-v1
upi://collect?pa=6902655115@icici&pn=Indian%20Army%20Canteen&am=22310&tn=security%20deposit,1,scam_olx_army,7,7,0,1,synthetic-v1
upi://pay?pa=rajstore56@okaxis&pn=Om%20Sai%20Kirana&mc=5311,0,legit_merchant_static,1,0,2,0,synthetic-v1
upi://mandate?pa=8265627526@icici&pn=Shreya%20Gowda&am=3299&recur=MONTHLY&tn=subscription,1,scam_autopay,1,0,0,0,synthetic-v1
upi://pay?pa=pinelabs.321100@hdfcbank&pn=Anand%20Sweets&am=3349&mc=7538&tr=ORD837026035&tn=Bill,0,legit_merchant_dynamic,0,0,0,0,synthetic-v1
upi://pay?pa=swati443916@okaxis&pn=Paytm%20KYC%20Team&am=1444.22&tn=KYC%20verification,1,scam_kyc_fee,0,0,0,0,synthetic-v1
upi://pay?pa=ravi761213@ibl&pn=Amazon%20Refund%20Desk&am=21499.10&tn=verification,1,scam_impersonation,0,0,0,0,synthetic-v1
upi://pay?pa=acc90493446@okaxis&pn=Amazon%20Refund%20Desk&am=24999,1,scam_impersonation,0,0,0,0,synthetic-v1
upi://pay?pa=marymishra642@pnb&pn=Lakshmi%20Reddy&tn=birthday%20gift,0,legit_p2p,0,0,0,0,synthetic-v1
upi://pay?pa=8275781938@yesbank&pn=TRAI%20Helpline&am=19210&tn=pending%20bill,1,scam_impersonation,0,0,0,0,synthetic-v1
upi://pay?pa=q591242091@ybl&pn=Blue%20Star%20Salon&tn=Payment,0,legit_merchant_static,0,0,0,0,synthetic-v1
upi://pay?pa=9737124913@kvb&pn=KBC%20Lottery%20Winner&am=18299&tn=prize%20claim%20fee,1,scam_prize,7,4,0,0,synthetic-v1
upi://pay?pa=gurpreet.kumar@sbi&pn=Vikram%20Singh&am=50000&tn=wedding,0,legit_family_large,0,0,0,0,synthetic-v1
upi://pay?pa=9885982480@kotak&pn=Manoj%20Singh&am=2998&tn=chai,0,legit_p2p,0,0,1,0,synthetic-v1
upi://pay?pa=farhan45@paytm&pn=Fatima%20Nair&tn=chai,0,legit_p2p,0,0,0,0,synthetic-v1
upi://pay?pa=paytmqr1131045836@paytm&pn=Blue%20Star%20Salon&mc=4121,0,legit_merchant_static,0,0,0,1,synthetic-v1
upi://pay?pa=bharatpe.64619256@fbpe&pn=Sharma%20General%20Store&mc=5814,0,legit_merchant_static,0,0,0,0,synthetic-v1
upi://pay?pa=pinelabs.168425@hdfcbank&pn=Green%20Leaf%20Veg&am=3363&mc=7230&tr=ORD658170071&tn=Invoice%206778,0,legit_merchant_dynamic,0,0,0,0,synthetic-v1
upi://pay?pa=paytmqr4914157246@paytm&pn=Om%20Sai%20Kirana&mc=5812,0,legit_merchant_static,0,0,0,0,synthetic-v1
upi://pay?pa=9715310096@paytm&pn=TRAI%20Helpline&tn=security%20deposit,1,scam_impersonation,3,1,0,0,synthetic-v1
upi://pay?pa=swati.das@kvb&pn=Rohit%20Nair,0,legit_rare_handle,0,0,0,0,synthetic-v1
upi://pay?pa=sharmastore20@okaxis&pn=Hotel%20Annapoorna&mc=7538&tn=Payment,0,legit_merchant_static,0,0,0,0,synthetic-v1
upi://pay?pa=q312715524@ybl&pn=Balaji%20Fancy%20Store,0,legit_merchant_static,0,0,0,0,synthetic-v1
upi://pay?pa=nikhilmishra579@ybl&pn=Rohit%20Reddy&am=3246&tn=loan%20return,0,legit_p2p,1,0,3,0,synthetic-v1
upi://pay?pa=farhankhan550@cmsidfc&pn=Arun%20Pillai,0,legit_rare_handle,0,0,0,0,synthetic-v1
upi://pay?pa=customer.care.help81@jupiteraxis&pn=Customs%20Clearance%20Officer&am=2999&tn=refund,1,scam_fake_merchant,13,7,0,0,synthetic-v1
upi://pay?pa=ayeshadas796@upi&pn=Neha%20Patel&am=4000.67&tn=cab%20share,0,legit_p2p,0,0,0,0,synthetic-v1
upi://pay?pa=ganeshstall@barodampay&pn=Ganesh%20Tea%20Stall&tn=bill,0,legit_small_shop,0,0,0,0,synthetic-v1
upi://pay?pa=razorpay.2578105@icici&pn=Kumar%20Auto%20Works&am=8724&mc=5814&tr=ORD360073022&tn=Invoice%208801,0,legit_merchant_dynamic,1,0,2,0,synthetic-v1
upi://pay?pa=q659698379@ybl&pn=Royal%20Fruits&mc=7230,1,legit_merchant_static,1,0,1,0,synthetic-v1
upi://pay?pa=irctc.pay@hdfcbank&pn=Indian%20Railways%20IRCTC&am=2401&mc=9311&tr=TXN9983334404&tn=Consumer%20no%206984522,0,legit_biller,0,0,0,0,synthetic-v1
upi://pay?pa=9445077693@axl&pn=ICICI%20Bank%20Support&am=43000&tn=Refund%20processing%20-%20scan%20to%20get,1,scam_refund_receive,11,3,0,0,synthetic-v1
upi://pay?pa=9860885521@upi&pn=KBC%20Lottery%20Winner&am=20799.36&tn=prize%20claim%20fee,1,scam_prize,0,0,0,0,synthetic-v1
upi://pay?pa=bescom.billdesk@hdfcbank&pn=BESCOM%20Bill%20Payment&am=7250&mc=6300&tr=TXN2343571253&tn=Bill%20payment,0,legit_biller,0,0,0,0,synthetic-v1
upi://pay?pa=6365699710@upi&pn=Nikhil%20Gowda&am=88537&tn=rent,0,legit_family_large,0,0,0,0,synthetic-v1
upi://pay?pa=paytmqr9365366764@paytm&pn=Sharma%20General%20Store&mc=7538,0,legit_merchant_static,0,0,0,0,synthetic-v1
upi://pay?pa=manoj31@pnb&am=3902&tn=petrol,0,legit_p2p,1,0,0,0,synthetic-v1
upi://pay?pa=arjun.naik@kotak&pn=Manoj%20Shetty&am=832&tn=electricity%20share,0,legit_p2p,0,0,0,0,synthetic-v1
upi://pay?pa=divya69@barodampay&pn=Divya%20Nair&tn=groceries,0,legit_p2p,0,0,0,0,synthetic-v1
upi://pay?pa=razorpay.6713962@icici&pn=Metro%20Tailors&am=4302.04&mc=5311&tr=ORD718422322&sign=MEUCIQXbZa48d17dbe8007f37e,0,legit_merchant_dynamic,0,0,0,0,synthetic-v1
upi://pay?pa=6877470132@fbl&pn=Kavya%20Rao&am=3052&tn=fees,0,legit_p2p,0,0,0,0,synthetic-v1
upi://pay?pa=q962697082@ybl&pn=Balaji%20Fancy%20Store&mc=5499,0,legit_merchant_static,0,0,0,0,synthetic-v1
upi://pay?pa=7682903330@axl&pn=ABC%20Store&am=10000&tn=payment,0,legit_small_shop,0,0,0,0,synthetic-v1
upi://pay?pa=pinelabs.428865@hdfcbank&pn=Sharma%20General%20Store&am=6567.57&mc=4121&tr=ORD734800885&tn=Order%20payment,0,legit_merchant_dynamic,0,0,0,0,synthetic-v1
upi://pay?pa=nikhilnair396@axisbank&pn=Manoj%20Gowda&am=3184&tn=electricity%20share,0,legit_p2p,0,0,0,0,synthetic-v1
upi://pay?pa=neha555785@fbl&pn=Jio%20Prize%20Department&am=17725&tn=tax%20on%20winning,1,scam_prize,16,6,0,0,synthetic-v1
upi://pay?pa=sanjay.bose@okhdfcbank&pn=HDFC%20Customer%20Care&am=9000&tn=Claim%20your%20reward,1,scam_refund_receive,0,0,0,0,synthetic-v1
upi://pay?pa=harish828330@apl&pn=Joseph%20Naik&am=49399&tn=Refund%20of%20Rs%2049399,1,scam_refund_receive,0,0,0,0,synthetic-v1
upi://pay?pa=paytmqr3566195786@paytm&pn=Fresh%20Mart&am=7783&mc=7230&tr=ORD329078894,0,legit_merchant_dynamic,0,0,0,0,synthetic-v1
upi://mandate?pa=6279122619@sbi&pn=Electricity%20Board&am=9780.74&recur=WEEKLY&tn=KYC,1,scam_autopay,25,13,0,0,synthetic-v1
upi://pay?pa=paytmqr8203707259@paytm&pn=Raj%20Mobile%20Point&mc=4121,0,legit_merchant_static,0,0,0,0,synthetic-v1
upi://pay?pa=kavya.sharma@axl&pn=Anjali%20Gowda&am=1189,0,legit_p2p,0,0,0,0,synthetic-v1
upi://pay?pa=razorpay.7038764@icici&pn=Hotel%20Annapoorna&am=19961&mc=7538&tr=ORD585545332&sign=MEUCIQ5c3d34dd4aZ4bY9248f4,0,legit_merchant_dynamic,0,0,0,0,synthetic-v1
upi://collect?pa=6971197477@ybl&pn=Paytm%20KYC%20Team&am=10163.74&tn=Receive%20payment%20from%20buyer,1,scam_collect,0,0,0,0,synthetic-v1
upi://pay?pa=bharatpe.56764457@fbpe&pn=Balaji%20Fancy%20Store&mc=5499,0,legit_merchant_static,0,0,0,0,synthetic-v1
upi://pay?pa=waterboard.collect@icici&pn=Municipal%20Water%20Board&am=5628&mc=9399&tr=TXN626653370&tn=Consumer%20no%205726160,0,legit_biller,0,0,0,0,synthetic-v1
upi://pay?pa=9998656324@oksbi&pn=Rohit%20Shetty&am=18000&tn=please%20send%20fast,1,scam_quiet,0,0,0,0,synthetic-v1
upi://pay?pa=annastore@okicici&pn=Anna%20Idli%20Stall&am=6835,0,legit_small_shop,0,0,0,0,synthetic-v1
upi://pay?pa=neha68800@oksbi&pn=Flipkart%20Refund%20Team&am=15836&tn=processing%20fee,1,scam_impersonation,5,2,0,0,synthetic-v1
upi://pay?pa=acc13389067@yesbank&pn=Paytm%20KYC%20Team&am=10999&tn=Refund%20of%20Rs%2010999,1,scam_refund_receive,0,0,0,0,synthetic-v1
upi://pay?pa=bharatpe.53122346@fbpe&pn=Royal%20Fruits&mc=5942&tn=Payment,0,legit_merchant_static,0,0,0,0,synthetic-v1
upi://pay?pa=varun34@icici&pn=Prakash%20Pillai&tn=cab%20share,0,legit_p2p,0,0,0,0,synthetic-v1
upi://pay?pa=user30904404@icici&pn=Customs%20Clearance%20Officer&tn=processing%20fee,1,scam_impersonation,0,0,0,0,synthetic-v1
upi://pay?pa=sneha.sharma@ibl&pn=Sneha%20Menon&tn=electricity%20share,0,legit_p2p,0,0,0,0,synthetic-v1
upi://pay?pa=meera.bose@apl&am=3735&tn=groceries,0,legit_p2p,0,0,0,0,synthetic-v1
upi://pay?pa=kavya.khan@oksbi,0,legit_p2p,0,0,0,0,synthetic-v1
upi://pay?pa=fatima.singh@rbl&pn=Divya%20Das&am=1899&tn=Re-activation%20charges,1,scam_kyc_fee,0,0,0,0,synthetic-v1
upi://pay?pa=6851556130@axl&am=2242&tn=cab%20share,0,legit_p2p,0,0,0,0,synthetic-v1
upi://pay?pa=9208707816@paytm&pn=Police%20Cyber%20Cell&am=24099&tn=Enter%20PIN%20to%20receive%20money,1,scam_refund_receive,5,4,0,0,synthetic-v1
upi://pay?pa=nehakhan493@ybl&pn=Asha%20Patel&am=3071&tn=loan%20return,0,legit_p2p,0,0,0,0,synthetic-v1
upi://pay?pa=upi65395372@apl&pn=RBI%20Grievance%20Cell&am=4194&tn=verification,1,scam_impersonation,0,0,0,0,synthetic-v1
upi://pay?pa=7519796184@okhdfcbank&pn=Jio%20Prize%20Department&am=14499.39&tn=lottery%20processing,1,scam_prize,0,0,0,0,synthetic-v1
upi://pay?pa=6202077684@barodampay&pn=Rahul%20Mobile%20Repair&am=100&tn=order,0,legit_small_shop,0,0,0,0,synthetic-v1
upi://pay?pa=varun594925@ybl&pn=Police%20Cyber%20Cell&am=17999&tn=Get%20cashback%20now,1,scam_refund_receive,6,5,0,0,synthetic-v1
upi://pay?pa=6911777616@rbl&pn=Neha%20Gowda,0,legit_rare_handle,0,0,0,0,synthetic-v1
upi://pay?pa=neha.singh@ybl&pn=Swati%20Gowda&am=2813&tn=fees,0,legit_p2p,0,0,0,0,synthetic-v1
upi://pay?pa=8950704021@oksbi&pn=Ayesha%20Pillai&tn=birthday%20gift,0,legit_p2p,0,0,0,1,synthetic-v1
upi://pay?pa=metroshop11@okaxis&pn=Metro%20Tailors&mc=5912,0,legit_merchant_static,0,0,0,0,synthetic-v1
upi://pay?pa=7240334029@okaxis&pn=Raju%20Juice%20Corner&tn=bill,0,legit_small_shop,0,0,0,0,synthetic-v1
upi://pay?pa=waterboard.collect@icici&pn=Municipal%20Water%20Board&am=4943.00&mc=4112&tr=TXN5408874309&tn=Property%20tax,0,legit_biller,0,0,0,0,synthetic-v1
upi://pay?pa=pay40195642@okaxis&pn=Army%20Officer%20Rakesh&am=3000.37&tn=verification%20amount,1,scam_olx_army,0,0,0,0,synthetic-v1
upi://collect?pa=7238156185@apl&pn=Income%20Tax%20Department&am=12872&tn=Receive%20payment%20from%20buyer,1,scam_collect,0,0,0,0,synthetic-v1
upi://pay?pa=6833313750@ybl&pn=Income%20Tax%20Department&tn=details%20http%3A%2F%2Fkyc-191.xyz,1,scam_link_in_note,9,3,0,0,synthetic-v1
upi://pay?pa=farhan.das@fbl&pn=Priya%20Sharma&am=1606&tn=movie,0,legit_p2p,0,0,0,0,synthetic-v1
upi://pay?pa=cf.blue694@axisbank&pn=Sri%20Lakshmi%20Medicals&am=3512&mc=5814&tr=ORD782934290&tn=Bill,0,legit_merchant_dynamic,0,0,0,0,synthetic-v1
upi://pay?pa=pinelabs.977392@hdfcbank&pn=Hotel%20Annapoorna&am=12864&mc=4121&tr=ORD272583607,0,legit_merchant_dynamic,0,0,0,0,synthetic-v1
upi://pay?pa=farhan.patel@oksbi&pn=Harish%20Gupta&am=44000&tn=birthday%20gift,0,legit_p2p,0,0,0,0,synthetic-v1
upi://pay?pa=pinelabs.778221@hdfcbank&pn=Blue%20Star%20Salon&am=1213&mc=4121&tr=ORD785079105&tn=Order%20payment,0,legit_merchant_dynamic,0,0,0,0,synthetic-v1
upi://pay?pa=rahul91@kotak&pn=Lakshmi%20Iyer,0,legit_p2p,1,0,3,0,synthetic-v1
upi://pay?pa=pay54951672@oksbi&pn=Flipkart%20Refund%20Team&am=2437&tn=Refund%20of%20Rs%202437,1,scam_refund_receive,0,0,0,0,synthetic-v1
upi://pay?pa=pay67855183@apl&pn=Income%20Tax%20Department&am=13000&tn=Enter%20PIN%20to%20receive%20money,1,scam_refund_receive,0,0,0,0,synthetic-v1
upi://autopay?pa=53266499@okaxis&pn=Electricity%20Board&am=2788.54&recur=MONTHLY&tn=subscription,1,scam_autopay,3,1,0,0,synthetic-v1
upi://collect?pa=7386067947@barodampay&pn=Ravi%20Bose&am=15170&tn=Enter%20PIN%20to%20receive%20money,1,scam_collect,27,22,0,0,synthetic-v1
upi://pay?pa=9583345490@paytm&pn=Jio%20Prize%20Department&am=2987&tn=GST%20on%20prize,1,scam_prize,0,0,0,0,synthetic-v1
upi://pay?pa=iskcon.bangalore@icici&pn=CRY%20Donations&mc=8398&am=923,1,legit_temple,0,0,0,0,synthetic-v1
upi://pay?pn=Shop&x=6775640880@paytm&pn=Balaji%20Fancy%20Store&am=6737,1,scam_tampered_qr,0,0,0,0,synthetic-v1
upi://pay?pa=bharatpe.78279856@fbpe&pn=Fresh%20Mart&mc=5411,0,legit_merchant_static,0,0,0,0,synthetic-v1
upi://pay?pa=cf.green813@axisbank&pn=Om%20Sai%20Kirana&am=4356&mc=7538&tr=ORD236991183&tn=Order%20payment,0,legit_merchant_dynamic,0,0,0,0,synthetic-v1
upi://pay?pa=6692793337@icici&pn=Rohit%20Sharma&am=75000&tn=car%20emi,0,legit_family_large,0,0,0,0,synthetic-v1
upi://pay?pa=9787938449@idfcbank&pn=Amazon%20Refund%20Desk&am=37000&tn=Enter%20PIN%20to%20receive%20money,1,scam_refund_receive,7,5,0,0,synthetic-v1
upi://pay?pa=7266002273@okhdfcbank&pn=HDFC%20Customer%20Care&am=1999&tn=security%20deposit,1,scam_impersonation,0,0,0,0,synthetic-v1
upi://pay?pa=7514703690@upi&pn=TRAI%20Helpline&am=1956.05&tn=verification,1,scam_impersonation,6,4,1,0,synthetic-v1
upi://pay?pa=paytmqr3246788891@paytm&pn=Sharma%20General%20Store&am=13753.83&mc=5411&tr=ORD551878322&tn=Bill,0,legit_merchant_dynamic,0,0,0,0,synthetic-v1
upi://pay?pa=7381294856@okicici&pn=Customs%20Clearance%20Officer&tn=details%20http%3A%2F%2Fkyc-405.xyz,1,scam_link_in_note,7,2,0,0,synthetic-v1
upi://pay?pa=citymart88@okaxis&pn=Metro%20Tailors&mc=5411,0,legit_merchant_static,0,0,1,0,synthetic-v1
upi://pay?pa=arun84@ibl&pn=Prakash%20Patel&am=1646&tn=dinner,0,legit_p2p,0,0,0,0,synthetic-v1
upi://pay?pa=swati71@okaxis&pn=Kiran%20Bose&am=4944&tn=gift,0,legit_p2p,0,0,0,0,synthetic-v1
upi://pay?pa=josephjoshi143@idfcbank&pn=Harish%20Joshi&tn=gift,0,legit_p2p,0,0,1,0,synthetic-v1
upi://pay?pa=pooja441@pnb&am=250&tn=bill,0,legit_small_shop,0,0,0,0,synthetic-v1
upi://pay?pa=pinelabs.847379@hdfcbank&pn=Blue%20Star%20Salon&am=660&mc=5331&tr=ORD438949339&tn=Invoice%201302&sign=MEUCIQe203dY585Z03b68e24eX,0,legit_merchant_dynamic,0,0,0,0,synthetic-v1
upi://pay?pa=irctc.pay@hdfcbank&pn=Indian%20Railways%20IRCTC&am=5178.87&mc=6300&tr=TXN8900646197&tn=Bill%20payment,0,legit_biller,0,0,0,0,synthetic-v1
upi://pay?pa=7830194020@okaxis&pn=Rahul%20Mobile%20Repair&tn=bill,0,legit_small_shop,0,0,0,0,synthetic-v1
upi://pay?pa=kiran.pillai@sbi&pn=Farhan%20Das&tn=birthday%20gift,0,legit_p2p,1,0,0,0,synthetic-v1
upi://pay?pa=7993419504@kvb&pn=Arun%20Iyer,0,legit_rare_handle,0,0,0,0,synthetic-v1
upi://pay?pa=kavya58@paytm&pn=Sanjay%20Gowda&am=2616&tn=loan%20return,0,legit_p2p,0,0,0,0,synthetic-v1
upi://pay?pa=kavya.mishra@ibl&pn=ICICI%20Bank%20Support&tn=pending%20bill,1,scam_impersonation,4,4,0,1,synthetic-v1
upi://pay?pa=6102377873@sbi&pn=Flipkart%20Refund%20Team&am=12899&tn=Receive%20payment%20from%20buyer,1,scam_refund_receive,13,4,0,0,synthetic-v1
upi://pay?pa=rohitshetty385@oksbi&pn=Vikram%20Singh&am=2113,0,legit_p2p,0,0,0,0,synthetic-v1
upi://pay?pa=bharatpe.95693996@fbpe&pn=Blue%20Star%20Salon&mc=5411,0,legit_merchant_static,0,0,0,0,synthetic-v1
upi://pay?pa=joseph74@idfcbank&pn=Lakshmi%20Pillai&am=1638,0,legit_p2p,0,0,0,0,synthetic-v1
upi://mandate?pa=9623478534@ibl&pn=Joseph%20Bose&am=9399&recur=WEEKLY&tn=verify%20account,1,scam_autopay,3,1,0,0,synthetic-v1
upi://pay?pa=harish510829@kotak&pn=Fatima%20Singh&am=999.11&tn=Account%20unblock%20fee,1,scam_kyc_fee,7,3,0,0,synthetic-v1
upi://pay?pa=paytmqr9621735857@paytm&pn=Anand%20Sweets&am=13177&mc=5499&tr=ORD389214551&tn=Order%20payment,0,legit_merchant_dynamic,0,0,1,0,synthetic-v1
upi://pay?pn=Shop&x=fatima.verma@rbl&pn=Sri%20Lakshmi%20Medicals,1,scam_tampered_qr,4,1,0,0,synthetic-v1
upi://pay?pa=farhanjoshi145@fbl&pn=Suresh%20Shetty&am=2607&tn=trading%20profit,1,scam_quiet,4,4,0,0,synthetic-v1
upi://pay?pa=suresh.das@ybl&pn=Amazon%20Refund%20Desk&am=1399&tn=pending%20bill,1,scam_impersonation,7,4,0,0,synthetic-v1
upi://pay?pa=ayesha.mishra@dbs&pn=Joseph%20Kumar,0,legit_rare_handle,0,0,0,0,synthetic-v1
upi://pay?pa=treasury.ker@sbi&pn=Kerala%20Govt%20Treasury&am=2795.52&mc=9399&tr=TXN9826048739&tn=Consumer%20no%209222297,0,legit_biller,0,0,0,0,synthetic-v1
upi://pay?pa=pinelabs.235062@hdfcbank&pn=Balaji%20Fancy%20Store&am=13710&mc=5311&tr=ORD154986908&tn=Invoice%206905&sign=MEUCIQ0836bfdfc7YY31Z5dX9X,0,legit_merchant_dynamic,0,0,0,0,synthetic-v1
upi://pay?pa=metrostall@barodampay&pn=Metro%20Chaat&tn=payment,0,legit_small_shop,0,0,0,0,synthetic-v1
upi://pay?pa=q540565176@ybl&pn=Om%20Sai%20Kirana&mc=5499,0,legit_merchant_static,0,0,0,0,synthetic-v1
upi://pay?pa=paytmqr8207803157@paytm&pn=Metro%20Tailors&am=15513.88&mc=5311&tr=ORD488217438,0,legit_merchant_dynamic,0,0,0,0,synthetic-v1
upi://pay?pa=lic.premium@axisbank&pn=LIC%20Premium&am=854&mc=9311&tr=TXN2453867903&tn=Consumer%20no%20261873,0,legit_biller,0,0,0,0,synthetic-v1
upi://pay?pa=joseph90@upi&pn=Arjun%20Naik&am=15000&tn=college%20fees,0,legit_family_large,0,0,0,0,synthetic-v1
upi://pay?pa=sanjay718651@pnb&pn=SBI%20Refund%20Dept&am=32000.44&tn=Claim%20your%20reward,1,scam_refund_receive,0,0,0,0,synthetic-v1
upi://pay?pa=acc85413178@axisbank&pn=ICICI%20Bank%20Support&am=1846&tn=details%20http%3A%2F%2Fkyc-282.xyz,1,scam_link_in_note,6,6,0,0,synthetic-v1
upi://mandate?pa=user94551003@icici&pn=Electricity%20Board&am=9838.35&recur=WEEKLY&tn=subscription,1,scam_autopay,3,3,0,0,synthetic-v1
upi://pay?pa=91227499@upi&pn=Customs%20Clearance%20Officer&am=18584&tn=case%20closure,1,scam_impersonation,0,0,0,0,synthetic-v1
upi://pay?pa=sai@fbl&pn=Sai%20Vegetables,0,legit_small_shop,0,0,0,0,synthetic-v1
upi://pay?pa=paytmqr8098882003@paytm&pn=Green%20Leaf%20Veg&am=10518&mc=4121&tr=ORD164598990&tn=Invoice%201920,0,legit_merchant_dynamic,0,0,0,0,synthetic-v1
upi://collect?pa=user66342312@ybl&pn=Paytm%20KYC%20Team&am=6438&tn=Cashback%20credited%20on%20scan,1,scam_collect,0,0,0,0,synthetic-v1
upi://pay?pa=8606027879@apl&pn=RBI%20Grievance%20Cell&am=24999&tn=Refund%20of%20Rs%2024999,0,scam_refund_receive,0,0,0,0,synthetic-v1
upi://collect?pa=pooja74439@okaxis&pn=Electricity%20Board%20Officer&am=13074&tn=Receive%20payment%20from%20buyer,1,scam_collect,12,9,0,0,synthetic-v1
upi:\pay?pa=25910046@fbl&pn=Income%20Tax%20Department&am=2817,1,scam_tampered_qr,0,0,0,0,synthetic-v1
upi://pay?pa=pay80070276@ibl&pn=CRPF%20Jawan%20Sunil&am=19000&tn=security%20deposit,1,scam_olx_army,0,0,0,0,synthetic-v1
upi://collect?pa=user91195293@kvb&pn=Army%20Officer%20Rakesh&am=4291&tn=advance%20for%20item,1,scam_olx_army,0,0,0,0,synthetic-v1
upi://mandate?pa=48678125@ibl&pn=Amazon%20Prime&am=7270.97&recur=MONTHLY&tn=KYC,1,scam_autopay,0,0,0,0,synthetic-v1
upi://pay?pa=6316864486@yesbank&pn=PhonePe%20Cashback&am=48000.01&tn=Refund%20processing%20-%20scan%20to%20get,1,scam_refund_receive,1,0,0,0,synthetic-v1
upi://pay?pa=pooja90@hdfcbank&pn=Anjali%20Nair&am=1182.39&tn=petrol,0,legit_p2p,0,0,0,0,synthetic-v1
upi://pay?pa=9685565527@okhdfcbank&pn=Prakash%20Sharma,0,legit_p2p,0,0,0,0,synthetic-v1
upi://pay?pa=asha55@okhdfcbank&tn=dinner,0,legit_p2p,0,0,0,0,synthetic-v1
upi://pay?pa=sanjay.gowda@yesbank&pn=Sunita%20Gupta&am=925&tn=tuition,0,legit_p2p,0,0,0,0,synthetic-v1
upi://pay?pa=6911952401@pnb&pn=Customs%20Clearance%20Officer&am=48799&tn=Refund%20processing%20-%20scan%20to%20get,1,scam_refund_receive,6,3,1,0,synthetic-v1
upi://pay?pa=q402759638@ybl&pn=Blue%20Star%20Salon&tn=Payment,0,legit_merchant_static,0,0,1,0,synthetic-v1
upi://pay?pa=6799824741@yesbank&pn=Asha%20Gowda&am=29893,1,scam_quiet,2,2,0,1,synthetic-v1
upi://pay?pa=meerashetty866@paytm&am=871&tn=groceries,0,legit_p2p,0,0,0,0,synthetic-v1
upi://pay?pa=nikhil.gupta@okicici&pn=Harish%20Rao&tn=tuition,0,legit_p2p,0,0,0,0,synthetic-v1
upi://pay?pa=9904643081@pnb&pn=Paytm%20KYC%20Team&am=2715&tn=KYC%20verification,1,scam_kyc_fee,3,2,0,1,synthetic-v1
upi://pay?pa=7845507411@okicici&pn=Suresh%20Gowda&am=3258&tn=rent,0,legit_p2p,1,0,0,0,synthetic-v1
upi://pay?pa=cf.janata565@axisbank&pn=Raj%20Mobile%20Point&am=6679&mc=5912&tr=ORD234344359&tn=Bill,0,legit_merchant_dynamic,0,0,0,0,synthetic-v1
upi://pay?pa=neha67@okicici&tn=movie,0,legit_p2p,0,0,0,0,synthetic-v1
upi://pay?pa=39907934@axl&pn=Deepa%20Menon&am=1699&tn=Account%20unblock%20fee,1,scam_kyc_fee,0,0,0,0,synthetic-v1
upi://pay?pa=q566253466@ybl&pn=Royal%20Fruits&mc=5732&tn=Payment,0,legit_merchant_static,0,0,0,0,synthetic-v1
upi://pay?pa=neha694220@kotak&pn=Customs%20Clearance%20Officer&am=27299&tn=Refund%20of%20Rs%2027299,1,scam_refund_receive,1,0,0,0,synthetic-v1
upi://pay?pa=paytmqr3135067710@paytm&pn=Kumar%20Auto%20Works&mc=5411&tn=Payment,0,legit_merchant_static,0,0,0,0,synthetic-v1
upi://pay?pa=7805036276@ybl,0,legit_p2p,0,0,0,0,synthetic-v1
upi://pay?pa=fatimarao336@pnb&pn=Swati%20Singh&am=1000&tn=electricity%20share,0,legit_p2p,0,0,0,0,synthetic-v1
upi://pay?pa=neha494388@axl&pn=Bank%20KYC%20Update&am=2462&tn=KYC%20update%20charge,1,scam_kyc_fee,5,5,0,0,synthetic-v1
upi://pay?pa=8870177348@yesbank&pn=Priya%20Das&am=30000,1,scam_quiet,0,0,0,0,synthetic-v1
upi://pay?pa=vikram568430@axl&pn=Flipkart%20Refund%20Team&am=17761&tn=Prize%20money%20credit,1,scam_refund_receive,0,0,0,0,synthetic-v1
upi://pay?pa=9611966243@kotak&pn=Customs%20Clearance%20Officer&am=10199&tn=verification,1,scam_impersonation,2,2,0,0,synthetic-v1
upi://pay?pa=irctc.pay@hdfcbank&pn=Indian%20Railways%20IRCTC&am=9996&mc=4900&tr=TXN4140758826&tn=Property%20tax,0,legit_biller,0,0,0,0,synthetic-v1
upi://pay?pa=q137079302@ybl&pn=Blue%20Star%20Salon&mc=5499,0,legit_merchant_static,2,0,1,0,synthetic-v1
upi://pay?pa=7856390217@upi&pn=Shreya%20Rao&am=42000&tn=wedding,0,legit_family_large,0,0,0,1,synthetic-v1
upi://pay?pa=ravi85@hdfcbank&pn=Ayesha%20Joshi&am=3828,0,legit_p2p,0,0,0,0,synthetic-v1
upi://pay?pa=fatimarao133@pnb&pn=Sanjay%20Nair&am=64000&tn=rent,0,legit_family_large,0,0,0,0,synthetic-v1
upi://pay?pa=paytmqr7066192303@paytm&pn=Sharma%20General%20Store&mc=7538,0,legit_merchant_static,1,0,0,0,synthetic-v1
upi://collect?pa=lakshmi804608@kotak&pn=HDFC%20Customer%20Care&am=14563&tn=Cashback%20credited%20on%20scan,1,scam_collect,8,7,0,0,synthetic-v1
upi://autopay?pa=priya182067@fbl&pn=Electricity%20Board&am=2956&recur=DAILY&tn=verify%20account,1,scam_autopay,0,0,0,0,synthetic-v1
upi://pay?pa=anjali.singh@fbl&pn=Lakshmi%20Khan&am=4896&tn=fees,0,legit_p2p,0,0,0,0,synthetic-v1
upi://autopay?pa=pay7236808@ibl&pn=Amazon%20Prime&am=9199&recur=DAILY&tn=verify%20account,1,scam_autopay,0,0,0,0,synthetic-v1
upi://pay?pa=acc35020959@pnb&pn=Police%20Cyber%20Cell&am=39999.22&tn=Claim%20your%20reward,1,scam_refund_receive,11,6,0,0,synthetic-v1
upi://pay?pa=lakshmisingh925@dbs&pn=Mary%20Rao,0,legit_rare_handle,0,0,0,0,synthetic-v1
upi://pay?pa=upi74075217@okhdfcbank&pn=BSF%20Officer%20Vijay&am=28000.89&tn=security%20deposit,1,scam_olx_army,3,3,1,1,synthetic-v1
upi://pay?pa=treasury.ker@sbi&pn=Kerala%20Govt%20Treasury&am=11913&mc=4112&tr=TXN2779425024&tn=Property%20tax,0,legit_biller,0,0,0,0,synthetic-v1
upi://pay?pa=paytmqr9436277945@paytm&pn=Om%20Sai%20Kirana&am=5358.44&mc=7230&tr=ORD404997061&tn=Bill,0,legit_merchant_dynamic,0,0,0,0,synthetic-v1
upi://pay?pa=iskcon.bangalore@icici&pn=CRY%20Donations&mc=8398,0,legit_temple,0,0,0,0,synthetic-v1
upi://pay?pa=9362817385@paytm&pn=Army%20Officer%20Rakesh&am=28000.48&tn=verification%20amount,1,scam_olx_army,15,12,0,0,synthetic-v1
upi://pay?pn=Shop&x=8998962030@yesbank&pn=Metro%20Tailors&am=3311.77,1,scam_tampered_qr,3,2,0,0,synthetic-v1
upi://pay?pa=pinelabs.627845@hdfcbank&pn=City%20Bakery&am=17636&mc=5732&tr=ORD867631999&tn=Bill,0,legit_merchant_dynamic,0,0,0,0,synthetic-v1
upi://collect?pa=6908347139@axl&pn=TRAI%20Helpline&am=2271&tn=Refund%20of%20Rs%205000,1,scam_collect,0,0,0,0,synthetic-v1
upi://pay?pa=priya408@pnb&pn=Priya%20Beauty%20Parlour,0,legit_small_shop,0,0,0,0,synthetic-v1
upi://pay?pa=sbi.refund@apl&pn=ICICI%20Bank%20Support&tn=refund,1,scam_fake_merchant,5,3,0,0,synthetic-v1
upi://mandate?pa=pooja695254@kotak&pn=Electricity%20Board&am=1188&recur=DAILY&tn=subscription,0,scam_autopay,1,1,0,0,synthetic-v1
upi://pay?pa=anil.patel@okaxis&pn=RBI%20Grievance%20Cell&tn=security%20deposit,1,scam_impersonation,0,0,0,0,synthetic-v1
upi://pay?pa=anil845@paytm&pn=Ganesh%20Tea%20Stall&am=200&tn=payment,0,legit_small_shop,3,0,1,0,synthetic-v1
upi://pay?pa=cf.royal815@axisbank&pn=Fresh%20Mart&am=13859.04&mc=7230&tr=ORD803533487,0,legit_merchant_dynamic,0,0,0,0,synthetic-v1
upi://pay?pa=bharatpe.21259102@fbpe&pn=Sharma%20General%20Store&mc=5912,0,legit_merchant_static,0,0,0,0,synthetic-v1
upi://pay?pa=lakshmigowda286@oksbi&pn=Nikhil%20Reddy&tn=groceries,0,legit_p2p,0,0,0,0,synthetic-v1
upi://pay?pa=8458418686@icici&pn=Income%20Tax%20Department&am=37965&tn=Scan%20to%20receive%20your%20refund,1,scam_refund_receive,15,10,0,0,synthetic-v1
upi://pay?pa=kiran.kumar@upi&pn=Sunita%20Reddy&tn=birthday%20gift,0,legit_p2p,0,0,0,0,synthetic-v1
upi://pay?pa=6599257228@axisbank&pn=Sharma%20General%20Store&pa=acc57239770@ybl,1,scam_tampered_qr,2,2,0,0,synthetic-v1
upi://pay?pa=razorpay.1007208@icici&pn=Balaji%20Fancy%20Store&am=13178&mc=5942&tr=ORD974206879&tn=Bill,0,legit_merchant_dynamic,0,0,0,0,synthetic-v1
upi://pay?pa=7493834830@ibl&pn=Ayesha%20Kumar&am=18934,1,scam_quiet,2,1,0,0,synthetic-v1
upi://collect?pa=8761338492@fbl&pn=PhonePe%20Cashback&am=10131&tn=Enter%20PIN%20to%20receive%20money,1,scam_collect,0,0,0,0,synthetic-v1
"upi://pay?pa=user3155963@icici&pn=Police%20Cyber%20Cell&am=1,00,000",1,scam_tampered_qr,17,12,0,0,synthetic-v1
upi://pay?pa=7452422241@axisbank&pn=Raju%20Juice%20Corner&tn=bill,0,legit_small_shop,0,0,0,0,synthetic-v1
upi://pay?pa=swati.das@yesbank&pn=Mary%20Gupta&am=13000&tn=maid%20salary,0,legit_p2p,0,0,0,0,synthetic-v1
upi://pay?pa=paytmqr5771437877@paytm&pn=Hotel%20Annapoorna&mc=5942&tn=Payment,0,legit_merchant_static,1,0,1,0,synthetic-v1
upi://pay?pa=8840166416@apl&pn=Anjali%20Kumar&am=487&tn=Re-activation%20charges,1,scam_kyc_fee,34,13,0,0,synthetic-v1
upi://pay?pa=8176492706@axisbank&pn=Meera%20Shetty&am=58000&tn=rent,0,legit_family_large,0,0,0,0,synthetic-v1
upi://pay?pa=incometax.refund87@upi&pn=PhonePe%20Cashback&am=1931&tn=cashback,1,scam_fake_merchant,0,0,0,0,synthetic-v1
upi://pay?pa=rbi.claim69@paytm&pn=Income%20Tax%20Department&am=8310,1,scam_fake_merchant,0,0,0,0,synthetic-v1
upi://pay?pa=kiran997382@hdfcbank&pn=Lucky%20Draw%20Office&am=16399&tn=GST%20on%20prize,1,scam_prize,0,0,0,0,synthetic-v1
upi://pay?pa=shreya10@yesbank&pn=Raju%20Juice%20Corner&am=200&tn=payment,0,legit_small_shop,0,0,0,0,synthetic-v1
upi://pay?pa=neha.bose@okaxis&pn=Prakash%20Menon&am=46219&tn=Claim%20your%20reward,1,scam_refund_receive,6,2,1,0,synthetic-v1
upi://pay?pa=7196847687@kvb&pn=Sneha%20Reddy&am=95,0,legit_rare_handle,0,0,0,0,synthetic-v1
upi://collect?pa=6784207527@rbl&pn=Electricity%20Board%20Officer&am=15276&tn=Get%20cashback%20now,1,scam_collect,4,4,0,0,synthetic-v1
upi://mandate?pa=rahul312832@ibl&pn=Amazon%20Prime&am=1599&recur=WEEKLY&tn=subscription,1,scam_autopay,2,2,1,0,synthetic-v1
upi://pay?pa=acc41519535@okhdfcbank&pn=SBI%20Refund%20Dept&tn=details%20http%3A%2F%2Fkyc-896.xyz,1,scam_link_in_note,0,0,0,0,synthetic-v1
upi://pay?pa=9553825110@dbs&am=33000&tn=please%20send%20fast,1,scam_quiet,2,1,0,0,synthetic-v1
upi://pay?pa=7579149023@kotak&pn=Indian%20Army%20Canteen&am=17000&tn=security%20deposit,1,scam_olx_army,0,0,0,0,synthetic-v1
upi://pay?pa=priyashetty342@upi&pn=Arjun%20Kumar&am=55643&tn=house%20deposit,0,legit_family_large,0,0,0,0,synthetic-v1
upi://pay?pa=paytmqr3378489157@paytm&pn=Janata%20Hardware&mc=7230,0,legit_merchant_static,0,0,0,0,synthetic-v1
upi://pay?pa=ayesha59@axl&am=2896&tn=fees,0,legit_p2p,0,0,0,0,synthetic-v1
upi://pay?pa=paytmqr9087000142@paytm&pn=Janata%20Hardware&mc=7230,0,legit_merchant_static,0,0,0,0,synthetic-v1
upi://pay?pa=suresh.nair@barodampay&pn=Amazon%20Lucky%20Winner&am=3299.90&tn=tax%20on%20winning,1,scam_prize,0,0,0,0,synthetic-v1
upi://pay?pa=7856245542@icici&pn=Sai%20Vegetables&tn=bill,0,legit_small_shop,1,0,2,0,synthetic-v1
upi://pay?pa=9236624629@axl&pn=Ayesha%20Gowda&am=4255&tn=gift,0,legit_p2p,0,0,0,0,synthetic-v1
upi://pay?pa=swatireddy114@barodampay&pn=Ayesha%20Sharma&am=1000&tn=tuition,0,legit_p2p,0,0,0,0,synthetic-v1
upi://pay?pa=vikram.das@tjsb&pn=Harish%20Singh&am=1838,0,legit_rare_handle,0,0,0,0,synthetic-v1
upi://pay?pa=sneha313743@ibl&pn=Mega%20Prize%20Claim&am=4799&tn=tax%20on%20winning,1,scam_prize,0,0,0,1,synthetic-v1
upi://pay?pa=razorpay.1134823@icici&pn=Anand%20Sweets&am=19332&mc=7538&tr=ORD915190199,0,legit_merchant_dynamic,0,0,0,0,synthetic-v1
upi://pay?pa=priya.gowda@okaxis&pn=ICICI%20Bank%20Support&am=24999,1,scam_impersonation,0,0,0,1,synthetic-v1
upi://pay?pa=kiran366@fbl,0,legit_small_shop,0,0,0,0,synthetic-v1
upi://pay?pa=neha89@barodampay&pn=Nikhil%20Verma&tn=cab%20share,0,legit_p2p,0,0,0,0,synthetic-v1
upi://pay?pa=kiran19@fbl&pn=Rahul%20Singh&am=3868&tn=rent,0,legit_p2p,0,0,0,0,synthetic-v1
upi://pay?pa=sanjay11@pnb&pn=Suresh%20Menon&tn=movie,0,legit_p2p,0,0,0,0,synthetic-v1
upi://pay?pa=7270248198@upi&pn=Varun%20Iyer&am=3534&tn=birthday%20gift,0,legit_p2p,0,0,0,0,synthetic-v1
upi://pay?pa=paytmqr4349975399@paytm&pn=Janata%20Hardware&am=14811&mc=4121&tr=ORD928502509&tn=Invoice%204103,0,legit_merchant_dynamic,0,0,0,0,synthetic-v1
upi://mandate?pa=user49008364@paytm&pn=Netflix&am=9399&recur=MONTHLY&tn=verify%20account,1,scam_autopay,19,5,0,0,synthetic-v1
upi://pay?pa=lic.premium@axisbank&pn=LIC%20Premium&am=218&mc=9311&tr=TXN5215514145&tn=Property%20tax,0,legit_biller,0,0,0,0,synthetic-v1
upi://pay?pa=8470599394@idfcbank&pn=Income%20Tax%20Department&tn=pending%20bill,1,scam_impersonation,1,1,0,0,synthetic-v1
upi://pay?pa=varun.naik@apl&pn=Gurpreet%20Verma&am=1299&tn=KYC%20verification,1,scam_kyc_fee,5,5,0,0,synthetic-v1
upi://pay?pa=lakshmi627942@axl&pn=Army%20Officer%20Rakesh&am=2957&tn=refundable%20deposit,1,scam_olx_army,1,1,0,0,synthetic-v1
upi://pay?pa=9497319200@rbl&pn=Govt%20Subsidy%20Office&am=14599&tn=Refund%20processing%20-%20scan%20to%20get,1,scam_refund_receive,0,0,0,0,synthetic-v1
upi://pay?pa=arjunreddy860@oksbi&pn=Anjali%20Nair&am=1000&tn=movie,0,legit_p2p,0,0,0,0,synthetic-v1
upi://pay?pa=bharatpe.13868811@fbpe&pn=Blue%20Star%20Salon&mc=5311,0,legit_merchant_static,0,0,0,0,synthetic-v1
upi://pay?pa=acc59622788@paytm&pn=Jio%20Prize%20Department&am=18799&tn=prize%20claim%20fee,1,scam_prize,6,1,0,0,synthetic-v1
upi://pay?pa=nehajoshi513@ybl&pn=Anil%20Das&am=4710&tn=movie,0,legit_p2p,0,0,0,0,synthetic-v1
upi:/pay?pa=user13434585@pnb&pn=Hotel%20Annapoorna,1,scam_tampered_qr,0,0,0,0,synthetic-v1
upi://pay?pa=razorpay.5287069@icici&pn=Balaji%20Fancy%20Store&am=11485&mc=7230&tr=ORD372204549&tn=Invoice%204017,0,legit_merchant_dynamic,0,0,0,0,synthetic-v1
upi://pay?pa=ayesha.pillai@kvb&pn=Electricity%20Board%20Officer,1,scam_impersonation,0,0,0,0,synthetic-v1
upi://pay?pa=bbmp.propertytax@sbi&pn=BBMP%20Property%20Tax&am=12381&mc=4112&tr=TXN693278532&tn=Bill%20payment,0,legit_biller,0,0,0,0,synthetic-v1
upi://pay?pa=vikramshetty935@hdfcbank&pn=Arun%20Mishra,0,legit_p2p,0,0,0,0,synthetic-v1
upi://pay?pa=priya28@icici&pn=Arun%20Khan&am=44000&tn=electricity%20share,0,legit_p2p,0,0,0,0,synthetic-v1
upi://pay?pa=9975428530@hdfcbank&pn=Fatima%20Gowda&am=803&tn=maid%20salary,0,legit_p2p,0,0,0,0,synthetic-v1
upi://pay?pa=8382752234@okaxis&pn=New%20Style%20Tailors&am=200&tn=bill,0,legit_small_shop,0,0,0,0,synthetic-v1
upi://pay?pa=8779569290@timecosmos&pn=Lakshmi%20Sharma&am=2453.43,0,legit_rare_handle,2,0,0,0,synthetic-v1
upi://pya?pa=6410858745@axl&pn=Income%20Tax%20Department,1,scam_tampered_qr,0,0,0,0,synthetic-v1
upi://pay?pa=user10735394@hdfcbank&pn=Jio%20Prize%20Department&am=22916&tn=tax%20on%20winning,1,scam_prize,8,6,0,1,synthetic-v1
upi://pay?pa=user15715303@@apl&pn=Govt%20Subsidy%20Office&am=1875.17,1,scam_tampered_qr,10,2,0,1,synthetic-v1
upi://pay?pa=paytm.kyc26@jupiteraxis&pn=Electricity%20Board%20Officer&mc=0000&tn=offer,1,scam_fake_merchant,3,3,0,0,synthetic-v1
upi://pay?pa=rajustore@oksbi&pn=Raju%20Juice%20Corner&tn=payment,0,legit_small_shop,0,0,0,0,synthetic-v1
upi://pay?pa=sunitapatel365@kotak&pn=Swati%20Joshi&tn=dinner,0,legit_p2p,0,0,0,0,synthetic-v1
upi://collect?pa=pay13188402@axl&pn=Indian%20Army%20Canteen&am=10000&tn=refundable%20deposit,1,scam_olx_army,4,3,0,0,synthetic-v1
upi://pay?pa=7976138899@hdfcbank&pn=Rahul%20Menon&am=4000.42&tn=fees,0,legit_p2p,0,0,0,0,synthetic-v1
upi//pay?pa=7784318846@apl&pn=Sharma%20General%20Store&am=4565,1,scam_tampered_qr,5,4,0,0,synthetic-v1
upi://pay?pa=meera.pillai@dlb&pn=Gurpreet%20Gupta&am=378.89,0,legit_rare_handle,0,0,0,0,synthetic-v1
upi://pay?pa=8697239516@barodampay&pn=Om%20Paan%20Shop&am=300&tn=bill,0,legit_small_shop,0,0,0,0,synthetic-v1
upi://pay?pa=iskcon.bangalore@icici&pn=ISKCON%20Temple,0,legit_temple,0,0,0,0,synthetic-v1
upi://pay?pa=q160856295@ybl&pn=Sharma%20General%20Store&mc=5311,0,legit_merchant_static,0,0,0,0,synthetic-v1
upi://pay?pa=sunitaiyer973@axisbank,0,legit_p2p,0,0,0,0,synthetic-v1
upi://pay?pa=8348517077@oksbi&pn=KBC%20Lottery%20Winner&am=20056.08&tn=winner%20registration,1,scam_prize,8,6,0,0,synthetic-v1
upi://autopay?pa=ravi.shetty@okhdfcbank&pn=Jio%20Recharge&am=8104&recur=MONTHLY&tn=KYC,1,scam_autopay,4,3,0,0,synthetic-v1
upi://pay?pa=pinelabs.692393@hdfcbank&pn=Metro%20Tailors&am=18123&mc=7538&tr=ORD420980412,0,legit_merchant_dynamic,0,0,0,0,synthetic-v1
upi://pay?pa=ayesha.singh@okhdfcbank&pn=Govt%20Subsidy%20Office&am=18599&tn=case%20closure,1,scam_impersonation,0,0,0,0,synthetic-v1
upi://pay?pa=bharatpe.50083777@fbpe&pn=Blue%20Star%20Salon&mc=5732,0,legit_merchant_static,0,0,0,0,synthetic-v1
upi://pay?pa=paytmqr2657082862@paytm&pn=Metro%20Tailors&am=13316&mc=5499&tr=ORD147282748&tn=Order%20payment&sign=MEUCIQ276230a716acZa4fY575,0,legit_merchant_dynamic,0,0,0,0,synthetic-v1
upi://pay?pa=paytmqr4931638970@paytm&pn=Hotel%20Annapoorna&mc=4121&tn=Payment,0,legit_merchant_static,1,0,1,0,synthetic-v1
upi://pay?pa=paytmqr9427435696@paytm&pn=Raj%20Mobile%20Point,0,legit_merchant_static,0,0,0,0,synthetic-v1
upi://pay?pa=gurudwara.seva@pnb&pn=Gurudwara%20Seva&mc=8398,0,legit_temple,0,0,0,0,synthetic-v1
upi://pay?pa=7967323603@okaxis&pn=Customs%20Clearance%20Officer&am=40799.58&tn=Scan%20to%20receive%20your%20refund,1,scam_refund_receive,8,7,0,0,synthetic-v1
upi://pay?pa=manojgupta584@ybl&tn=rent,0,legit_p2p,1,1,3,0,synthetic-v1
upi://pay?pa=8403297164@barodampay&pn=Kavya%20Singh&tn=fees,0,legit_p2p,0,0,0,0,synthetic-v1
upi://pay?pa=lakshmi.khan@icici&am=1000.98,1,scam_quiet,0,0,0,0,synthetic-v1
upi://pay?pa=anjalireddy398@upi&pn=Sneha%20Gowda&am=3018&tn=gift,0,legit_p2p,0,0,0,0,synthetic-v1
upi://pay?pa=manoj.patel@hdfcbank&pn=Kavya%20Iyer&am=2000&tn=petrol,0,legit_p2p,0,0,0,0,synthetic-v1
upi://pay?pa=7178641276@idfcbank&pn=Customs%20Clearance%20Officer&am=10899&tn=Scan%20to%20receive%20your%20refund,1,scam_refund_receive,6,4,0,0,synthetic-v1
upi://pay?pa=bharatpe.61682020@fbpe&pn=Janata%20Hardware&mc=5912&tn=Payment,0,legit_merchant_static,0,0,0,0,synthetic-v1
upi://pay?pa=pinelabs.213774@hdfcbank&pn=Anand%20Sweets&am=14532&mc=4121&tr=ORD920728445&tn=Bill,0,legit_merchant_dynamic,0,0,0,0,synthetic-v1
upi://pay?pa=manoj.patel@ibl&tn=chai,1,legit_p2p,0,0,0,0,synthetic-v1
upi://pay?pa=rahul.patel@pnb&pn=Sanjay%20Reddy&am=4099.84,0,legit_p2p,0,0,0,0,synthetic-v1
upi://pay?pa=6187782082@ibl&pn=Gurpreet%20Patel&tn=petrol,0,legit_p2p,2,0,2,0,synthetic-v1
upi://pay?pa=8157610031@sbi&am=27629&tn=task%20payment,1,scam_quiet,1,1,0,0,synthetic-v1
upi://pay?pa=q939792599@ybl&pn=City%20Bakery&mc=5411&tn=Payment,0,legit_merchant_static,0,0,0,0,synthetic-v1
upi://pay?pa=81716560@upi&pn=Income%20Tax%20Department&am=20199&tn=Claim%20your%20reward,1,scam_refund_receive,10,8,1,0,synthetic-v1
upi://pay?pa=paytmqr7742957530@paytm&pn=City%20Bakery&mc=5814&tn=Payment,0,legit_merchant_static,0,0,0,0,synthetic-v1
upi://pay?pa=9751311774@idfcbank&pn=Amazon%20Refund%20Desk&am=21599&tn=Cashback%20credited%20on%20scan,1,scam_refund_receive,0,0,0,0,synthetic-v1
upi://pay?pa=asha.verma@yesbank&pn=Suresh%20Menon&am=4000.15,0,legit_p2p,0,0,0,0,synthetic-v1
upi://pay?pa=bharatpe.26386460@fbpe&pn=Green%20Leaf%20Veg&mc=5912,0,legit_merchant_static,0,0,0,0,synthetic-v1
upi://pay?pa=arun.sharma@okhdfcbank&pn=Neha%20Menon&am=47000&tn=house%20deposit,0,legit_family_large,0,0,0,0,synthetic-v1
upi://pay?pa=paytmqr9102539090@paytm&pn=Janata%20Hardware&mc=4121,0,legit_merchant_static,0,0,0,0,synthetic-v1
upi://pay?pa=9592099554@hdfcbank&pn=Nikhil%20Naik&am=2172&tn=Re-activation%20charges,1,scam_kyc_fee,2,1,0,0,synthetic-v1
upi://pay?pa=kiran.singh@rbl&pn=Pooja%20Menon,0,legit_rare_handle,0,0,0,0,synthetic-v1
upi://pay?pa=9573416180@kotak&pn=CRPF%20Jawan%20Sunil&am=3000.48&tn=verification%20amount,1,scam_olx_army,0,0,0,0,synthetic-v1
upi://pay?pa=paytmqr7719072540@paytm&pn=Green%20Leaf%20Veg&mc=4121,0,legit_merchant_static,0,0,0,0,synthetic-v1
upi://pay?pa=9958308007@idfcbank&pn=Mega%20Prize%20Claim&am=21372&tn=GST%20on%20prize,1,scam_prize,16,16,0,0,synthetic-v1
upi://pay?pa=7694607743@barodampay&pn=Bank%20KYC%20Update&am=1464.26&tn=Account%20unblock%20fee,1,scam_kyc_fee,0,0,0,0,synthetic-v1
upi://pay?pa=6177281046@axisbank&pn=TRAI%20Helpline&am=17928.09&tn=processing%20fee,1,scam_impersonation,0,0,0,0,synthetic-v1
upi://pay?pa=paytmqr2848910021@paytm&pn=Balaji%20Fancy%20Store&am=9643.91&mc=5311&tr=ORD516296162&tn=Order%20payment,0,legit_merchant_dynamic,0,0,0,0,synthetic-v1
upi://pay?pa=9760089682@barodampay&pn=Fresh%20Fish%20Stall&tn=order,0,legit_small_shop,0,0,0,0,synthetic-v1
upi://pay?pa=joseph.gowda@ybl&pn=Deepa%20Sharma&am=2000&tn=dinner,0,legit_p2p,0,0,0,0,synthetic-v1
upi://pay?pa=6197881110@paytm&pn=Customs%20Clearance%20Officer&am=13000.74&tn=Refund%20of%20Rs%2013000.74,1,scam_refund_receive,0,0,0,0,synthetic-v1
upi://pay?pa=ganesh445@icici&pn=Ganesh%20Tea%20Stall&am=925&tn=order,0,legit_small_shop,0,0,0,0,synthetic-v1
upi://pay?pa=anandmart98@okaxis&pn=Hotel%20Annapoorna&mc=7230,0,legit_merchant_static,0,0,0,0,synthetic-v1
upi://pay?pa=cf.sharma298@axisbank&pn=Royal%20Fruits&am=14560&mc=7230&tr=ORD434447739&tn=Order%20payment,0,legit_merchant_dynamic,0,0,0,0,synthetic-v1
upi://pay?pa=pay66172954@@hdfcbank&pn=Electricity%20Board%20Officer&am=2542,1,scam_tampered_qr,0,0,0,0,synthetic-v1
upi://pay?pa=deepa.khan@hdfcbank&pn=Kiran%20Nair&tn=electricity%20share,0,legit_p2p,0,0,0,0,synthetic-v1
upi://pay?pa=gurpreet771374@fbl&pn=PhonePe%20Cashback&tn=visit%20bit.ly%2F75029%20to%20claim,1,scam_link_in_note,0,0,0,0,synthetic-v1
upi://pay?pa=lic.premium@axisbank&pn=LIC%20Premium&am=452&mc=4900&tr=TXN296486538&tn=Consumer%20no%205463447,0,legit_biller,0,0,0,0,synthetic-v1
upi://pay?pa=7761207104@kotak&pn=Bank%20KYC%20Update&am=2699&tn=KYC%20update%20charge,1,scam_kyc_fee,0,0,0,0,synthetic-v1
upi://pay?pa=paytmqr2364564016@paytm&pn=Sharma%20General%20Store&am=13892&mc=5499&tr=ORD120486867&tn=Order%20payment,0,legit_merchant_dynamic,0,0,0,0,synthetic-v1
upi://pay?pa=q958132619@ybl&pn=Janata%20Hardware&mc=5331&tn=Payment,0,legit_merchant_static,0,0,0,0,synthetic-v1
upi://pay?pa=7531323964@icici&tn=birthday%20gift,0,legit_p2p,0,0,0,0,synthetic-v1
upi:/pay?pa=neha354458@dbs&pn=Hotel%20Annapoorna,1,scam_tampered_qr,1,1,0,0,synthetic-v1
upi://pay?pa=8477810860@fbl&pn=Govt%20Subsidy%20Office&am=5488.02&tn=case%20closure,1,scam_impersonation,10,5,0,0,synthetic-v1
upi://pay?pa=acc97745628@upi&pn=KBC%20Lottery%20Winner&am=10889&tn=tax%20on%20winning,1,scam_prize,0,0,0,0,synthetic-v1
upi://pay?pa=kiran358921@yesbank&pn=SBI%20Refund%20Dept&am=14000&tn=Refund%20of%20Rs%2014000,1,scam_refund_receive,3,3,0,0,synthetic-v1
upi://pay?pa=anandshop35@okaxis&pn=Om%20Sai%20Kirana&mc=5912&tn=Payment,0,legit_merchant_static,0,0,0,0,synthetic-v1
upi://pay?pa=cf.kumar74@axisbank&pn=Anand%20Sweets&am=9025&mc=7230&tr=ORD585549616,0,legit_merchant_dynamic,0,0,0,0,synthetic-v1
upi://pay?pa=ashadas923@sbi&tn=cab%20share,0,legit_p2p,0,0,1,0,synthetic-v1
upi://pay?pa=kiran.naik@sbi&pn=Deepa%20Iyer,0,legit_p2p,1,0,0,0,synthetic-v1
upi://pay?pa=vikramgupta201@axisbank&pn=Deepa%20Sharma&am=48883&tn=house%20deposit,0,legit_family_large,0,0,0,0,synthetic-v1
upi://pay?pa=6444816895@upi&pn=Bank%20KYC%20Update&am=510&tn=PAN%20link%20fee,1,scam_kyc_fee,1,0,0,1,synthetic-v1
upi://pay?pa=anil42@hdfcbank&pn=Gurpreet%20Mishra&am=20223.85,0,legit_p2p,0,0,0,0,synthetic-v1
upi://pay?pa=meera.rao@yesbank&pn=Customs%20Clearance%20Officer&am=31299&tn=Refund%20of%20Rs%2031299,1,scam_refund_receive,4,3,0,0,synthetic-v1
upi://pay?pa=suresh712576@ibl&pn=Customs%20Clearance%20Officer&am=20499&tn=Refund%20of%20Rs%2020499,1,scam_refund_receive,5,2,0,0,synthetic-v1
upi://pay?pa=fatima.nair@barodampay&pn=Electricity%20Board%20Officer&am=5355&tn=security%20deposit,1,scam_impersonation,0,0,0,0,synthetic-v1
upi://pay?pa=bharatpe.59400173@fbpe&pn=Janata%20Hardware&mc=7538,0,legit_merchant_static,0,0,0,0,synthetic-v1
upi://pay?pa=9726139422@kvb&pn=HDFC%20Customer%20Care&am=49499&tn=Claim%20your%20reward,1,scam_refund_receive,0,0,0,0,synthetic-v1
upi://pay?pa=anjalirao124@okicici&am=2795.20&tn=loan%20return,0,legit_p2p,0,0,0,0,synthetic-v1
upi://pay?pa=joseph.das@paytm&pn=ICICI%20Bank%20Support&am=21099,1,scam_impersonation,6,3,0,0,synthetic-v1
upi://pay?pa=ravi90@sbi&pn=Ganesh%20Tea%20Stall,0,legit_small_shop,0,0,0,0,synthetic-v1
upi://pay?pa=6128638448@icici&pn=Deepa%20Reddy&am=11000&tn=electricity%20share,0,legit_p2p,0,0,0,0,synthetic-v1
upi://pay?pa=priya.bose@kotak&pn=Kavya%20Patel&am=199&tn=Re-activation%20charges,1,scam_kyc_fee,0,0,0,0,synthetic-v1
upi://pay?pa=npci.support@ibl&pn=Customs%20Clearance%20Officer&am=7726&tn=refund,1,scam_fake_merchant,4,1,0,0,synthetic-v1
upi://pay?pa=7380197411@dbs&pn=Gurpreet%20Mishra&am=2486.94,0,legit_rare_handle,0,0,1,0,synthetic-v1
upi://pay?pa=7430962676@axl&pn=Amazon%20Refund%20Desk&am=5699&tn=case%20closure,1,scam_impersonation,0,0,0,0,synthetic-v1
upi://pay?pa=pinelabs.482922@hdfcbank&pn=Sri%20Lakshmi%20Medicals&am=11355&mc=4121&tr=ORD495815596&tn=Invoice%206733,0,legit_merchant_dynamic,0,0,0,0,synthetic-v1
upi://pay?pa=mahalakshmishop@okhdfcbank&pn=Mahalakshmi%20Stores,0,legit_small_shop,0,0,0,0,synthetic-v1
upi://pay?pa=7217747430@axl&pn=RBI%20Grievance%20Cell&am=24399&tn=verification,1,scam_impersonation,0,0,0,0,synthetic-v1
upi://pay?pa=varun11@ybl&tn=movie,0,legit_p2p,0,0,0,0,synthetic-v1
upi://pay?pa=shreya520354@barodampay&pn=Amazon%20Lucky%20Winner&am=20502&tn=winner%20registration,1,scam_prize,0,0,0,0,synthetic-v1
upi://pay?pa=9345785607@oksbi&pn=City%20Laundry&tn=order,0,legit_small_shop,0,0,0,0,synthetic-v1
upi://pay?pa=9548843776@fbl&pn=Pooja%20Patel&am=88000&tn=rent,0,legit_family_large,0,0,0,0,synthetic-v1
upi://pay?pa=cf.anand686@axisbank&pn=Janata%20Hardware&am=17881.71&mc=5812&tr=ORD132196468&tn=Bill,0,legit_merchant_dynamic,0,0,0,0,synthetic-v1
upi://pay?pa=prakashnair143@ybl&pn=Nikhil%20Sharma&tn=fees,0,legit_p2p,0,0,0,0,synthetic-v1
upi://pay?pa=anilpatel306@sbi&pn=Mary%20Mishra&am=76153&tn=rent,0,legit_family_large,0,0,0,0,synthetic-v1
upi://pay?pa=gurpreet69@axisbank&pn=Vikram%20Verma&am=37289.15&tn=loan%20return,0,legit_p2p,0,0,0,0,synthetic-v1
upi://pay?pa=paytmqr3828903523@paytm&pn=City%20Bakery&mc=5812&tn=Payment,0,legit_merchant_static,0,0,0,0,synthetic-v1
upi://pay?pa=9936421942@barodampay&pn=Shiva%20Flowers&am=50,0,legit_small_shop,0,0,0,0,synthetic-v1
upi://pay?pa=9955956952@upi&pn=Meera%20Gupta&tn=movie,0,legit_p2p,0,0,0,0,synthetic-v1
upi://pay?pa=harish263112@okicici&pn=SBI%20Refund%20Dept&tn=whatsapp%209493347279,0,scam_link_in_note,0,0,0,0,synthetic-v1
upi://pay?pa=pooja.gowda@kotak&pn=RBI%20Grievance%20Cell&am=13637&tn=verification,1,scam_impersonation,0,0,0,0,synthetic-v1
upi://pay?pa=vikram110064@fbl&pn=Govt%20Subsidy%20Office&am=15899,1,scam_impersonation,10,6,0,0,synthetic-v1
upi://pay?pa=anil.pillai@icici&pn=BSF%20Officer%20Vijay&am=4076&tn=refundable%20deposit,1,scam_olx_army,0,0,0,0,synthetic-v1
upi://pay?pa=npci.support@okhdfcbank&pn=SBI%20Refund%20Dept&mc=0000&am=6499,1,scam_fake_merchant,1,1,0,0,synthetic-v1
upi://pay?pa=pinelabs.650118@hdfcbank&pn=Janata%20Hardware&am=12067.58&mc=4121&tr=ORD512756327&tn=Order%20payment,0,legit_merchant_dynamic,0,0,0,0,synthetic-v1
upi://pay?pa=nikhil.kumar@barodampay&pn=Ayesha%20Shetty,0,legit_p2p,0,0,0,0,synthetic-v1
upi://pay?pa=7126979091@axl&pn=Flipkart%20Refund%20Team&am=10859,1,scam_impersonation,0,0,0,0,synthetic-v1
upi://pay?pa=varun.nair@sbi&pn=Neha%20Sharma&tn=gift,0,legit_p2p,0,0,0,0,synthetic-v1
upi://pay?pa=sureshmishra719@idfcbank&pn=Priya%20Iyer&am=3000&tn=dinner,0,legit_p2p,0,0,0,0,synthetic-v1
upi://pay?pa=sbi.kyc.update@tjsb&pn=TRAI%20Helpline&am=8709&tn=offer,1,scam_fake_merchant,0,0,0,0,synthetic-v1
upi://mandate?pa=upi37009792@okaxis&pn=Jio%20Recharge&am=7499.55&recur=DAILY&tn=verify%20account,1,scam_autopay,0,0,0,0,synthetic-v1
upi://pay?pa=rohit45@sbi&pn=Priya%20Pillai&am=1000&tn=petrol,0,legit_p2p,0,0,0,0,synthetic-v1
upi://pay?pa=paytmqr5784604258@paytm&pn=Kumar%20Auto%20Works&mc=7538&tn=Payment,0,legit_merchant_static,0,0,0,0,synthetic-v1
upi://pay?pa=upi20497122@apl&pn=Electricity%20Board%20Officer&tn=verification,1,scam_impersonation,15,1,0,0,synthetic-v1
upi://pay?pa=bharatpe.70697701@fbpe&pn=Royal%20Fruits&mc=5499&tn=Payment,0,legit_merchant_static,0,0,0,0,synthetic-v1
upi://pay?pa=sneha25@icici&pn=Gurpreet%20Gowda&am=8000&tn=loan%20return,0,legit_p2p,0,0,0,0,synthetic-v1
upi://pay?pa=96408828@okicici&pn=Govt%20Subsidy%20Office&am=3831&tn=check%20www.refund-status.online,1,scam_link_in_note,0,0,0,0,synthetic-v1
upi://pay?pa=7997759711@fbl&pn=Rohit%20Menon&am=1839&tn=dinner,0,legit_p2p,0,0,0,0,synthetic-v1
upi://pay?pa=anil.verma@oksbi&pn=Customs%20Clearance%20Officer&am=6499&tn=Get%20cashback%20now,1,scam_refund_receive,0,0,0,0,synthetic-v1
upi://pay?pa=sneha.reddy@fbl&pn=BSF%20Officer%20Vijay&am=22000.69&tn=army%20canteen,1,scam_olx_army,0,0,0,0,synthetic-v1
upi://pay?pa=swati.kumar@okhdfcbank&pn=Anjali%20Das&am=49286&tn=wedding,0,legit_family_large,0,0,0,0,synthetic-v1
upi://pay?pa=7584487385@axisbank&pn=Govt%20Subsidy%20Office&am=45499&tn=Cashback%20credited%20on%20scan,1,scam_refund_receive,0,0,0,0,synthetic-v1
upi://pay?pa=shreya19293@ybl&pn=Paytm%20KYC%20Team&am=599&tn=KYC%20verification,1,scam_kyc_fee,0,0,0,0,synthetic-v1
upi://pay?pa=sunita77@apl&pn=Joseph%20Reddy&am=4428&tn=dinner,0,legit_p2p,1,1,1,0,synthetic-v1
upi://collect?pa=7481564559@ibl&pn=Flipkart%20Refund%20Team&am=12633&tn=Cashback%20credited%20on%20scan,1,scam_collect,0,0,0,0,synthetic-v1
upi://pay?pa=6448673493@oksbi&pn=Fatima%20Rao&am=36991&tn=cab%20share,0,legit_p2p,0,0,0,0,synthetic-v1
upi://pay?pa=fatima.gupta@yesbank&pn=Jio%20Prize%20Department&am=6599&tn=winner%20registration,1,scam_prize,0,0,0,0,synthetic-v1
upi://pay?pa=saistall@kotak&pn=Sai%20Vegetables&tn=bill,0,legit_small_shop,0,0,0,0,synthetic-v1
upi://pay?pa=q493011135@ybl&pn=City%20Bakery&mc=5732&tn=Payment,0,legit_merchant_static,0,0,0,0,synthetic-v1
upi://pay?pa=8541585271@axl&pn=Bank%20KYC%20Update&am=2619&tn=Account%20unblock%20fee,1,scam_kyc_fee,0,0,0,0,synthetic-v1
upi://pay?pa=user80640211@axisbank&pn=Bank%20KYC%20Update&am=2099.50&tn=Account%20unblock%20fee,1,scam_kyc_fee,1,1,0,0,synthetic-v1
upi://pay?pa=bharatpe.40886768@fbpe&pn=Janata%20Hardware&mc=5331,0,legit_merchant_static,0,0,0,0,synthetic-v1
upi://pay?pa=q280438534@ybl&pn=Janata%20Hardware&mc=5411,0,legit_merchant_static,0,0,0,0,synthetic-v1
upi://pay?pa=tirumala.donations@sbi&pn=CRY%20Donations&mc=8661,0,legit_temple,0,0,0,0,synthetic-v1
upi://pay?pa=arjun.rao@okaxis&pn=Mary%20Das&tn=gift,0,legit_p2p,0,0,0,0,synthetic-v1
upi://pay?pa=rahul@sbi&pn=Rahul%20Mobile%20Repair&am=4659,0,legit_small_shop,0,0,0,0,synthetic-v1
upi://pay?pa=royalstore38@okaxis&pn=Anand%20Sweets&mc=5411,0,legit_merchant_static,1,0,2,0,synthetic-v1
upi://pay?pa=kavyanaik874@fbl&pn=Swati%20Naik&tn=fees,0,legit_p2p,0,0,0,0,synthetic-v1
upi://pay?pa=harishbose557@oksbi&pn=Suresh%20Gowda&am=59000.62&tn=wedding,0,legit_family_large,0,0,1,0,synthetic-v1
upi://pay?pa=deepa.reddy@paytm&pn=Gurpreet%20Sharma,0,legit_p2p,0,0,1,0,synthetic-v1
upi://pay?pa=neha482@axl&pn=Shiva%20Flowers&am=5721.57,0,legit_small_shop,0,0,0,0,synthetic-v1
upi://pay?pa=9788861289@ybl&pn=BSF%20Officer%20Vijay&am=6000.36&tn=advance%20for%20item,1,scam_olx_army,1,0,0,0,synthetic-v1
upi://pay?pa=paytmqr2583305286@paytm&pn=Janata%20Hardware&mc=5814&tn=Payment,0,legit_merchant_static,0,0,0,0,synthetic-v1
upi://pay?pa=7237116563@ybl&pn=TRAI%20Helpline&tn=verification,1,scam_impersonation,4,1,0,0,synthetic-v1
upi://pay?pa=pinelabs.942532@hdfcbank&pn=Raj%20Mobile%20Point&am=4227&mc=4121&tr=ORD839946102&tn=Order%20payment,1,legit_merchant_dynamic,0,0,0,0,synthetic-v1
upi://pay?pa=neha.khan@okaxis&pn=Ravi%20Verma&am=18432&tn=hospital%20bill,0,legit_family_large,0,0,0,0,synthetic-v1
upi://pay?pa=irctc.pay@hdfcbank&pn=Indian%20Railways%20IRCTC&am=4330&mc=4900&tr=TXN7220798321&tn=Property%20tax,0,legit_biller,0,0,0,0,synthetic-v1
upi://pay?pa=8988695187@yesbank&pn=Income%20Tax%20Department&am=28699&tn=Receive%20payment%20from%20buyer,1,scam_refund_receive,3,3,0,0,synthetic-v1
upi://pay?pa=treasury.ker@sbi&pn=Kerala%20Govt%20Treasury&am=8556.17&mc=4900&tr=TXN9886236542&tn=Property%20tax,0,legit_biller,0,0,0,0,synthetic-v1
upi://pay?pa=upi35238678@okaxis&pn=Anjali%20Gupta&am=2634&tn=Account%20unblock%20fee,1,scam_kyc_fee,5,4,0,0,synthetic-v1
upi://pay?pa=razorpay.9499234@icici&pn=Kumar%20Auto%20Works&am=19583.27&mc=5732&tr=ORD738413810&tn=Invoice%206845,0,legit_merchant_dynamic,0,0,0,0,synthetic-v1
upi://pay?pn=Shop&x=9935090096@kvb&pn=PhonePe%20Cashback&am=5710,1,scam_tampered_qr,2,1,0,0,synthetic-v1
upi://pay?pa=kiran93@pnb&pn=Rohit%20Verma&am=17000&tn=fees,0,legit_p2p,0,0,0,0,synthetic-v1
upi://pay?pa=paytmqr3379190765@paytm&pn=Metro%20Tailors&mc=5311,0,legit_merchant_static,0,0,0,0,synthetic-v1
upi://pay?pa=mary.kumar@axisbank&pn=Police%20Cyber%20Cell&am=39299&tn=Claim%20your%20reward,1,scam_refund_receive,0,0,0,0,synthetic-v1
upi://mandate?pa=acc79959519@upi&pn=Electricity%20Board&am=1799&recur=WEEKLY&tn=verify%20account,1,scam_autopay,7,6,1,0,synthetic-v1
upi://pay?pa=pinelabs.552751@hdfcbank&pn=Green%20Leaf%20Veg&am=14339&mc=7538&tr=ORD564785083&tn=Order%20payment,0,legit_merchant_dynamic,0,0,0,0,synthetic-v1
upi://pay?pa=anil87264@upi&pn=RBI%20Grievance%20Cell&am=17000&tn=Refund%20of%20Rs%2017000,1,scam_refund_receive,0,0,0,0,synthetic-v1
upi://pay?pa=joseph95@okhdfcbank&pn=Fatima%20Reddy&tn=groceries,0,legit_p2p,3,0,0,0,synthetic-v1
upi:/pay?pa=acc98104232@okhdfcbank&pn=Blue%20Star%20Salon,1,scam_tampered_qr,0,0,0,0,synthetic-v1
upi://pay?pa=prakash.bose@okaxis&pn=Priya%20Singh&am=3896,0,legit_p2p,0,0,0,0,synthetic-v1
upi://pay?pa=arun.khan@paytm&pn=SBI%20Refund%20Dept&am=6214&tn=pending%20bill,1,scam_impersonation,0,0,0,0,synthetic-v1
upi://pay?pa=56597870@okicici&pn=Govt%20Subsidy%20Office&am=8999.21&tn=security%20deposit,1,scam_impersonation,0,0,0,0,synthetic-v1
upi://pay?pa=irctc.pay@hdfcbank&pn=Indian%20Railways%20IRCTC&am=4674&mc=4112&tr=TXN9484964620&tn=Bill%20payment,0,legit_biller,0,0,0,1,synthetic-v1
upi://pay?pa=bbmp.propertytax@sbi&pn=BBMP%20Property%20Tax&am=3092&mc=4112&tr=TXN2699153750&tn=Bill%20payment,0,legit_biller,0,0,0,0,synthetic-v1
upi://pay?pa=arun.verma@okaxis&pn=Lakshmi%20Patel&am=1000&tn=movie,0,legit_p2p,0,0,0,0,synthetic-v1
upi://pay?pa=8213515464@paytm&pn=City%20Laundry&am=100,0,legit_small_shop,0,0,0,0,synthetic-v1
upi://pay?pa=bescom.billdesk@hdfcbank&pn=BESCOM%20Bill%20Payment&am=7376&mc=6300&tr=TXN3138374061&tn=Consumer%20no%206673060,0,legit_biller,0,0,0,0,synthetic-v1
upi://pay?pa=ayesha.kumar@dbs&pn=Divya%20Nair,0,legit_rare_handle,0,0,0,0,synthetic-v1
upi://pay?pa=pinelabs.382813@hdfcbank&pn=Metro%20Tailors&am=11026&mc=5411&tr=ORD461380216&tn=Invoice%202220,0,legit_merchant_dynamic,0,0,0,0,synthetic-v1
upi://pay?pa=fatimapatel142@axisbank&pn=Priya%20Singh&am=832,0,legit_p2p,0,0,0,0,synthetic-v1
upi://pay?pa=kiran.das@ibl&pn=Harish%20Verma&am=43917&tn=Prize%20money%20credit,1,scam_refund_receive,4,3,0,0,synthetic-v1
upi://pay?pa=rajustore@oksbi&pn=Raju%20Juice%20Corner&am=1929&tn=bill,0,legit_small_shop,0,0,0,0,synthetic-v1
upi://pay?pa=phonepe.cashback87@timecosmos&pn=Income%20Tax%20Department&mc=0000&am=3999&tn=refund,1,scam_fake_merchant,3,3,0,0,synthetic-v1
upi://pay?pa=7318765953@oksbi&pn=Kiran%20Reddy&am=68372&tn=car%20emi,0,legit_family_large,0,0,0,0,synthetic-v1
upi://pay?pa=q283857590@ybl&pn=Sharma%20General%20Store&mc=5942,0,legit_merchant_static,0,0,0,0,synthetic-v1
upi://pay?pa=divya51@icici&tn=tuition,0,legit_p2p,0,0,0,0,synthetic-v1
upi://pay?pn=Shop&x=9570074590@okhdfcbank&pn=ICICI%20Bank%20Support&am=757.92,0,scam_tampered_qr,0,0,0,0,synthetic-v1
upi://pay?pa=9736151541@apl&pn=HDFC%20Customer%20Care&am=8203&tn=visit%20bit.ly%2F55857%20to%20claim,1,scam_link_in_note,0,0,0,0,synthetic-v1
upi://pay?pa=pooja.pillai@paytm&pn=Shreya%20Verma&am=1099&tn=KYC%20update%20charge,1,scam_kyc_fee,5,1,0,0,synthetic-v1
upi://pay?pa=arjun12@paytm&tn=maid%20salary,0,legit_p2p,0,0,0,0,synthetic-v1
upi://pay?pa=asha.pillai@paytm&pn=Lucky%20Draw%20Office&am=8140&tn=lottery%20processing,1,scam_prize,0,0,0,0,synthetic-v1
upi://pay?pa=9679540438@axisbank&pn=Sunita%20Nair&tn=trip%20share,0,legit_p2p,1,0,2,0,synthetic-v1
upi://pay?pa=pay2873872@pnb&pn=Income%20Tax%20Department&am=14003,1,scam_impersonation,5,2,0,0,synthetic-v1
upi://collect?pa=deepa70952@dbs&pn=Indian%20Army%20Canteen&am=16000&tn=refundable%20deposit,1,scam_olx_army,10,1,0,1,synthetic-v1
upi://pay?pa=sneha.verma@axl&pn=Electricity%20Board%20Officer&am=36199&tn=Cashback%20credited%20on%20scan,1,scam_refund_receive,0,0,0,0,synthetic-v1
upi://pay?pa=kavya117660@okhdfcbank&pn=ICICI%20Bank%20Support&tn=visit%20bit.ly%2F77163%20to%20claim,1,scam_link_in_note,4,4,0,0,synthetic-v1
upi://pay?pa=prakash67@pnb&am=951,0,legit_p2p,0,0,0,0,synthetic-v1
upi://pay?pa=vikram639624@ybl&pn=Army%20Officer%20Rakesh&am=16689&tn=advance%20for%20item,1,scam_olx_army,5,2,0,0,synthetic-v1
upi://pay?pa=cf.fresh65@axisbank&pn=Royal%20Fruits&am=13116&mc=5499&tr=ORD659802122&sign=MEUCIQ5Z8X9f8X25Z74894bY85,0,legit_merchant_dynamic,0,0,0,0,synthetic-v1
upi://pay?pa=swati.patel@okhdfcbank&pn=Mary%20Shetty&am=3549&tn=electricity%20share,0,legit_p2p,0,0,0,0,synthetic-v1
upi://pay?pa=rohit.shetty@rbl&pn=Flipkart%20Refund%20Team&am=15699&tn=pending%20bill,1,scam_impersonation,0,0,0,0,synthetic-v1
upi://pay?pa=divya.bose@okicici&pn=Mega%20Prize%20Claim&am=4235&tn=tax%20on%20winning,1,scam_prize,1,0,1,0,synthetic-v1
upi://pay?pa=kiran778130@yesbank&pn=KBC%20Lottery%20Winner&am=13091.97&tn=winner%20registration,1,scam_prize,0,0,0,0,synthetic-v1
upi://pay?pa=cf.raj996@axisbank&pn=Green%20Leaf%20Veg&am=9994&mc=5411&tr=ORD466389152&tn=Order%20payment,0,legit_merchant_dynamic,0,0,0,0,synthetic-v1
upi://pay?pa=paytmqr7718420915@paytm&pn=Fresh%20Mart&mc=5812,0,legit_merchant_static,0,0,0,0,synthetic-v1
upi://pay?pa=nikhil72@okhdfcbank&pn=Rohit%20Iyer&am=3000&tn=fees,0,legit_p2p,0,0,0,0,synthetic-v1
upi://pay?pa=icici.helpdesk45@jupiteraxis&pn=Police%20Cyber%20Cell&am=8379&tn=cashback,1,scam_fake_merchant,8,4,0,0,synthetic-v1
upi://pay?pa=7806013749@okhdfcbank&pn=Rohit%20Gowda&tn=chai,0,legit_p2p,0,0,0,0,synthetic-v1
upi://pay?pa=paytmqr3069762691@paytm&pn=Sharma%20General%20Store&mc=7538,0,legit_merchant_static,0,0,0,0,synthetic-v1
upi://pay?pa=farhan108067@sbi&pn=Paytm%20KYC%20Team&am=12811&tn=Prize%20money%20credit,1,scam_refund_receive,0,0,0,0,synthetic-v1
upi://pya?pa=57770476@okhdfcbank&pn=HDFC%20Customer%20Care&am=8648,1,scam_tampered_qr,0,0,0,0,synthetic-v1
upi://pay?pa=kiran.pillai@jupiteraxis&pn=Kiran%20Bose&am=1238,0,legit_rare_handle,0,0,0,0,synthetic-v1
upi://pay?pa=paytmqr8769452304@paytm&pn=Metro%20Tailors&mc=7230,0,legit_merchant_static,0,0,0,0,synthetic-v1
upi://pay?pa=7925458124@ybl&pn=Metro%20Chaat&am=300,0,legit_small_shop,0,0,0,0,synthetic-v1
upi://pay?pa=irctc.pay@hdfcbank&pn=Indian%20Railways%20IRCTC&am=14858&mc=9311&tr=TXN4348385800&tn=Consumer%20no%208030504,0,legit_biller,0,0,0,0,synthetic-v1
upi://pay?pa=bharatpe.14347321@fbpe&pn=Om%20Sai%20Kirana&mc=5812,0,legit_merchant_static,0,0,0,0,synthetic-v1
upi://pay?pa=60215441@oksbi&pn=ICICI%20Bank%20Support&am=16599&tn=Scan%20to%20receive%20your%20refund,1,scam_refund_receive,3,2,1,0,synthetic-v1
upi://pay?pa=9436687942@okicici&pn=Amazon%20Lucky%20Winner&am=19399.14&tn=GST%20on%20prize,1,scam_prize,0,0,0,0,synthetic-v1
upi://pay?pa=6737203956@icici&pn=Indian%20Army%20Canteen&am=21000&tn=refundable%20deposit,1,scam_olx_army,8,7,0,0,synthetic-v1
upi://pay?pa=ravi.joshi@ybl&pn=Lakshmi%20Menon&am=66980&tn=house%20deposit,0,legit_family_large,0,0,0,0,synthetic-v1
upi://pay?pa=manojnaik501@okicici&pn=Suresh%20Pillai&tn=maid%20salary,0,legit_p2p,0,0,0,0,synthetic-v1
upi://pay?pa=amazon.refund@dlb&pn=TRAI%20Helpline&am=3699&tn=offer,1,scam_fake_merchant,0,0,0,0,synthetic-v1
upi://pay?pa=q199949412@ybl&pn=Raj%20Mobile%20Point&mc=5311,0,legit_merchant_static,0,0,0,0,synthetic-v1
upi://pay?pa=8902043362@yesbank&pn=RBI%20Grievance%20Cell&am=19399&tn=case%20closure,1,scam_impersonation,0,0,0,0,synthetic-v1
upi://pay?pa=paytmqr4020775850@paytm&pn=Om%20Sai%20Kirana,0,legit_merchant_static,1,1,3,0,synthetic-v1
upi://pay?pa=irctc.pay@hdfcbank&pn=Indian%20Railways%20IRCTC&am=10948&mc=9311&tr=TXN2788114158&tn=Consumer%20no%201445552,0,legit_biller,0,0,0,0,synthetic-v1
upi://pay?pa=upi2450617@ybl&pn=TRAI%20Helpline&am=3649&tn=visit%20bit.ly%2F35508%20to%20claim,1,scam_link_in_note,5,1,1,0,synthetic-v1
upi://pay?pa=9177118091@okicici&pn=HDFC%20Customer%20Care&am=15000&tn=Claim%20your%20reward,1,scam_refund_receive,5,3,0,0,synthetic-v1
upi://pay?pa=user90433757@barodampay&pn=Paytm%20KYC%20Team&am=24&tn=Re-activation%20charges,1,scam_kyc_fee,1,0,1,0,synthetic-v1
upi://pay?pa=pay50810980@pnb&pn=Kavya%20Joshi&am=2797.81&tn=Prize%20money%20credit,1,scam_refund_receive,3,2,0,0,synthetic-v1
upi://mandate?pa=acc90728453@axisbank&pn=Electricity%20Board&am=6399&recur=MONTHLY&tn=KYC,1,scam_autopay,7,3,0,0,synthetic-v1
upi://pay?pa=rahul89@hdfcbank&pn=Manoj%20Das&tn=trip%20share,0,legit_p2p,0,0,0,0,synthetic-v1
upi://pay?pa=rohit.bose@idfcbank&pn=Ayesha%20Das&am=4835&tn=movie,0,legit_p2p,0,0,0,0,synthetic-v1
upi://pay?pa=paytmqr1671968968@paytm&pn=Royal%20Fruits,1,legit_merchant_static,0,0,0,0,synthetic-v1
upi://pay?pa=8476013073@kotak&pn=Fatima%20Gupta&am=73000&tn=car%20emi,0,legit_family_large,0,0,0,0,synthetic-v1
upi://pay?pa=80795378@barodampay&pn=SBI%20Refund%20Dept&am=37267.89&tn=Claim%20your%20reward,1,scam_refund_receive,19,16,0,0,synthetic-v1
upi://pay?pa=maryrao878@paytm&pn=Fatima%20Joshi&am=1000&tn=petrol,0,legit_p2p,0,0,0,0,synthetic-v1
upi://pay?pa=anandshop30@okaxis&pn=Raj%20Mobile%20Point&mc=5812,0,legit_merchant_static,0,0,0,0,synthetic-v1
upi://pay?pa=8895591677@okaxis&am=2446.72,0,legit_p2p,0,0,0,0,synthetic-v1
upi://collect?pa=upi12140483@upi&pn=Army%20Officer%20Rakesh&am=13388&tn=Enter%20PIN%20to%20receive%20money,1,scam_collect,3,3,0,0,synthetic-v1
upi://pay?pa=vikram.singh@icici&pn=Lakshmi%20Gowda&am=508&tn=petrol,0,legit_p2p,0,0,0,0,synthetic-v1
upi://pay?pa=7669507930@paytm&tn=bill,0,legit_small_shop,0,0,0,0,synthetic-v1
upi://pay?pa=upi18458057@@rbl&pn=Govt%20Subsidy%20Office,1,scam_tampered_qr,0,0,0,0,synthetic-v1
upi://pay?pa=7979214493@sbi&pn=PhonePe%20Cashback&am=4089&tn=pending%20bill,1,scam_impersonation,0,0,0,0,synthetic-v1
upi://pay?pa=arjun.das@barodampay&pn=Shreya%20Bose&am=13605.57&tn=hospital,1,scam_quiet,19,4,0,1,synthetic-v1
upi://pay?pa=prakashnaik2@apl&pn=Kavya%20Iyer&am=4000&tn=birthday%20gift,0,legit_p2p,0,0,0,0,synthetic-v1
upi://pay?pa=lakshmishetty643@yesbank&pn=Divya%20Joshi&am=2276&tn=petrol,0,legit_p2p,0,0,0,0,synthetic-v1
upi://pay?pa=sanjay.bose@rbl&pn=SBI%20Refund%20Dept&am=39399&tn=Receive%20payment%20from%20buyer,1,scam_refund_receive,0,0,0,0,synthetic-v1
upi://pay?pa=priya717628@barodampay&pn=Amazon%20Refund%20Desk&am=32000&tn=Enter%20PIN%20to%20receive%20money,1,scam_refund_receive,9,7,0,0,synthetic-v1
upi://pay?pa=razorpay.2656717@icici&pn=Green%20Leaf%20Veg&am=14793&mc=5331&tr=ORD483694867&tn=Bill,0,legit_merchant_dynamic,0,0,0,0,synthetic-v1
upi://pay?pa=annastall@ybl&pn=Anna%20Idli%20Stall&am=200,0,legit_small_shop,0,0,0,0,synthetic-v1
upi://collect?pa=kiran409432@paytm&pn=Indian%20Army%20Canteen&am=8000.20&tn=refundable%20deposit,1,scam_olx_army,6,5,0,0,synthetic-v1
upi://pay?pa=lic.premium@axisbank&pn=LIC%20Premium&am=7357&mc=9311&tr=TXN2078722686&tn=Bill%20payment,1,legit_biller,0,0,0,0,synthetic-v1
upi://pay?pa=88230403@ibl&pn=Indian%20Army%20Canteen&am=21000&tn=army%20canteen,1,scam_olx_army,5,5,0,0,synthetic-v1
upi://pay?pa=raju@okhdfcbank&pn=Raju%20Juice%20Corner&am=5000&tn=order,0,legit_small_shop,0,0,0,0,synthetic-v1
upi://pay?pa=paytmqr4325101716@paytm&pn=Sharma%20General%20Store&mc=5942,0,legit_merchant_static,0,0,0,0,synthetic-v1
upi://pay?pa=priyasharma281@upi&pn=Mary%20Khan&am=34.70,0,legit_p2p,0,0,0,0,synthetic-v1
upi://pay?pa=7711893864@upi&pn=Amazon%20Lucky%20Winner&am=10433&tn=GST%20on%20prize,1,scam_prize,4,4,0,0,synthetic-v1
upi://pay?pa=user6936414@idfcbank&pn=PhonePe%20Cashback&am=20222&tn=Receive%20payment%20from%20buyer,1,scam_refund_receive,0,0,0,0,synthetic-v1
upi://pay?pa=rahul.joshi@dbs&pn=Lakshmi%20Singh,0,legit_rare_handle,0,0,0,0,synthetic-v1
upi://pay?pa=paytmqr7515082326@paytm&pn=Om%20Sai%20Kirana&mc=5814,0,legit_merchant_static,0,0,0,0,synthetic-v1
upi://pay?pa=rahul.patel@kotak&pn=Bank%20KYC%20Update&am=299&tn=KYC%20verification,1,scam_kyc_fee,1,0,0,0,synthetic-v1
upi://pay?pa=anjali.sharma@upi&pn=Mary%20Naik&am=1552&tn=movie,0,legit_p2p,1,1,2,0,synthetic-v1
upi://pay?pa=9813034712@axl&pn=Jio%20Prize%20Department&am=12099&tn=tax%20on%20winning,1,scam_prize,13,10,0,0,synthetic-v1
upi://pay?pa=meeramishra713@pnb&pn=Prakash%20Mishra&am=82000&tn=rent,0,legit_family_large,0,0,0,0,synthetic-v1
upi://pay?pa=ashamenon813@okaxis&tn=trip%20share,0,legit_p2p,0,0,0,0,synthetic-v1
upi://pay?pa=lakshmi36@pnb&pn=Mary%20Pillai&am=18000&tn=house%20deposit,0,legit_family_large,0,0,0,0,synthetic-v1
upi://pay?pa=9940713351@upi&pn=Swati%20Naik&am=82000&tn=house%20deposit,0,legit_family_large,0,0,0,0,synthetic-v1
upi://pay?pa=9873171357@hdfcbank&pn=Gurpreet%20Menon&am=14000.30&tn=urgent,1,scam_quiet,8,8,0,0,synthetic-v1
upi://pay?pa=7109229534@yesbank&pn=Nikhil%20Gupta&am=42.08,0,legit_p2p,0,0,0,0,synthetic-v1
upi://pay?pa=9478003009@ybl&tn=fees,0,legit_p2p,1,0,2,0,synthetic-v1
"upi://pay?pa=9288590041@fbl&pn=Kumar%20Auto%20Works&am=1,00,000",1,scam_tampered_qr,7,3,0,0,synthetic-v1
upi://mandate?pa=kiran.joshi@sbi&pn=Netflix&am=1033&recur=MONTHLY&tn=subscription,1,scam_autopay,1,1,0,0,synthetic-v1
upi://pay?pa=swatiiyer565@jupiteraxis&pn=Prakash%20Verma&am=929,0,legit_rare_handle,0,0,0,0,synthetic-v1
upi://pay?pa=pinelabs.497967@hdfcbank&pn=Janata%20Hardware&am=9514.43&mc=5732&tr=ORD320618915&tn=Bill,0,legit_merchant_dynamic,0,0,0,0,synthetic-v1
upi://pay?pa=7867000908@axl&pn=Meera%20Pillai&am=32036&tn=help,1,scam_quiet,0,0,0,0,synthetic-v1
upi://pay?pa=7110327933@hdfcbank&pn=Income%20Tax%20Department&am=15052,1,scam_impersonation,0,0,0,0,synthetic-v1
upi://collect?pa=upi34232219@yesbank&pn=Paytm%20KYC%20Team&am=1639,1,scam_collect,6,4,0,0,synthetic-v1
upi://pay?pa=sbi.refund46@tjsb&pn=Amazon%20Refund%20Desk&mc=0000&tn=offer,1,scam_fake_merchant,2,2,0,0,synthetic-v1
upi://pay?pa=6628613408@paytm&pn=BSF%20Officer%20Vijay&am=27134&tn=army%20canteen,1,scam_olx_army,6,5,0,0,synthetic-v1
upi://pay?pa=priyastore@paytm&pn=Priya%20Beauty%20Parlour,0,legit_small_shop,2,0,3,0,synthetic-v1
upi://pay?pa=cf.city504@axisbank&pn=Royal%20Fruits&am=17944&mc=5499&tr=ORD927893878&tn=Bill,0,legit_merchant_dynamic,0,0,0,0,synthetic-v1
upi://pay?pa=farhan10@oksbi&pn=Sanjay%20Verma&tn=chai,0,legit_p2p,0,0,0,0,synthetic-v1
upi://pay?pa=q975859200@ybl&pn=City%20Bakery,0,legit_merchant_static,0,0,0,0,synthetic-v1
upi://pay?pa=waterboard.collect@icici&pn=Municipal%20Water%20Board&am=2443&mc=9311&tr=TXN1488436208&tn=Consumer%20no%206257271,0,legit_biller,0,0,0,0,synthetic-v1
upi://pay?pa=arun.verma@barodampay&pn=PhonePe%20Cashback&am=2361&tn=processing%20fee,1,scam_impersonation,0,0,0,0,synthetic-v1
upi://pay?pa=priya.nair@yesbank&pn=Shreya%20Khan&am=79000&tn=hospital%20bill,0,legit_family_large,0,0,0,0,synthetic-v1
upi://pay?pa=swatipatel44@ybl&pn=Pooja%20Verma&tn=cab%20share,0,legit_p2p,0,0,1,0,synthetic-v1
upi://pay?pa=9557750705@sbi&pn=New%20Style%20Tailors&am=100,0,legit_small_shop,0,0,0,0,synthetic-v1
upi://pay?pa=mahalakshmi547@yesbank&pn=Mahalakshmi%20Stores&am=5000,0,legit_small_shop,0,0,0,0,synthetic-v1
upi://pay?pa=rohit751301@axl&pn=RBI%20Grievance%20Cell&am=21299&tn=Scan%20to%20receive%20your%20refund,1,scam_refund_receive,0,0,0,0,synthetic-v1
upi://pay?pa=9447960355@ybl&pn=PhonePe%20Cashback&am=28000&tn=Prize%20money%20credit,1,scam_refund_receive,1,1,0,0,synthetic-v1
upi://pay?pa=asha.rao@ibl&pn=Farhan%20Shetty&am=16874&tn=please%20send%20fast,1,scam_quiet,6,2,0,0,synthetic-v1
upi://pay?pa=bharatpe.54566158@fbpe&pn=Anand%20Sweets&mc=7538&tn=Payment,0,legit_merchant_static,0,0,0,0,synthetic-v1
upi://pay?pa=snehanair675@oksbi&pn=Mary%20Gupta&tn=petrol,0,legit_p2p,0,0,0,0,synthetic-v1
upi://pay?pa=sneha496321@oksbi&pn=ICICI%20Bank%20Support&am=24000&tn=Scan%20to%20receive%20your%20refund,1,scam_refund_receive,1,1,0,0,synthetic-v1
upi://pay?pa=hdfc.care49@timecosmos&pn=SBI%20Refund%20Dept&tn=refund,1,scam_fake_merchant,1,1,0,0,synthetic-v1
upi://pay?pa=cf.kumar197@axisbank&pn=Blue%20Star%20Salon&am=16912.39&mc=5942&tr=ORD221545257,0,legit_merchant_dynamic,0,0,0,0,synthetic-v1
upi://pay?pa=meera27@barodampay&pn=Rahul%20Menon&am=1654&tn=movie,0,legit_p2p,0,0,0,0,synthetic-v1
upi://pay?pa=paytmqr5641240782@paytm&pn=Hotel%20Annapoorna&mc=5942&tn=Payment,0,legit_merchant_static,1,0,1,0,synthetic-v1
upi://pay?pa=sanjay.sharma@axl&pn=Fatima%20Patel&am=82000&tn=hospital%20bill,0,legit_family_large,0,0,1,0,synthetic-v1
upi://pay?pa=manoj11@ybl&pn=Meera%20Rao&am=16267&tn=hospital%20bill,0,legit_family_large,0,0,0,0,synthetic-v1
upi://pay?pa=paytmqr7148827817@paytm&pn=Balaji%20Fancy%20Store&mc=7538,0,legit_merchant_static,0,0,0,0,synthetic-v1
upi://pay?pa=8926805605@dbs&pn=Police%20Cyber%20Cell&am=14199&tn=case%20closure,1,scam_impersonation,2,1,0,0,synthetic-v1
upi://pay?pa=paytmqr8763443181@paytm&pn=Kumar%20Auto%20Works&am=15958&mc=5411&tr=ORD884172701,0,legit_merchant_dynamic,0,0,0,0,synthetic-v1
upi://pay?pa=9656530468@pnb&pn=Income%20Tax%20Department&am=20399&tn=Enter%20PIN%20to%20receive%20money,1,scam_refund_receive,0,0,0,0,synthetic-v1
upi://pay?pa=kavya538577@axl&pn=Kavya%20Nair&am=43000.05&tn=please%20send%20fast,1,scam_quiet,0,0,0,0,synthetic-v1
upi://pay?pa=8841075261@pnb&pn=Vikram%20Khan&am=22000&tn=help,1,scam_quiet,1,1,0,0,synthetic-v1
upi://pay?pa=fatima17@idfcbank&tn=tuition,0,legit_p2p,1,1,0,0,synthetic-v1
upi://pay?pa=rahulkumar355@tjsb&pn=Sunita%20Nair&am=849,0,legit_rare_handle,0,0,0,0,synthetic-v1
upi://pay?pa=arun71@sbi&pn=Sanjay%20Verma&am=1218&tn=trip%20share,0,legit_p2p,1,0,2,0,synthetic-v1
upi://pay?pa=deepasharma969@hdfcbank&pn=Sanjay%20Gupta&am=14000&tn=fees,0,legit_p2p,0,0,0,0,synthetic-v1
upi://pay?pa=neha.gowda@pnb&pn=Paytm%20KYC%20Team&tn=pending%20bill,1,scam_impersonation,2,2,0,0,synthetic-v1
upi:pay?pa=6818746211@rbl&pn=SBI%20Refund%20Dept,1,scam_tampered_qr,0,0,0,0,synthetic-v1
upi://pay?pa=arjun.mishra@axisbank&pn=Neha%20Iyer&tn=birthday%20gift,0,legit_p2p,0,0,0,0,synthetic-v1
upi://pay?pa=6370246805@icici&pn=Prakash%20Shetty&am=3000&tn=electricity%20share,0,legit_p2p,0,0,0,0,synthetic-v1
upi://pay?pa=8740733769@yesbank&pn=Swati%20Menon&am=20844&tn=help,1,scam_quiet,6,6,0,0,synthetic-v1
upi://pay?pa=8794657660@okaxis&pn=SBI%20KYC%20Cell&am=1099&tn=PAN%20link%20fee,1,scam_kyc_fee,0,0,0,0,synthetic-v1
upi://pay?pa=cry.donate@hdfcbank&pn=Gurudwara%20Seva&mc=8398&am=2539,0,legit_temple,0,0,0,0,synthetic-v1
upi://collect?pa=8514288929@barodampay&pn=Flipkart%20Refund%20Team&am=3275&tn=approve%20to%20receive,1,scam_collect,7,5,0,0,synthetic-v1
upi://pay?pa=ashasingh610@sbi&pn=Vikram%20Pillai&am=3330&tn=rent,0,legit_p2p,0,0,0,0,synthetic-v1
upi://pay?pa=gurudwara.seva@pnb&pn=CRY%20Donations&mc=8661,0,legit_temple,0,0,0,0,synthetic-v1
upi://mandate?pa=pay11667267@okhdfcbank&pn=Jio%20Recharge&am=1899&recur=MONTHLY&tn=cashback%20activation,1,scam_autopay,11,9,0,0,synthetic-v1
upi://pay?pa=greenstore96@okaxis&pn=Hotel%20Annapoorna&mc=5331,1,legit_merchant_static,0,0,0,0,synthetic-v1
upi://pay?pa=9775238120@okicici&pn=Gurpreet%20Reddy&am=41000,1,scam_quiet,0,0,0,0,synthetic-v1
upi://pay?pa=cf.kumar935@axisbank&pn=Om%20Sai%20Kirana&am=1392&mc=4121&tr=ORD861056309&tn=Invoice%208694,0,legit_merchant_dynamic,0,0,0,0,synthetic-v1
upi://collect?pa=upi51445767@sbi&pn=ICICI%20Bank%20Support&am=18847&tn=approve%20to%20receive,1,scam_collect,0,0,0,0,synthetic-v1
upi://pay?pa=shivastore@upi&pn=Shiva%20Flowers&am=3000&tn=payment,0,legit_small_shop,0,0,0,0,synthetic-v1
upi://pay?pa=9884958867@okaxis&pn=Kiran%20Bose,0,legit_p2p,0,0,0,0,synthetic-v1
upi://pay?pa=bharatpe.38974920@fbpe&pn=Green%20Leaf%20Veg&mc=5942&tn=Payment,0,legit_merchant_static,0,0,0,0,synthetic-v1
upi://pay?pa=suresh77@barodampay&pn=Swati%20Mishra&am=673&tn=movie,0,legit_p2p,0,0,0,0,synthetic-v1
upi://pay?pa=arun993@ibl&tn=payment,0,legit_small_shop,0,0,0,0,synthetic-v1
upi://pay?pa=6582080800@icici&pn=Meera%20Verma&am=1799&tn=Account%20unblock%20fee,1,scam_kyc_fee,2,1,0,0,synthetic-v1
upi://pay?pa=royalmart72@okaxis&pn=City%20Bakery&mc=5812&tn=Payment,0,legit_merchant_static,0,0,0,0,synthetic-v1
upi://pay?pa=amazon.refund@kotak&pn=SBI%20Refund%20Dept&tn=cashback,1,scam_fake_merchant,9,7,0,1,synthetic-v1
upi://pay?pa=priya.iyer@okaxis&pn=Kavya%20Gupta&am=16&tn=tuition,0,legit_p2p,0,0,0,0,synthetic-v1
upi://collect?pa=rahul52782@kvb&pn=Indian%20Army%20Canteen&am=18516&tn=Scan%20to%20receive%20your%20refund,1,scam_collect,11,11,1,0,synthetic-v1
upi://pay?pa=manojsharma163@fbl&pn=Sunita%20Patel&am=4910&tn=gift,0,legit_p2p,0,0,0,0,synthetic-v1
upi://pay?pa=pinelabs.227072@hdfcbank&pn=Om%20Sai%20Kirana&am=7585&mc=5311&tr=ORD349289216&tn=Order%20payment,0,legit_merchant_dynamic,0,0,0,0,synthetic-v1
upi://pay?pa=6986632860@upi&pn=Lakshmi%20Tiffin%20Centre&tn=order,0,legit_small_shop,0,0,0,0,synthetic-v1
upi://pay?pa=kiranmenon225@axisbank&pn=Neha%20Iyer&am=4000&tn=rent,0,legit_p2p,0,0,0,0,synthetic-v1
upi//pay?pa=8981221618@kvb&pn=ICICI%20Bank%20Support,1,scam_tampered_qr,2,2,0,0,synthetic-v1
upi://pay?pa=8320844069@kotak&pn=Varun%20Kumar,0,legit_p2p,0,0,0,0,synthetic-v1
upi://pay?pa=joseph.joshi@barodampay&pn=Gurpreet%20Sharma&am=4000&tn=birthday%20gift,0,legit_p2p,0,0,0,0,synthetic-v1
upi://pay?pa=swati84@icici&pn=Divya%20Sharma&tn=cab%20share,0,legit_p2p,0,0,0,0,synthetic-v1
upi://pay?pa=kavyarao246@apl&pn=Swati%20Shetty&am=303&tn=movie,0,legit_p2p,0,0,0,0,synthetic-v1
upi://pay?pa=31103737@idfcbank&pn=Amazon%20Lucky%20Winner&am=3978&tn=tax%20on%20winning,1,scam_prize,4,2,0,0,synthetic-v1
upi://pay?pa=paytmqr7816861178@paytm&pn=Janata%20Hardware&am=13321&mc=5411&tr=ORD692276856&tn=Bill,0,legit_merchant_dynamic,0,0,0,0,synthetic-v1
upi://pay?pa=6195613994@okaxis&pn=Arjun%20Pillai&tn=tuition,0,legit_p2p,0,0,0,0,synthetic-v1
upi://pay?pa=anil.das@paytm&pn=Rahul%20Mishra&am=41000&tn=hospital%20bill,0,legit_family_large,0,0,0,0,synthetic-v1
upi://pay?pa=nikhil49@sbi&pn=Anjali%20Gupta&am=3369.21&tn=fees,0,legit_p2p,0,0,0,0,synthetic-v1
upi://autopay?pa=8667825792@pnb&pn=Netflix&am=4199&recur=DAILY&tn=cashback%20activation,1,scam_autopay,8,5,1,0,synthetic-v1
upi://collect?pa=arun.iyer@rbl&pn=Police%20Cyber%20Cell&am=4376.90,1,scam_collect,0,0,0,0,synthetic-v1
upi://pay?pa=acc91909482@idfcbank&pn=HDFC%20Customer%20Care&am=3069&tn=case%20closure,1,scam_impersonation,1,0,0,0,synthetic-v1
upi://pay?pa=paytmqr2985393930@paytm&pn=Metro%20Tailors&mc=5311&tn=Payment,0,legit_merchant_static,0,0,0,0,synthetic-v1
upi://collect?pa=6927732494@okhdfcbank&pn=SBI%20Refund%20Dept&am=8572&tn=Cashback%20credited%20on%20scan,1,scam_collect,7,7,0,0,synthetic-v1
upi://pay?pa=cf.anand59@axisbank&pn=Balaji%20Fancy%20Store&am=1608&mc=5912&tr=ORD631018434,0,legit_merchant_dynamic,0,0,0,0,synthetic-v1
upi://pay?pa=bharatpe.72980516@fbpe&pn=Kumar%20Auto%20Works&mc=7538,0,legit_merchant_static,0,0,0,0,synthetic-v1
upi://pay?pa=8171733727@ybl&pn=Farhan%20Patel&am=2672&tn=electricity%20share,0,legit_p2p,0,0,0,0,synthetic-v1
upi://pay?pa=paytmqr9958965847@paytm&pn=Fresh%20Mart&mc=5331,0,legit_merchant_static,0,0,0,0,synthetic-v1
upi://pay?pa=6322569242@axisbank&pn=Mary%20Verma&tn=tuition,0,legit_p2p,0,0,0,0,synthetic-v1
upi://pay?pa=meera190131@yesbank&pn=RBI%20Grievance%20Cell&am=11699&tn=verification,0,scam_impersonation,0,0,0,0,synthetic-v1
upi://collect?pa=pay6015693@paytm&pn=Indian%20Army%20Canteen&am=2000&tn=verification%20amount,1,scam_olx_army,13,4,1,0,synthetic-v1
upi://pay?pa=tirumala.donations@sbi&pn=TTD%20Donations&mc=8661&am=2283.02,0,legit_temple,0,0,0,0,synthetic-v1
upi://pay?pa=q285233629@ybl&pn=Metro%20Tailors&mc=5912,0,legit_merchant_static,0,0,0,0,synthetic-v1
upi://pay?pa=tirumala.donations@sbi&pn=Gurudwara%20Seva&mc=8661,0,legit_temple,1,1,2,0,synthetic-v1
upi://pay?pa=incometax.refund@icici&pn=Flipkart%20Refund%20Team&mc=0000&am=8839&tn=refund,1,scam_fake_merchant,0,0,0,0,synthetic-v1
upi://pay?pa=ravi.gupta@kotak&pn=SBI%20Refund%20Dept&am=1415&tn=whatsapp%207681985287,1,scam_link_in_note,0,0,0,0,synthetic-v1
upi://pay?pa=ayesha772352@axl&pn=Amazon%20Lucky%20Winner&am=13099.74&tn=GST%20on%20prize,1,scam_prize,0,0,0,0,synthetic-v1
upi://pay?pa=pinelabs.420640@hdfcbank&pn=City%20Bakery&am=12888&mc=5814&tr=ORD962840036&tn=Bill&sign=MEUCIQ99a7e4803Y27a1db0de4,0,legit_merchant_dynamic,0,0,0,0,synthetic-v1
upi://pay?pa=razorpay.3248325@icici&pn=Royal%20Fruits&am=14576.67&mc=7538&tr=ORD727012838&tn=Bill,0,legit_merchant_dynamic,0,0,0,0,synthetic-v1
upi://pay?pa=deepa.sharma@kotak&pn=Farhan%20Rao&tn=groceries,0,legit_p2p,0,0,0,0,synthetic-v1
upi://pay?pa=suresh39@hdfcbank&pn=Metro%20Chaat&am=7478.93,0,legit_small_shop,0,0,0,0,synthetic-v1
upi://pay?pa=bbmp.propertytax@sbi&pn=BBMP%20Property%20Tax&am=653&mc=9399&tr=TXN9397370323&tn=Bill%20payment,0,legit_biller,0,0,0,0,synthetic-v1
upi://pay?pa=9182398264@pnb&pn=BSF%20Officer%20Vijay&am=20000&tn=advance%20for%20item,1,scam_olx_army,9,6,1,0,synthetic-v1
upi://pay?pa=varun.mishra@upi&pn=ICICI%20Bank%20Support,1,scam_impersonation,1,1,1,0,synthetic-v1
upi://pay?pa=rahul@axl&pn=Rahul%20Mobile%20Repair&tn=order,0,legit_small_shop,0,0,0,0,synthetic-v1
upi://pay?pa=harish@kotak&pn=Kumar%20Xerox&am=257,0,legit_small_shop,0,0,0,0,synthetic-v1
upi://pay?pa=anjali99@idfcbank&pn=Farhan%20Joshi&tn=cab%20share,0,legit_p2p,0,0,0,0,synthetic-v1
upi://pay?pa=neha.singh@axisbank&am=932.94&tn=gift,0,legit_p2p,1,1,1,0,synthetic-v1
upi://pay?pa=7604059066@pnb&pn=Prakash%20Rao&am=56554&tn=wedding,0,legit_family_large,0,0,0,0,synthetic-v1
upi://pay?pn=Shop&x=user94040543@axl&pn=Om%20Sai%20Kirana&am=448,1,scam_tampered_qr,0,0,0,0,synthetic-v1
upi://pay?pa=lakshmistore@barodampay&pn=Lakshmi%20Tiffin%20Centre&am=3000,0,legit_small_shop,0,0,0,0,synthetic-v1
upi://pay?pa=7248843126@okhdfcbank&pn=Swati%20Nair&am=4401&tn=fees,0,legit_p2p,0,0,0,0,synthetic-v1
upi://pay?pa=paytmqr7616600526@paytm&pn=Om%20Sai%20Kirana&am=17004&mc=5732&tr=ORD803532123&tn=Bill&sign=MEUCIQ6f3121ed88dYc65d9279,0,legit_merchant_dynamic,0,0,0,0,synthetic-v1
upi://pay?pa=meera.reddy@upi&pn=Pooja%20Joshi&am=89000&tn=wedding,0,legit_family_large,0,0,0,0,synthetic-v1
upi://pay?pa=kavya.reddy@paytm&pn=Swati%20Mishra&am=4000.34&tn=chai,0,legit_p2p,0,0,0,0,synthetic-v1
upi://pay?pa=sunita.nair@icici&pn=Govt%20Subsidy%20Office&am=1600&tn=verification,1,scam_impersonation,6,1,0,0,synthetic-v1
upi://pay?pa=arjun881178@okicici&am=24784.37&tn=urgent,1,scam_quiet,1,1,0,0,synthetic-v1
upi://pay?pa=acc13286332@apl&pn=Income%20Tax%20Department&am=31899&tn=Cashback%20credited%20on%20scan,0,scam_refund_receive,0,0,0,0,synthetic-v1
upi://pay?pa=harish.sharma@okaxis&pn=Bank%20KYC%20Update&am=842&tn=KYC%20verification,1,scam_kyc_fee,0,0,0,0,synthetic-v1
upi://pay?pa=7807827532@idfcbank&pn=Gurpreet%20Das&am=1694,0,legit_p2p,0,0,0,0,synthetic-v1
upi://mandate?pa=pay76981317@barodampay&pn=Electricity%20Board&am=3599&recur=DAILY&tn=cashback%20activation,1,scam_autopay,5,4,0,0,synthetic-v1
upi://pay?pa=6461562751@oksbi&pn=Priya%20Beauty%20Parlour&tn=payment,0,legit_small_shop,0,0,0,0,synthetic-v1
upi://pay?pa=abcstore@idfcbank&tn=bill,0,legit_small_shop,0,0,0,0,synthetic-v1
upi://pay?pa=9515052004@yesbank&pn=Indian%20Army%20Canteen&am=7000&tn=security%20deposit,1,scam_olx_army,0,0,0,0,synthetic-v1
upi:/pay?pa=8985042390@upi&pn=ICICI%20Bank%20Support&am=6506,1,scam_tampered_qr,0,0,0,0,synthetic-v1
upi://pay?pa=paytmqr2946733676@paytm&pn=Sharma%20General%20Store&am=16356&mc=5812&tr=ORD849156574,0,legit_merchant_dynamic,0,0,0,0,synthetic-v1
upi://pay?pa=7494034279@rbl&pn=Asha%20Iyer&am=24513,1,scam_quiet,9,9,0,0,synthetic-v1
upi://pay?pa=9380265337@hdfcbank&pn=Customs%20Clearance%20Officer&am=17415&tn=Claim%20your%20reward,1,scam_refund_receive,0,0,0,0,synthetic-v1
upi://pay?pa=pooja221906@@okicici&pn=Janata%20Hardware,1,scam_tampered_qr,2,1,0,0,synthetic-v1
upi://pay?pa=pooja82@axisbank&pn=Prakash%20Khan,0,legit_p2p,0,0,0,0,synthetic-v1
upi://pay?pa=razorpay.4467830@icici&pn=Metro%20Tailors&am=10878&mc=5331&tr=ORD506695793,0,legit_merchant_dynamic,0,0,0,0,synthetic-v1
upi://pay?pa=razorpay.3232721@icici&pn=Raj%20Mobile%20Point&am=15306&mc=5499&tr=ORD715315682&tn=Order%20payment,0,legit_merchant_dynamic,0,0,1,0,synthetic-v1
upi://pay?pa=paytmqr1295046145@paytm&pn=Sharma%20General%20Store&tn=Payment,0,legit_merchant_static,0,0,0,0,synthetic-v1
upi://pay?pa=rohitsingh511@dlb&pn=Sanjay%20Nair,0,legit_rare_handle,1,0,1,0,synthetic-v1
upi://pay?pa=8290063120@hdfcbank&pn=Govt%20Subsidy%20Office&am=37999.80&tn=Enter%20PIN%20to%20receive%20money,0,scam_refund_receive,0,0,0,0,synthetic-v1
upi://pay?pa=suresh.mishra@okaxis&pn=Sneha%20Kumar&am=20000&tn=task%20payment,1,scam_quiet,0,0,0,0,synthetic-v1
upi://pay?pa=ganesh@apl&pn=Ganesh%20Tea%20Stall&tn=bill,0,legit_small_shop,0,0,0,0,synthetic-v1
upi://pay?pa=lakshmi.gowda@ibl&pn=Rahul%20Reddy&am=2399&tn=PAN%20link%20fee,1,scam_kyc_fee,0,0,0,0,synthetic-v1
upi://pay?pa=kumar222@axisbank&pn=Kumar%20Xerox&tn=order,0,legit_small_shop,0,0,0,0,synthetic-v1
upi://pay?pa=akshayapatra@axisbank&pn=ISKCON%20Temple,0,legit_temple,0,0,0,0,synthetic-v1
upi://pay?pa=6288799797@hdfcbank&pn=Rahul%20Menon&am=47000.84&tn=urgent,1,scam_quiet,2,1,0,1,synthetic-v1
upi://pay?pa=ayesha85@ibl&pn=Sunita%20Singh&am=36217.18&tn=gift,0,legit_p2p,0,0,0,0,synthetic-v1
upi://pay?pa=anil.menon@tjsb&pn=Harish%20Gupta,0,legit_rare_handle,0,0,0,0,synthetic-v1
upi://pay?pa=9350777593@icici&pn=TRAI%20Helpline&am=22799&tn=Receive%20payment%20from%20buyer,1,scam_refund_receive,4,1,0,0,synthetic-v1
upi://pay?pa=kavya@kotak&pn=Shiva%20Flowers&tn=bill,0,legit_small_shop,0,0,0,0,synthetic-v1
upi://collect?pa=6349354639@upi&pn=Paytm%20KYC%20Team&am=17026&tn=Refund%20processing%20-%20scan%20to%20get,1,scam_collect,1,1,0,0,synthetic-v1
upi://pay?pa=9773726816@rbl&pn=Paytm%20KYC%20Team&tn=details%20http%3A%2F%2Fkyc-677.xyz,1,scam_link_in_note,0,0,0,0,synthetic-v1
upi://pay?pa=shreya247068@okhdfcbank&pn=Harish%20Nair&am=43000&tn=task%20payment,1,scam_quiet,4,4,0,0,synthetic-v1
upi://pay?pa=paytmqr1713810174@paytm&pn=Green%20Leaf%20Veg&am=2179&mc=7538&tr=ORD797059548&tn=Invoice%208570,0,legit_merchant_dynamic,0,0,0,0,synthetic-v1
upi://pay?pa=annashop@icici&pn=Anna%20Idli%20Stall&am=300&tn=order,0,legit_small_shop,0,0,0,0,synthetic-v1
upi://pay?pa=8675852303@sbi&pn=Ravi%20Shetty&am=8000.83&tn=help,1,scam_quiet,2,1,0,0,synthetic-v1
upi://pay?pa=arjun.patel@idfcbank&pn=Neha%20Sharma&am=14291,0,legit_p2p,0,0,0,0,synthetic-v1
upi://pay?pa=upi43340353@icici&pn=Meera%20Kumar&am=30667&tn=investment,1,scam_quiet,0,0,0,0,synthetic-v1
upi://pay?pa=7180622854@rbl&pn=SBI%20KYC%20Cell&am=2499&tn=KYC%20verification,0,scam_kyc_fee,23,1,0,0,synthetic-v1
upi://pay?pa=manojreddy882@paytm&pn=Meera%20Das&am=1047&tn=maid%20salary,0,legit_p2p,0,0,1,0,synthetic-v1
upi://pay?pa=ravi.verma@idfcbank&pn=Meera%20Menon&am=53000&tn=house%20deposit,0,legit_family_large,0,0,0,0,synthetic-v1
upi://pay?pa=q203692858@ybl&pn=Hotel%20Annapoorna&mc=5732&tn=Payment,1,legit_merchant_static,0,0,0,0,synthetic-v1
upi://pay?pa=9648171617@oksbi&pn=SBI%20KYC%20Cell&am=99&tn=KYC%20verification,1,scam_kyc_fee,0,0,0,0,synthetic-v1
upi://pay?pa=paytmqr6605962232@paytm&pn=Fresh%20Mart&mc=5331,0,legit_merchant_static,0,0,0,0,synthetic-v1
upi://pay?pa=8605480917@upi&pn=Amazon%20Refund%20Desk&tn=pending%20bill,1,scam_impersonation,0,0,0,0,synthetic-v1
upi://pay?pa=pinelabs.601860@hdfcbank&pn=Fresh%20Mart&am=9944&mc=7538&tr=ORD812332864&tn=Invoice%20950,0,legit_merchant_dynamic,0,0,0,0,synthetic-v1
upi://pay?pa=9382802198@okhdfcbank&pn=Lakshmi%20Pillai&am=35142&tn=dinner,0,legit_p2p,0,0,0,0,synthetic-v1
upi://pay?pa=bharatpe.44404385@fbpe&pn=City%20Bakery&mc=7538,0,legit_merchant_static,0,0,0,0,synthetic-v1
upi://pay?pa=q449685839@ybl&pn=Om%20Sai%20Kirana&mc=4121,0,legit_merchant_static,0,0,0,0,synthetic-v1
upi://pay?pa=bluemart78@okaxis&pn=Fresh%20Mart&mc=5812&tn=Payment,0,legit_merchant_static,0,0,0,0,synthetic-v1
upi://pay?pa=ayeshanaik451@okaxis&pn=Farhan%20Bose&am=1233&tn=electricity%20share,0,legit_p2p,0,0,0,0,synthetic-v1
upi://pay?pa=7611720274@sbi&pn=Om%20Paan%20Shop&tn=order,0,legit_small_shop,0,0,0,0,synthetic-v1
upi://mandate?pa=6920385755@idfcbank&pn=Netflix&am=3603.70&recur=WEEKLY&tn=verify%20account,1,scam_autopay,3,3,0,0,synthetic-v1
upi://pay?pa=nehareddy332@paytm&pn=Vikram%20Gupta&tn=rent,0,legit_p2p,0,0,0,0,synthetic-v1
upi://pay?pa=7310322941@@pnb&pn=ICICI%20Bank%20Support&am=3705,1,scam_tampered_qr,0,0,0,0,synthetic-v1
upi://pay?pa=8329396721@okhdfcbank&pn=ABC%20Store&am=1000,0,legit_small_shop,0,0,0,0,synthetic-v1
upi://mandate?pa=asha.shetty@idfcbank&pn=Netflix&am=4532.80&recur=MONTHLY&tn=KYC,1,scam_autopay,9,3,0,0,synthetic-v1
upi://pay?pa=8425269248@oksbi&pn=Kavya%20Singh&am=36000&tn=gift,0,legit_p2p,0,0,0,0,synthetic-v1
upi://pay?pa=8894881732@apl&pn=TRAI%20Helpline&am=8099.98,1,scam_impersonation,1,0,1,0,synthetic-v1
upi://pay?pa=hdfc.care81@kotak&pn=RBI%20Grievance%20Cell&mc=0000&tn=offer,1,scam_fake_merchant,3,2,0,0,synthetic-v1
upi://pay?pa=sanjay48@kotak&tn=groceries,0,legit_p2p,0,0,0,0,synthetic-v1
upi://pay?pa=paytmqr5798913029@paytm&pn=Fresh%20Mart&am=15209.71&mc=5814&tr=ORD978191836&tn=Invoice%202540,1,legit_merchant_dynamic,1,1,1,0,synthetic-v1
upi://pay?pa=vikram57@fbl&am=4616&tn=cab%20share,0,legit_p2p,0,0,0,0,synthetic-v1
upi://pay?pa=7446370807@okaxis&pn=Farhan%20Shetty&tn=trip%20share,0,legit_p2p,0,0,0,0,synthetic-v1
upi://pay?pa=paytmqr6046408742@paytm&pn=Om%20Sai%20Kirana&am=9506&mc=4121&tr=ORD777094995&sign=MEUCIQ3fe0b1e45Zcc712a0d21,0,legit_merchant_dynamic,1,0,0,0,synthetic-v1
upi://pay?pa=varunreddy252@pnb&am=3995.67&tn=gift,0,legit_p2p,0,0,0,0,synthetic-v1
upi://pay?pa=varun26@okhdfcbank&pn=Rohit%20Menon&am=11000&tn=urgent,1,scam_quiet,0,0,0,0,synthetic-v1
upi://pay?pa=7596171321@pnb&pn=PhonePe%20Cashback&am=23299&tn=Prize%20money%20credit,1,scam_refund_receive,0,0,0,0,synthetic-v1
upi://pay?pa=q642919662@ybl&pn=Kumar%20Auto%20Works&mc=5331&tn=Payment,0,legit_merchant_static,0,0,0,0,synthetic-v1
upi://pay?pa=9579230297@kvb&pn=RBI%20Grievance%20Cell&am=15031.71&tn=security%20deposit,1,scam_impersonation,13,10,0,0,synthetic-v1
upi://pay?pa=6989154232@hdfcbank&pn=Income%20Tax%20Department&am=2799.53&tn=case%20closure,1,scam_impersonation,0,0,0,0,synthetic-v1
upi://pay?pa=q315783548@ybl&pn=Kumar%20Auto%20Works&mc=5311,0,legit_merchant_static,0,0,0,0,synthetic-v1
upi://pay?pa=8815322050@apl&pn=Govt%20Subsidy%20Office&tn=whatsapp%208779024055,1,scam_link_in_note,0,0,0,0,synthetic-v1
upi://pay?pa=9626299198@hdfcbank&pn=Anna%20Idli%20Stall&am=1258&tn=payment,0,legit_small_shop,0,0,0,0,synthetic-v1
upi://pay?pa=upi26057514@okicici&pn=Mega%20Prize%20Claim&am=13152.68&tn=tax%20on%20winning,1,scam_prize,1,1,0,0,synthetic-v1
upi://pay?pa=harishpillai884@ybl&pn=Sneha%20Nair&am=75000&tn=house%20deposit,0,legit_family_large,0,0,0,0,synthetic-v1
upi://pay?pa=paytmqr8192573273@paytm&pn=Raj%20Mobile%20Point&mc=5331,0,legit_merchant_static,1,1,3,0,synthetic-v1
upi://pay?pa=kavya.pillai@ybl&pn=Anil%20Das&am=1130.56&tn=rent,0,legit_p2p,0,0,1,0,synthetic-v1
upi://pay?pa=7706876834@barodampay&pn=Jio%20Prize%20Department&am=20299&tn=GST%20on%20prize,1,scam_prize,2,1,0,0,synthetic-v1
upi://pay?pa=akshayapatra@axisbank&pn=CRY%20Donations&mc=8661&am=379.30,0,legit_temple,0,0,0,0,synthetic-v1
upi://pay?pa=6828968352@ybl&pn=Paytm%20KYC%20Team&am=64&tn=PAN%20link%20fee,1,scam_kyc_fee,0,0,0,0,synthetic-v1
upi://pay?pa=omstore@barodampay&pn=Om%20Paan%20Shop&am=6123,0,legit_small_shop,0,0,0,0,synthetic-v1
upi://pay?pa=krishna@okaxis&am=1084,0,legit_small_shop,3,0,2,0,synthetic-v1
upi://pay?pa=8353288744@sbi&pn=Swati%20Rao&am=2133&tn=tuition,0,legit_p2p,0,0,0,0,synthetic-v1
upi://pay?pa=krishnashop@axisbank&pn=Krishna%20Bakery&am=7238&tn=payment,0,legit_small_shop,0,0,0,0,synthetic-v1
upi://pay?pa=krishnastall@yesbank&pn=Krishna%20Bakery&am=5000,0,legit_small_shop,0,0,0,0,synthetic-v1
upi://pay?pa=kavyakumar315@cmsidfc&pn=Arjun%20Pillai&am=651,0,legit_rare_handle,0,0,0,0,synthetic-v1
upi://pay?pa=anandshop87@okaxis&pn=Blue%20Star%20Salon&mc=7230,0,legit_merchant_static,0,0,1,0,synthetic-v1
upi://collect?pa=swati544855@kotak&pn=CRPF%20Jawan%20Sunil&am=29000&tn=advance%20for%20item,1,scam_olx_army,0,0,0,0,synthetic-v1
upi://pay?pa=sanjay99478@oksbi&pn=Deepa%20Gowda&am=28399&tn=Get%20cashback%20now,1,scam_refund_receive,1,0,1,0,synthetic-v1
upi://pay?pa=acc69295483@rbl&pn=Customs%20Clearance%20Officer&am=44199&tn=Scan%20to%20receive%20your%20refund,1,scam_refund_receive,0,0,0,0,synthetic-v1
upi://pay?pa=paytmqr7627598595@paytm&pn=Blue%20Star%20Salon&mc=7230,0,legit_merchant_static,0,0,0,0,synthetic-v1
upi://pay?pa=sneha606000@fbl&pn=Ravi%20Pillai&am=2505.24&tn=Account%20unblock%20fee,1,scam_kyc_fee,19,9,0,0,synthetic-v1
upi://pay?pa=paytmqr2103024382@paytm&pn=Green%20Leaf%20Veg&am=18508&mc=5814&tr=ORD575870964&tn=Order%20payment,1,legit_merchant_dynamic,0,0,0,0,synthetic-v1
upi://pay?pa=user82538274@ibl&pn=Lucky%20Draw%20Office&am=16341&tn=prize%20claim%20fee,1,scam_prize,4,3,0,0,synthetic-v1
upi://pay?pa=manoj.gowda@yesbank&pn=Suresh%20Iyer&am=24000&tn=house%20deposit,0,legit_family_large,0,0,0,0,synthetic-v1
upi://pay?pa=sai828@okicici&pn=Sai%20Vegetables&am=4440&tn=bill,0,legit_small_shop,0,0,0,0,synthetic-v1
upi://pay?pa=arjun70@fbl&pn=Gurpreet%20Khan&tn=tuition,0,legit_p2p,1,0,2,0,synthetic-v1
upi://pay?pa=user23684709@ybl&pn=Vikram%20Shetty&am=18000&tn=task%20payment,1,scam_quiet,0,0,0,0,synthetic-v1
upi://pay?pa=balaji@sbi&pn=Balaji%20Stores&am=10000,0,legit_small_shop,0,0,0,0,synthetic-v1
upi://pay?pa=lic.premium@axisbank&pn=LIC%20Premium&am=14125&mc=4900&tr=TXN8289704258&tn=Consumer%20no%20995099,0,legit_biller,0,0,0,0,synthetic-v1
upi://pay?pa=8951564823@oksbi&pn=Mary%20Verma&am=1899&tn=KYC%20update%20charge,1,scam_kyc_fee,23,1,0,0,synthetic-v1
upi://pay?pa=8796608273@ybl&pn=PhonePe%20Cashback&tn=check%20www.refund-status.online,1,scam_link_in_note,7,2,0,0,synthetic-v1
upi://pay?pa=acc38934500@yesbank&pn=Army%20Officer%20Rakesh&am=17466.21&tn=verification%20amount,1,scam_olx_army,0,0,0,0,synthetic-v1
upi://pay?pa=priyakumar952@kotak&pn=Priya%20Patel&tn=fees,0,legit_p2p,0,0,0,0,synthetic-v1
upi://pay?pa=6213157661@axl&pn=Fatima%20Iyer&am=2079&tn=dinner,0,legit_p2p,0,0,0,0,synthetic-v1
upi://pay?pa=6353014980@kvb&pn=Army%20Officer%20Rakesh&am=2506&tn=security%20deposit,1,scam_olx_army,0,0,0,0,synthetic-v1
upi://pay?pa=8732994335@ibl&pn=Metro%20Chaat&am=500&tn=payment,0,legit_small_shop,0,0,0,0,synthetic-v1
upi://collect?pa=6832463481@ybl&pn=HDFC%20Customer%20Care&am=17364&tn=approve%20to%20receive,1,scam_collect,0,0,0,0,synthetic-v1
upi://pay?pa=7910477595@pnb&pn=Deepa%20Das&am=47216&tn=urgent,1,scam_quiet,7,3,0,1,synthetic-v1
upi://pay?pa=9264135742@fbl&pn=Paytm%20KYC%20Team&am=2299&tn=KYC%20verification,1,scam_kyc_fee,8,8,0,0,synthetic-v1
upi://pay?pa=8210055034@okaxis&pn=Lakshmi%20Gowda&am=52000&tn=car%20emi,0,legit_family_large,0,0,0,0,synthetic-v1
upi://pay?pa=rahul548@pnb&pn=Rahul%20Mobile%20Repair&tn=bill,0,legit_small_shop,0,0,0,0,synthetic-v1
upi://pay?pa=8832162909@okicici&pn=Electricity%20Board%20Officer&am=49000&tn=Receive%20payment%20from%20buyer,1,scam_refund_receive,3,1,0,1,synthetic-v1
upi://pay?pa=pinelabs.935752@hdfcbank&pn=Sharma%20General%20Store&am=9716&mc=5499&tr=ORD853997728&tn=Order%20payment&sign=MEUCIQ49ab3b3349bd8f39f6Zd,0,legit_merchant_dynamic,0,0,0,0,synthetic-v1
upi://pay?pa=royalshop57@okaxis&pn=Sri%20Lakshmi%20Medicals,0,legit_merchant_static,0,0,0,0,synthetic-v1
upi://pay?pa=swati170860@okicici&pn=PhonePe%20Cashback&am=4966&tn=details%20http%3A%2F%2Fkyc-748.xyz,1,scam_link_in_note,0,0,0,0,synthetic-v1
upi://pay?pa=farhan814782@idfcbank&pn=Farhan%20Das&am=5000&tn=trading%20profit,1,scam_quiet,0,0,0,0,synthetic-v1
upi://pay?pa=kiran87@upi&pn=Kavya%20Mishra&tn=electricity%20share,0,legit_p2p,0,0,0,0,synthetic-v1
upi://pay?pa=saistore@pnb&pn=Sai%20Vegetables&tn=payment,0,legit_small_shop,0,0,0,0,synthetic-v1
upi://pay?pa=poojagupta805@okhdfcbank&pn=Sunita%20Iyer&am=33907&tn=fees,0,legit_p2p,0,0,0,0,synthetic-v1
upi://pay?pa=paytmqr8560916014@paytm&pn=Janata%20Hardware&mc=5499,0,legit_merchant_static,0,0,0,0,synthetic-v1
upi://pay?pa=divyanaik334@idfcbank&pn=Gurpreet%20Pillai&am=17000&tn=college%20fees,0,legit_family_large,0,0,0,0,synthetic-v1
upi://pay?pa=pay83374134@kvb&pn=Amazon%20Refund%20Desk&am=32999&tn=Receive%20payment%20from%20buyer,1,scam_refund_receive,22,11,0,0,synthetic-v1
upi://pay?pa=71851451@okicici&pn=Govt%20Subsidy%20Office&am=14499,1,scam_impersonation,0,0,0,0,synthetic-v1
upi://pay?pa=bharatpe.84604512@fbpe&pn=Sharma%20General%20Store&mc=7538&tn=Payment,0,legit_merchant_static,0,0,0,0,synthetic-v1
upi://pay?pa=joseph505888@okaxis&pn=SBI%20KYC%20Cell&am=2335&tn=KYC%20verification,1,scam_kyc_fee,1,0,1,0,synthetic-v1
upi://pay?pa=6286712876@okhdfcbank&pn=Anil%20Singh&am=4000&tn=tuition,0,legit_p2p,0,0,0,0,synthetic-v1
upi://pay?pa=varunkhan739@okhdfcbank&pn=Rahul%20Bose&am=2997&tn=trip%20share,0,legit_p2p,0,0,0,0,synthetic-v1
upi://pay?pa=8206695215@rbl&pn=Neha%20Shetty&am=27000,1,scam_quiet,3,2,0,0,synthetic-v1
upi://pay?pa=sharmashop1@okaxis&pn=Janata%20Hardware&mc=5499,0,legit_merchant_static,0,0,0,0,synthetic-v1
upi://pay?pa=6314961@fbl&pn=Paytm%20KYC%20Team&am=599&tn=PAN%20link%20fee,1,scam_kyc_fee,0,0,0,0,synthetic-v1
upi://pay?pa=anjalipillai218@ybl&pn=Mary%20Nair&tn=fees,0,legit_p2p,0,0,0,0,synthetic-v1
upi://pay?pa=bharatpe.73141289@fbpe&pn=Kumar%20Auto%20Works&mc=4121&tn=Payment,0,legit_merchant_static,0,0,0,0,synthetic-v1
upi://pay?pa=9742405983@ibl&pn=ICICI%20Bank%20Support&am=45599&tn=Get%20cashback%20now,1,scam_refund_receive,0,0,0,0,synthetic-v1
upi://pay?pa=paytm.kyc@tjsb&pn=HDFC%20Customer%20Care&tn=cashback,1,scam_fake_merchant,19,9,0,0,synthetic-v1
upi://pay?pa=upi21272398@axl&pn=Vikram%20Reddy&am=10555,1,scam_quiet,4,3,0,1,synthetic-v1
upi://pay?pa=pooja.bose@okhdfcbank&pn=Priya%20Kumar&am=38097&tn=wedding,0,legit_family_large,0,0,0,0,synthetic-v1
upi://autopay?pa=8652372851@oksbi&pn=Electricity%20Board&am=4482.32&recur=WEEKLY&tn=subscription,1,scam_autopay,6,2,0,0,synthetic-v1
upi://pay?pa=q503371660@ybl&pn=City%20Bakery&mc=5499,0,legit_merchant_static,0,0,0,0,synthetic-v1
upi://pay?pa=8452071957@axl&pn=Rohit%20Bose&am=43000.65&tn=house%20deposit,0,legit_family_large,0,0,0,0,synthetic-v1
upi://pay?pa=joseph.bose@upi&pn=Prakash%20Sharma&am=24000&tn=hospital%20bill,0,legit_family_large,0,0,0,0,synthetic-v1
upi://pay?pa=9993885951@idfcbank&pn=Mahalakshmi%20Stores,0,legit_small_shop,0,0,0,0,synthetic-v1
upi://pay?pa=farhan.patel@@hdfcbank&pn=Kumar%20Auto%20Works,1,scam_tampered_qr,21,18,0,0,synthetic-v1
upi://pay?pa=cf.kumar40@axisbank&pn=Hotel%20Annapoorna&am=19308&mc=5814&tr=ORD970641076&tn=Invoice%203158,0,legit_merchant_dynamic,0,0,0,0,synthetic-v1
upi://pay?pa=6696172152@ybl,0,legit_p2p,0,0,0,0,synthetic-v1
upi://pay?pa=kiran.verma@axisbank&pn=Sharma%20General%20Store&am=3427&pa=farhan.pillai@hdfcbank,1,scam_tampered_qr,3,2,0,0,synthetic-v1
upi://collect?pa=7813818962@hdfcbank&pn=BSF%20Officer%20Vijay&am=12323&tn=security%20deposit,1,scam_olx_army,2,2,0,0,synthetic-v1
upi://pay?pa=41372530@oksbi&pn=SBI%20Refund%20Dept&am=15000.49&tn=Scan%20to%20receive%20your%20refund,1,scam_refund_receive,0,0,0,0,synthetic-v1
upi://pay?pa=8948114372@okicici&pn=Balaji%20Stores,0,legit_small_shop,2,1,3,0,synthetic-v1
upi://pay?pa=8264361825@yesbank&pn=Priya%20Naik&am=4186,0,legit_p2p,0,0,0,0,synthetic-v1
upi://pay?pa=arun806@okaxis&pn=City%20Laundry&am=50&tn=bill,0,legit_small_shop,0,0,0,0,synthetic-v1
upi://pay?pa=pay8676638@ibl&pn=Anil%20Gowda&am=199&tn=KYC%20verification,1,scam_kyc_fee,0,0,0,0,synthetic-v1
upi://pay?pa=pooja.das@okaxis&pn=CRPF%20Jawan%20Sunil&am=10280&tn=security%20deposit,1,scam_olx_army,0,0,0,0,synthetic-v1
upi://pay?pa=kiranverma797@yesbank&pn=Asha%20Menon&am=4051&tn=tuition,0,legit_p2p,1,0,2,0,synthetic-v1
upi://pay?pa=metro@okaxis&pn=Metro%20Chaat&am=50&tn=order,0,legit_small_shop,0,0,0,0,synthetic-v1
upi://pay?pa=mary.gupta@okhdfcbank&pn=Rohit%20Patel&tn=rent,0,legit_p2p,0,0,0,0,synthetic-v1
upi://pay?pa=9736982347@barodampay&pn=Priya%20Das&am=40906&tn=maid%20salary,0,legit_p2p,0,0,0,0,synthetic-v1
upi://pay?pa=razorpay.9445129@icici&pn=Balaji%20Fancy%20Store&am=12142.90&mc=7538&tr=ORD989812250&tn=Order%20payment,0,legit_merchant_dynamic,0,0,0,0,synthetic-v1
upi://pay?pa=6627362901@fbl&pn=Mega%20Prize%20Claim&am=15499&tn=winner%20registration,1,scam_prize,0,0,0,0,synthetic-v1
upi://pay?pa=kiran29@kotak&pn=Sanjay%20Reddy&tn=movie,0,legit_p2p,0,0,0,0,synthetic-v1
upi://pay?pa=9732950549@tjsb&pn=Farhan%20Shetty,0,legit_rare_handle,0,0,0,0,synthetic-v1
upi://pay?pa=7204507495@okicici&pn=Amazon%20Refund%20Desk&am=23799&tn=pending%20bill,1,scam_impersonation,0,0,0,0,synthetic-v1
upi://pay?pa=12740201@paytm&pn=Bank%20KYC%20Update&am=751&tn=Account%20unblock%20fee,1,scam_kyc_fee,6,3,0,0,synthetic-v1
upi://pay?pa=suresh.reddy@apl&pn=Joseph%20Das&am=2563&tn=trip%20share,0,legit_p2p,0,0,0,0,synthetic-v1
upi://pay?pa=pay11671691@oksbi&pn=RBI%20Grievance%20Cell&tn=security%20deposit,1,scam_impersonation,8,8,0,0,synthetic-v1
upi://pay?pa=7468782746@icici&pn=Sanjay%20Mishra&am=1000&tn=cab%20share,0,legit_p2p,0,0,0,0,synthetic-v1
upi://pay?pa=8698185388@ibl&pn=Customs%20Clearance%20Officer&am=11899&tn=security%20deposit,1,scam_impersonation,17,7,1,0,synthetic-v1
upi://pay?pa=asha46@hdfcbank&pn=Farhan%20Shetty&am=78.30,0,legit_p2p,0,0,0,0,synthetic-v1
upi://pay?pa=treasury.ker@sbi&pn=Kerala%20Govt%20Treasury&am=7171&mc=6300&tr=TXN3025862785&tn=Property%20tax,0,legit_biller,0,0,0,0,synthetic-v1
upi://autopay?pa=pay76720180@okaxis&pn=Jio%20Recharge&am=640&recur=MONTHLY&tn=KYC,1,scam_autopay,0,0,0,0,synthetic-v1
upi://pay?pa=arunmenon472@barodampay&pn=Asha%20Nair&tn=electricity%20share,0,legit_p2p,0,0,1,0,synthetic-v1
upi://pay?pa=user19664780@hdfcbank&pn=Swati%20Shetty&am=44000&tn=please%20send%20fast,1,scam_quiet,0,0,0,0,synthetic-v1
upi://pay?pa=neha943329@icici&pn=SBI%20KYC%20Cell&am=499.11&tn=PAN%20link%20fee,1,scam_kyc_fee,3,3,0,0,synthetic-v1
upi://pay?pa=user92176651@hdfcbank&pn=Indian%20Army%20Canteen&am=28000&tn=army%20canteen,1,scam_olx_army,10,8,0,0,synthetic-v1
upi://pay?pa=6793287344@apl&pn=Farhan%20Shetty&tn=chai,0,legit_p2p,0,0,0,0,synthetic-v1
upi://pya?pa=7945310158@axisbank&pn=Kumar%20Auto%20Works,1,scam_tampered_qr,0,0,0,0,synthetic-v1
upi://pay?pa=6558845916@idfcbank&pn=Varun%20Shetty&am=1836&tn=dinner,0,legit_p2p,0,0,0,0,synthetic-v1
upi://pay?pa=iskcon.bangalore@icici&pn=TTD%20Donations,0,legit_temple,0,0,0,0,synthetic-v1
upi://pay?pa=neha965642@oksbi&pn=Police%20Cyber%20Cell&am=20599&tn=pending%20bill,1,scam_impersonation,13,9,0,0,synthetic-v1
upi://pay?pa=treasury.ker@sbi&pn=Kerala%20Govt%20Treasury&am=11513.19&mc=4112&tr=TXN7397575475&tn=Consumer%20no%203173445,0,legit_biller,0,0,0,0,synthetic-v1
upi://pay?pa=9145599853@rbl&pn=ICICI%20Bank%20Support&am=12799&tn=Cashback%20credited%20on%20scan,1,scam_refund_receive,0,0,0,0,synthetic-v1
upi://pay?pa=bbmp.propertytax@sbi&pn=BBMP%20Property%20Tax&am=11116&mc=4900&tr=TXN8892826724&tn=Consumer%20no%205107180,0,legit_biller,0,0,0,1,synthetic-v1
upi://pay?pa=72511269@kotak&pn=TRAI%20Helpline&am=2345&tn=details%20http%3A%2F%2Fkyc-85.xyz,1,scam_link_in_note,0,0,0,0,synthetic-v1
upi://pay?pa=paytmqr1484454857@paytm&pn=Metro%20Tailors&am=4062&mc=5812&tr=ORD389398461&tn=Bill,0,legit_merchant_dynamic,0,0,0,0,synthetic-v1
upi://pay?pa=anil62@apl&pn=Sanjay%20Gowda,0,legit_p2p,0,0,0,0,synthetic-v1
upi://pay?pa=gpay.reward@ibl&pn=Electricity%20Board%20Officer&mc=0000&am=5399,1,scam_fake_merchant,3,2,0,0,synthetic-v1
upi://pay?pa=user83197550@kotak&pn=Amazon%20Refund%20Desk&am=22133&tn=security%20deposit,1,scam_impersonation,7,4,0,0,synthetic-v1
upi://pay?pa=bharatpe.57865079@fbpe&pn=Kumar%20Auto%20Works&mc=5812&tn=Payment,0,legit_merchant_static,0,0,0,0,synthetic-v1
upi://pay?pa=newstore@axisbank&pn=New%20Style%20Tailors,0,legit_small_shop,0,0,0,0,synthetic-v1
upi://pay?pa=bharatpe.18125496@fbpe&pn=Hotel%20Annapoorna&mc=5499&tn=Payment,0,legit_merchant_static,0,0,0,0,synthetic-v1
upi://pay?pa=aniljoshi754@okicici&pn=Farhan%20Gupta&am=2957&tn=cab%20share,0,legit_p2p,0,0,0,0,synthetic-v1
upi://pay?pa=meera.shetty@cmsidfc&pn=Ayesha%20Mishra&am=1317,0,legit_rare_handle,0,0,0,0,synthetic-v1
"upi://pay?pa=acc47297585@dbs&pn=Sri%20Lakshmi%20Medicals&am=221&am=1,00,000",1,scam_tampered_qr,0,0,0,0,synthetic-v1
upi://pay?pa=rohitgowda697@paytm&pn=Sanjay%20Verma&tn=rent,0,legit_p2p,0,0,0,0,synthetic-v1
upi://pay?pa=divya87@idfcbank&pn=Priya%20Naik&am=1077&tn=groceries,0,legit_p2p,0,0,0,0,synthetic-v1
upi://pay?pa=7253650413@upi&pn=Gurpreet%20Rao&am=2869&tn=gift,0,legit_p2p,0,0,0,0,synthetic-v1
upi://pay?pa=harishkhan292@kotak&pn=Manoj%20Reddy&am=4412.40,0,legit_p2p,0,0,0,0,synthetic-v1
upi://pay?pa=marypillai255@okhdfcbank&pn=Nikhil%20Menon&am=3600&tn=tuition,0,legit_p2p,0,0,0,0,synthetic-v1
upi://pay?pa=pay56559000@upi&pn=Govt%20Subsidy%20Office&tn=details%20http%3A%2F%2Fkyc-63.xyz,1,scam_link_in_note,0,0,0,0,synthetic-v1
upi://pay?pa=omshop30@okaxis&pn=Om%20Sai%20Kirana&tn=Payment,0,legit_merchant_static,0,0,0,0,synthetic-v1
upi://pay?pa=pinelabs.612160@hdfcbank&pn=Sri%20Lakshmi%20Medicals&am=10114&mc=5942&tr=ORD741435759&tn=Order%20payment,0,legit_merchant_dynamic,0,0,0,0,synthetic-v1
upi://pay?pa=8294618863@dbs&pn=SBI%20Refund%20Dept&am=42999.81&tn=Refund%20processing%20-%20scan%20to%20get,1,scam_refund_receive,0,0,0,0,synthetic-v1
upi://pay?pa=bescom.billdesk@hdfcbank&pn=BESCOM%20Bill%20Payment&am=2157&mc=9399&tr=TXN5465136730&tn=Property%20tax,0,legit_biller,0,0,0,0,synthetic-v1
upi://pay?pa=razorpay.9941090@icici&pn=Anand%20Sweets&am=6559.23&mc=5311&tr=ORD478695916&sign=MEUCIQfc023ZZ0ed8e228df42d,1,legit_merchant_dynamic,0,0,0,0,synthetic-v1
upi://autopay?pa=8145287343@upi&pn=Netflix&am=2999&recur=MONTHLY&tn=subscription,1,scam_autopay,0,0,0,0,synthetic-v1
upi://pay?pn=Shop&x=arun615722@fbl&pn=Kumar%20Auto%20Works&am=8901,1,scam_tampered_qr,2,1,0,0,synthetic-v1
upi://pay?pa=6955006702@barodampay&am=3830.85&tn=cab%20share,0,legit_p2p,0,0,0,0,synthetic-v1
upi://pay?pa=pinelabs.872079@hdfcbank&pn=Fresh%20Mart&am=4657&mc=5499&tr=ORD391935024&tn=Order%20payment&sign=MEUCIQ5923Yd1f83f2f4ef22f9,0,legit_merchant_dynamic,2,0,3,0,synthetic-v1
upi://pay?pa=shreya854591@sbi&pn=Electricity%20Board%20Officer&am=4699&tn=verification,1,scam_impersonation,0,0,0,0,synthetic-v1
upi://pay?pa=razorpay.2143150@icici&pn=Balaji%20Fancy%20Store&am=4118&mc=5411&tr=ORD528390111&tn=Invoice%207101,0,legit_merchant_dynamic,0,0,0,0,synthetic-v1
upi://autopay?pa=7630819661@ibl&pn=Amazon%20Prime&am=432&recur=WEEKLY&tn=cashback%20activation,1,scam_autopay,4,1,0,0,synthetic-v1
upi:/pay?pa=user51558311@yesbank&pn=Police%20Cyber%20Cell&am=9484,1,scam_tampered_qr,0,0,0,0,synthetic-v1
upi://pay?pa=9125870853@axl&pn=City%20Laundry&am=1965,0,legit_small_shop,0,0,0,0,synthetic-v1
upi://pay?pa=q950899771@ybl&pn=Green%20Leaf%20Veg&mc=5732&tn=Payment,0,legit_merchant_static,0,0,0,0,synthetic-v1
upi://pay?pa=acc68719403@rbl&pn=Customs%20Clearance%20Officer&am=30270&tn=Prize%20money%20credit,1,scam_refund_receive,10,6,0,0,synthetic-v1
upi://pay?pa=sunitanaik462@ybl&pn=Varun%20Nair&tn=dinner,0,legit_p2p,0,0,0,0,synthetic-v1
upi://pay?pa=rohit52@apl&tn=loan%20return,0,legit_p2p,0,0,0,0,synthetic-v1
upi://pay?pa=anil58@icici&pn=Rohit%20Naik&tn=maid%20salary,1,legit_p2p,0,0,0,0,synthetic-v1
upi://pay?pa=pinelabs.689742@hdfcbank&pn=Anand%20Sweets&am=9485&mc=5411&tr=ORD339903424&tn=Bill,0,legit_merchant_dynamic,0,0,0,0,synthetic-v1
upi://pay?pa=6184996266@axl&pn=City%20Laundry&tn=payment,0,legit_small_shop,0,0,0,0,synthetic-v1
upi://pay?pa=paytmqr2330557685@paytm&pn=Kumar%20Auto%20Works&am=11789&mc=5499&tr=ORD843783317&tn=Order%20payment,0,legit_merchant_dynamic,0,0,0,0,synthetic-v1
upi://pay?pa=rajustore@idfcbank&pn=Raju%20Juice%20Corner&tn=bill,0,legit_small_shop,0,0,0,0,synthetic-v1
upi://pay?pa=neha26@okicici&am=286,0,legit_p2p,0,0,0,0,synthetic-v1
upi://mandate?pa=upi80462122@upi&pn=Netflix&am=1810&recur=DAILY&tn=verify%20account,1,scam_autopay,0,0,0,1,synthetic-v1
upi://pay?pa=7522790265@oksbi&pn=Lucky%20Draw%20Office&am=11382&tn=lottery%20processing,1,scam_prize,12,6,0,0,synthetic-v1
upi://pay?pa=cry.donate@hdfcbank&pn=ISKCON%20Temple&mc=8398,1,legit_temple,0,0,0,0,synthetic-v1
upi://pay?pa=suresh53@fbl&am=1468.28&tn=groceries,0,legit_p2p,0,0,0,0,synthetic-v1
upi://pay?pa=paytmqr9944478621@paytm&pn=Balaji%20Fancy%20Store&tn=Payment,0,legit_merchant_static,0,0,0,0,synthetic-v1
upi://pay?pa=sunitapatel782@idfcbank&am=3319&tn=fees,0,legit_p2p,0,0,0,0,synthetic-v1
upi://pay?pa=sbi.kyc.update@rbl&pn=Paytm%20KYC%20Team&am=4405.88&tn=cashback,1,scam_fake_merchant,0,0,0,0,synthetic-v1
upi://pay?pa=6701328642@rbl&pn=Fatima%20Naik&am=38000&tn=urgent,1,scam_quiet,5,5,0,0,synthetic-v1
upi://pay?pa=sristore36@okaxis&pn=Balaji%20Fancy%20Store&mc=5331,0,legit_merchant_static,0,0,0,0,synthetic-v1
upi://pay?pa=waterboard.collect@icici&pn=Municipal%20Water%20Board&am=4289.48&mc=6300&tr=TXN9789108779&tn=Consumer%20no%206198180,0,legit_biller,0,0,0,1,synthetic-v1
upi://pay?pa=icici.helpdesk34@pnb&pn=TRAI%20Helpline&mc=0000&am=1399.31,1,scam_fake_merchant,0,0,0,0,synthetic-v1
upi://collect?pa=6832400297@kvb&pn=Army%20Officer%20Rakesh&am=11745.23&tn=Cashback%20credited%20on%20scan,1,scam_collect,0,0,0,0,synthetic-v1
upi://pay?pa=pay47796819@fbl&pn=PhonePe%20Cashback&am=35299.42&tn=Refund%20of%20Rs%2035299.42,1,scam_refund_receive,0,0,0,0,synthetic-v1
upi://pay?pa=greenstore64@okaxis&pn=Hotel%20Annapoorna&mc=5411,0,legit_merchant_static,0,0,0,0,synthetic-v1
upi://pay?pa=npci.support@upi&pn=RBI%20Grievance%20Cell&am=8877&tn=cashback,1,scam_fake_merchant,0,0,0,0,synthetic-v1
upi://pay?pa=7370983685@icici&pn=Bank%20KYC%20Update&am=499&tn=Account%20unblock%20fee,1,scam_kyc_fee,12,2,0,0,synthetic-v1
upi://pay?pa=arun.reddy@barodampay&pn=Arjun%20Das&am=35000&tn=rent,0,legit_family_large,0,0,0,0,synthetic-v1
upi://pay?pa=7662223510@pnb&tn=payment,0,legit_small_shop,0,0,0,0,synthetic-v1
upi://pay?pa=swatirao755@ybl&pn=Swati%20Sharma&am=3000&tn=electricity%20share,0,legit_p2p,0,0,0,0,synthetic-v1
upi://pay?pa=7941271382@kotak&pn=Kavya%20Rao&am=17000,1,scam_quiet,1,1,0,0,synthetic-v1
upi://pay?pa=6356790703@fbl&pn=Flipkart%20Refund%20Team&am=2599&tn=Prize%20money%20credit,1,scam_refund_receive,0,0,0,0,synthetic-v1
upi://pay?pa=priya28@yesbank&pn=Nikhil%20Pillai&am=3000,1,scam_quiet,4,1,0,0,synthetic-v1
upi://pay?pa=razorpay.1517962@icici&pn=Kumar%20Auto%20Works&am=16795&mc=5942&tr=ORD842071816&tn=Bill,0,legit_merchant_dynamic,0,0,0,0,synthetic-v1
upi://pay?pn=Shop&x=priya380643@okicici&pn=SBI%20Refund%20Dept&am=2479,1,scam_tampered_qr,8,6,0,0,synthetic-v1
upi://pay?pa=8349807829@okicici&pn=Army%20Officer%20Rakesh&am=20000&tn=advance%20for%20item,1,scam_olx_army,0,0,0,0,synthetic-v1
upi://pay?pa=cf.fresh410@axisbank&pn=Blue%20Star%20Salon&am=266&mc=5411&tr=ORD906799332&tn=Bill,0,legit_merchant_dynamic,0,0,0,0,synthetic-v1
upi://pay?pa=sanjay.menon@oksbi&am=4088&tn=electricity%20share,0,legit_p2p,1,0,3,0,synthetic-v1
upi://pay?pa=8703873592@pnb&pn=Fatima%20Verma&tn=rent,0,legit_p2p,0,0,0,0,synthetic-v1
upi://pay?pa=paytmqr1399271540@paytm&pn=Royal%20Fruits&mc=5732,0,legit_merchant_static,0,0,0,0,synthetic-v1
upi://pay?pa=6791757549@paytm&pn=Harish%20Menon&am=1000&tn=dinner,0,legit_p2p,0,0,0,0,synthetic-v1
upi://pay?pa=lakshmi.menon@ibl&pn=Rahul%20Naik&tn=rent,0,legit_p2p,0,0,0,0,synthetic-v1
upi://pay?pa=metroshop@apl&tn=order,0,legit_small_shop,0,0,0,0,synthetic-v1
upi://pay?pa=rohit.joshi@kotak&pn=Rahul%20Menon&am=33000&tn=car%20emi,0,legit_family_large,0,0,0,0,synthetic-v1
upi://pay?pa=icici.helpdesk68@okhdfcbank&pn=Police%20Cyber%20Cell&am=4235&tn=offer,1,scam_fake_merchant,7,7,0,0,synthetic-v1
upi://pay?pa=shreyamishra197@okhdfcbank&pn=Arjun%20Nair&am=4203.23&tn=rent,0,legit_p2p,1,0,0,0,synthetic-v1
upi://pay?pa=q657105247@ybl&pn=City%20Bakery&mc=5331,0,legit_merchant_static,0,0,0,0,synthetic-v1
upi://collect?pa=arun.rao@barodampay&pn=RBI%20Grievance%20Cell&am=10899&tn=Cashback%20credited%20on%20scan,1,scam_collect,0,0,0,0,synthetic-v1
upi://pay?pa=sharmamart94@okaxis&pn=Metro%20Tailors&mc=5814&tn=Payment,0,legit_merchant_static,0,0,0,0,synthetic-v1
upi://pay?pa=arjun91@sbi&pn=Ravi%20Kumar&tn=cab%20share,0,legit_p2p,3,1,2,0,synthetic-v1
upi://pay?pa=7301934661@axl&pn=Sanjay%20Mishra&tn=electricity%20share,0,legit_p2p,0,0,0,0,synthetic-v1
upi://pay?pa=paytmqr9589222349@paytm&pn=Anand%20Sweets&am=14998&mc=5499&tr=ORD958729903&tn=Invoice%202834,0,legit_merchant_dynamic,0,0,0,0,synthetic-v1
upi://pay?pa=mary934308@yesbank&pn=Mary%20Iyer&am=33000&tn=trading%20profit,1,scam_quiet,6,2,0,0,synthetic-v1
upi://pay?pa=7862962492@kotak&pn=KBC%20Lottery%20Winner&am=22599.93&tn=winner%20registration,1,scam_prize,3,2,0,0,synthetic-v1
upi://pay?pa=farhan.iyer@pnb&am=1000&tn=groceries,0,legit_p2p,0,0,0,0,synthetic-v1
upi://pay?pa=rohit.das@ybl&pn=Govt%20Subsidy%20Office&tn=call%207266257569%20for%20refund,1,scam_link_in_note,3,2,0,0,synthetic-v1
upi://pay?pa=anilverma2@oksbi&pn=Arjun%20Shetty,0,legit_p2p,0,0,0,0,synthetic-v1
upi://pay?pa=om723@okhdfcbank&pn=Om%20Paan%20Shop&am=50&tn=order,0,legit_small_shop,0,0,0,0,synthetic-v1
upi://pay?pa=gurpreet.patel@icici&am=18762&tn=hospital,1,scam_quiet,19,11,0,0,synthetic-v1
upi://pay?pa=mary@okhdfcbank&tn=bill,0,legit_small_shop,0,0,0,0,synthetic-v1
upi://pay?pa=pinelabs.290481@hdfcbank&pn=Metro%20Tailors&am=1057&mc=5912&tr=ORD428053346&tn=Bill,0,legit_merchant_dynamic,0,0,0,0,synthetic-v1
upi://pay?pa=bescom.billdesk@hdfcbank&pn=BESCOM%20Bill%20Payment&am=2409.61&mc=9399&tr=TXN165989579&tn=Bill%20payment,0,legit_biller,3,0,0,0,synthetic-v1
upi://pay?pa=joseph.verma@axl&pn=Anil%20Gowda&tn=groceries,0,legit_p2p,0,0,0,0,synthetic-v1
upi://collect?pa=8587114259@okaxis&pn=Govt%20Subsidy%20Office&am=16192&tn=Refund%20of%20Rs%205000,1,scam_collect,0,0,0,0,synthetic-v1
upi://pay?pa=cry.donate@hdfcbank&pn=TTD%20Donations,0,legit_temple,0,0,0,0,synthetic-v1
upi://pay?pa=vikram985@okhdfcbank&tn=order,0,legit_small_shop,0,0,0,0,synthetic-v1
upi://pay?pa=acc69549874@okicici&pn=Anjali%20Joshi&am=5000&tn=Claim%20your%20reward,1,scam_refund_receive,10,8,0,0,synthetic-v1
upi://collect?pa=rohit.naik@kotak&pn=Paytm%20KYC%20Team&am=8201&tn=Receive%20payment%20from%20buyer,1,scam_collect,0,0,0,0,synthetic-v1
upi://pay?pa=8919397326@icici&am=2209.07&tn=rent,0,legit_p2p,0,0,0,0,synthetic-v1
upi://pay?pa=pinelabs.810705@hdfcbank&pn=Royal%20Fruits&am=6421&mc=7230&tr=ORD385399584,0,legit_merchant_dynamic,0,0,0,0,synthetic-v1
upi://pay?pa=razorpay.7464548@icici&pn=Sharma%20General%20Store&am=4258&mc=5814&tr=ORD882741376&tn=Bill&sign=MEUCIQ0c8YdfZac34918ed14dc,0,legit_merchant_dynamic,0,0,0,0,synthetic-v1
upi://pay?pa=arun66@sbi&pn=Lakshmi%20Bose,0,legit_p2p,0,0,0,0,synthetic-v1
upi://pay?pa=harish.shetty@okaxis&pn=Shreya%20Khan&am=2505&tn=movie,0,legit_p2p,0,0,0,0,synthetic-v1
upi://pay?pa=6652744580@okicici&pn=Ravi%20Sharma&am=60380&tn=wedding,0,legit_family_large,0,0,0,0,synthetic-v1
upi://pay?pa=bharatpe.32383915@fbpe&pn=Royal%20Fruits&mc=5912&tn=Payment,0,legit_merchant_static,0,0,0,0,synthetic-v1
upi://pay?pa=razorpay.8370794@icici&pn=Balaji%20Fancy%20Store&am=17937&mc=5499&tr=ORD642923274&tn=Order%20payment,0,legit_merchant_dynamic,0,0,0,0,synthetic-v1
upi://pay?pa=manoj16343@icici&pn=ICICI%20Bank%20Support&am=35999&tn=Cashback%20credited%20on%20scan,1,scam_refund_receive,4,1,0,0,synthetic-v1
upi://pay?pa=akshayapatra@axisbank&pn=Akshaya%20Patra&mc=8398,0,legit_temple,0,0,0,0,synthetic-v1
upi://pay?pa=vikram@idfcbank&pn=Priya%20Beauty%20Parlour,0,legit_small_shop,0,0,0,0,synthetic-v1
upi://pay?pa=9854627718@paytm&pn=BSF%20Officer%20Vijay&am=7000&tn=advance%20for%20item,1,scam_olx_army,2,1,0,0,synthetic-v1
upi://pay?pa=6461951239@okicici&pn=Rahul%20Khan&am=29000&tn=car%20emi,0,legit_family_large,0,0,0,0,synthetic-v1
upi://pay?pa=kavya.reddy@kotak&am=3000&tn=petrol,0,legit_p2p,0,0,0,0,synthetic-v1
upi://pay?pa=7455972103@paytm&pn=Ravi%20Sharma&am=42961&tn=please%20send%20fast,1,scam_quiet,0,0,0,0,synthetic-v1
upi://pay?pa=38660754@hdfcbank&pn=Paytm%20KYC%20Team&am=30000&tn=Enter%20PIN%20to%20receive%20money,1,scam_refund_receive,5,4,0,0,synthetic-v1
upi://mandate?pa=9297735258@barodampay&pn=Netflix&am=999.94&recur=WEEKLY&tn=verify%20account,1,scam_autopay,0,0,0,0,synthetic-v1
upi://pay?pa=rohitshetty748@oksbi&pn=Meera%20Mishra&am=894&tn=petrol,0,legit_p2p,0,0,0,0,synthetic-v1
upi://pay?pa=rahul84692@yesbank&pn=Paytm%20KYC%20Team&tn=processing%20fee,1,scam_impersonation,5,5,0,0,synthetic-v1
upi://pay?pa=bbmp.propertytax@sbi&pn=BBMP%20Property%20Tax&am=6468&mc=9311&tr=TXN4057739266&tn=Bill%20payment,0,legit_biller,0,0,0,0,synthetic-v1
upi://pay?pa=8482788258@pnb&pn=SBI%20Refund%20Dept&am=42110.14&tn=Get%20cashback%20now,1,scam_refund_receive,0,0,0,0,synthetic-v1
upi://pay?pa=pinelabs.470384@hdfcbank&pn=Metro%20Tailors&am=6749&mc=5411&tr=ORD652467716&tn=Order%20payment&sign=MEUCIQ7835efYeed08Z7Z435Xf,0,legit_merchant_dynamic,1,0,1,0,synthetic-v1
upi://pay?pa=paytmqr4297389697@paytm&pn=Sharma%20General%20Store&mc=5812&tn=Payment,0,legit_merchant_static,0,0,0,0,synthetic-v1
upi://pay?pa=irctc.pay@hdfcbank&pn=Indian%20Railways%20IRCTC&am=7713&mc=9399&tr=TXN3604382327&tn=Bill%20payment,0,legit_biller,0,0,0,0,synthetic-v1
upi://pay?pa=8432542820@okhdfcbank&pn=HDFC%20Customer%20Care&am=14599&tn=Enter%20PIN%20to%20receive%20money,1,scam_refund_receive,19,16,0,0,synthetic-v1
upi://pay?pa=6643589985@oksbi&am=4252&tn=loan%20return,0,legit_p2p,0,0,0,0,synthetic-v1
upi://collect?pa=83757830@rbl&pn=Indian%20Army%20Canteen&am=2490&tn=refundable%20deposit,0,scam_olx_army,1,0,0,0,synthetic-v1
upi://pay?pa=8148871639@sbi&pn=Raju%20Juice%20Corner&am=1554,0,legit_small_shop,0,0,0,0,synthetic-v1
upi://pay?pa=manoj901946@fbl&pn=Jio%20Prize%20Department&am=8399&tn=lottery%20processing,1,scam_prize,10,1,0,0,synthetic-v1
upi://pay?pa=sharmashop55@okaxis&pn=Raj%20Mobile%20Point&mc=5942&tn=Payment,0,legit_merchant_static,0,0,0,0,synthetic-v1
upi://pay?pa=bharatpe.70747572@fbpe&pn=Hotel%20Annapoorna&mc=5814,0,legit_merchant_static,0,0,0,0,synthetic-v1
upi://pay?pa=8501087402@axl&tn=chai,0,legit_p2p,0,0,0,0,synthetic-v1
upi://pay?pa=paytmqr1928860216@paytm&pn=Blue%20Star%20Salon&am=3801&mc=5411&tr=ORD12980115&tn=Bill,0,legit_merchant_dynamic,0,0,0,0,synthetic-v1
upi:\pay?pa=upi55394529@pnb&pn=Balaji%20Fancy%20Store&am=5602,1,scam_tampered_qr,0,0,0,1,synthetic-v1
upi://pay?pa=9155688922@okhdfcbank&pn=PhonePe%20Cashback&am=40000&tn=Prize%20money%20credit,1,scam_refund_receive,4,2,0,0,synthetic-v1
upi://pay?pa=rbi.claim@jupiteraxis&pn=Income%20Tax%20Department&am=7954&tn=cashback,1,scam_fake_merchant,0,0,0,0,synthetic-v1
upi://pay?pa=lakshmi.mishra@yesbank&pn=Jio%20Prize%20Department&am=16499&tn=GST%20on%20prize,1,scam_prize,3,3,0,0,synthetic-v1
upi://pay?pa=neha.menon@sbi&pn=Farhan%20Pillai&tn=trip%20share,0,legit_p2p,0,0,0,0,synthetic-v1
upi://pay?pa=6424895549@tjsb&pn=Vikram%20Das,0,legit_rare_handle,0,0,0,0,synthetic-v1
upi://pay?pa=bbmp.propertytax@sbi&pn=BBMP%20Property%20Tax&am=11161&mc=6300&tr=TXN9494383323&tn=Consumer%20no%201888889,0,legit_biller,0,0,0,0,synthetic-v1
upi://pay?pa=shreya75351@axisbank&pn=Amazon%20Lucky%20Winner&am=16718&tn=prize%20claim%20fee,1,scam_prize,0,0,0,0,synthetic-v1
upi://pay?pa=deepa549613@kvb&pn=PhonePe%20Cashback&am=4373&tn=pending%20bill,1,scam_impersonation,0,0,0,0,synthetic-v1
upi://pay?pa=arun166@oksbi&pn=Sai%20Vegetables,0,legit_small_shop,0,0,0,0,synthetic-v1
upi://pay?pa=sneha799504@axisbank&pn=Govt%20Subsidy%20Office&tn=call%207538543557%20for%20refund,1,scam_link_in_note,8,5,0,1,synthetic-v1
upi://pay?pa=paytmqr8790428198@paytm&pn=Sri%20Lakshmi%20Medicals&am=5815&mc=5411&tr=ORD11927029,0,legit_merchant_dynamic,0,0,0,0,synthetic-v1
upi://pay?pa=nikhil.bose@hdfcbank&pn=Anjali%20Reddy&am=27227&tn=house%20deposit,0,legit_family_large,0,0,0,0,synthetic-v1
upi://pay?pa=razorpay.5906657@icici&pn=Sharma%20General%20Store&am=879&mc=5311&tr=ORD111240355&tn=Bill,0,legit_merchant_dynamic,0,0,0,0,synthetic-v1
upi://pay?pa=sneha@sbi&pn=Krishna%20Bakery&am=4397&tn=payment,0,legit_small_shop,1,1,0,0,synthetic-v1
upi://pay?pa=nikhil.mishra@idfcbank&pn=Electricity%20Board%20Officer&am=15026&tn=processing%20fee,1,scam_impersonation,2,1,0,0,synthetic-v1
upi://pay?pa=ravinaik366@yesbank&pn=Harish%20Das&am=60000&tn=wedding,0,legit_family_large,0,0,0,0,synthetic-v1
upi://pay?pa=6673480788@okicici&pn=SBI%20KYC%20Cell&am=1981&tn=Re-activation%20charges,1,scam_kyc_fee,0,0,0,0,synthetic-v1
upi://pay?pa=8565118636@icici&pn=Income%20Tax%20Department&am=11875,1,scam_impersonation,5,3,0,0,synthetic-v1
upi://pay?pa=fatima.joshi@ybl&pn=Sanjay%20Iyer&am=74000&tn=hospital%20bill,0,legit_family_large,0,0,0,1,synthetic-v1
upi://pay?pa=anil.pillai@fbl&pn=Sneha%20Gowda&tn=groceries,0,legit_p2p,0,0,0,0,synthetic-v1
upi://pay?pa=srishop49@okaxis&pn=Anand%20Sweets&mc=5814,0,legit_merchant_static,0,0,0,0,synthetic-v1
upi://pay?pa=9487459691@okaxis&pn=Arjun%20Nair&tn=trip%20share,0,legit_p2p,0,0,0,0,synthetic-v1
upi://pay?pa=9543955271@sbi&pn=Vikram%20Gupta&am=2611.81&tn=rent,0,legit_p2p,0,0,0,0,synthetic-v1
upi://pay?pa=treasury.ker@sbi&pn=Kerala%20Govt%20Treasury&am=2315&mc=4112&tr=TXN3605550619&tn=Consumer%20no%201906356,0,legit_biller,0,0,0,0,synthetic-v1
upi://pay?pa=paytmqr3148044014@paytm&pn=Sri%20Lakshmi%20Medicals&mc=5311,0,legit_merchant_static,0,0,0,0,synthetic-v1
upi://pay?pa=9928220884@barodampay&am=33286&tn=rent,0,legit_p2p,0,0,0,0,synthetic-v1
upi://pay?pa=9692205628@dbs&pn=Electricity%20Board%20Officer&am=1997&tn=whatsapp%206259592313,1,scam_link_in_note,0,0,0,0,synthetic-v1
upi://pay?pa=sunita.pillai@okicici&am=1000&tn=trip%20share,0,legit_p2p,0,0,0,0,synthetic-v1
upi://pya?pa=6167388907@ibl&pn=Balaji%20Fancy%20Store,1,scam_tampered_qr,20,9,0,0,synthetic-v1
upi://pay?pa=cf.metro390@axisbank&pn=Fresh%20Mart&am=9491&mc=5912&tr=ORD392636074&tn=Bill&sign=MEUCIQbe4Z3098e3620d8eab38,0,legit_merchant_dynamic,0,0,0,0,synthetic-v1
upi://pay?pa=9464479149@pnb&pn=Police%20Cyber%20Cell&am=27299&tn=Get%20cashback%20now,1,scam_refund_receive,0,0,0,0,synthetic-v1
upi://pay?pa=6142343934@axl&pn=New%20Style%20Tailors&am=200&tn=bill,0,legit_small_shop,0,0,0,0,synthetic-v1
upi://pay?pa=sbi.refund@ybl&pn=Flipkart%20Refund%20Team&tn=offer,1,scam_fake_merchant,3,3,0,0,synthetic-v1
upi://pay?pa=8682287808@upi&pn=Krishna%20Bakery&am=4120&tn=payment,0,legit_small_shop,0,0,0,0,synthetic-v1
upi://pay?pa=paytmqr8988960793@paytm&pn=City%20Bakery&am=3091&mc=5411&tr=ORD285800497&tn=Invoice%202488&sign=MEUCIQ6Z04c05d36ZdaYca85e0,0,legit_merchant_dynamic,0,0,0,0,synthetic-v1
upi://pay?pa=mary75@pnb&pn=Nikhil%20Sharma&am=31000.67&tn=car%20emi,0,legit_family_large,0,0,0,0,synthetic-v1
upi://pay?pa=tirumala.donations@sbi&pn=Gurudwara%20Seva,0,legit_temple,0,0,0,0,synthetic-v1
upi://pay?pa=pinelabs.906037@hdfcbank&pn=Hotel%20Annapoorna&am=11984&mc=5912&tr=ORD90832612,0,legit_merchant_dynamic,0,0,0,0,synthetic-v1
upi://collect?pa=gurpreet.pillai@hdfcbank&pn=TRAI%20Helpline&am=13396.85&tn=Cashback%20credited%20on%20scan,1,scam_collect,2,1,0,0,synthetic-v1
upi://pay?pa=q273837996@ybl&pn=Sri%20Lakshmi%20Medicals&mc=5812&tn=Payment,0,legit_merchant_static,0,0,0,0,synthetic-v1
upi://pay?pa=harish77@icici&pn=Fatima%20Nair&am=58776&tn=wedding,0,legit_family_large,0,0,0,0,synthetic-v1
upi://pay?pa=6491358282@ibl&pn=Pooja%20Pillai&tn=gift,0,legit_p2p,0,0,0,0,synthetic-v1
upi://pay?pa=8884352969@axl&pn=Shreya%20Menon&am=28093&tn=trading%20profit,1,scam_quiet,2,1,0,1,synthetic-v1
upi://mandate?pa=8803377186@ybl&pn=Electricity%20Board&am=899&recur=MONTHLY&tn=cashback%20activation,1,scam_autopay,1,0,0,0,synthetic-v1
upi://pay?pa=q137049028@ybl&pn=Sri%20Lakshmi%20Medicals&mc=5942&tn=Payment,0,legit_merchant_static,0,0,0,0,synthetic-v1
upi://pay?pa=7333956556@ibl&pn=Income%20Tax%20Department&am=22405,1,scam_impersonation,0,0,0,0,synthetic-v1
upi://pay?pa=icici.helpdesk90@tjsb&pn=Customs%20Clearance%20Officer&mc=0000&am=380&tn=cashback,1,scam_fake_merchant,4,2,0,0,synthetic-v1
upi://pay?pa=amazon.refund@upi&pn=Paytm%20KYC%20Team&am=9199.85,1,scam_fake_merchant,0,0,0,0,synthetic-v1
upi://pay?pa=user11333624@axisbank&pn=KBC%20Lottery%20Winner&am=7115.16&tn=winner%20registration,1,scam_prize,0,0,0,0,synthetic-v1
upi://pay?pa=9106673698@icici&pn=Priya%20Pillai&am=23000&tn=rent,0,legit_family_large,0,0,0,0,synthetic-v1
upi://pay?pa=anjali99@okicici&pn=Vikram%20Mishra&am=2000&tn=fees,0,legit_p2p,0,0,0,0,synthetic-v1
upi://pya?pa=shreya375346@okaxis&pn=Income%20Tax%20Department&am=7698.81,1,scam_tampered_qr,6,1,0,0,synthetic-v1
upi://pay?pa=bescom.billdesk@hdfcbank&pn=BESCOM%20Bill%20Payment&am=14978.39&mc=6300&tr=TXN6018676756&tn=Property%20tax,0,legit_biller,0,0,0,0,synthetic-v1
upi://pay?pa=6732252798@okhdfcbank&pn=Anna%20Idli%20Stall&am=1000&tn=payment,0,legit_small_shop,0,0,0,0,synthetic-v1
upi://collect?pa=9476978589@kotak&pn=Indian%20Army%20Canteen&am=19856&tn=Enter%20PIN%20to%20receive%20money,1,scam_collect,7,1,0,0,synthetic-v1
upi://pay?pa=pay45987729@okhdfcbank&pn=Electricity%20Board%20Officer&am=11000&tn=Scan%20to%20receive%20your%20refund,1,scam_refund_receive,5,5,0,0,synthetic-v1
upi://pay?pa=manojreddy874@fbl&pn=Swati%20Pillai&tn=cab%20share,0,legit_p2p,0,0,0,0,synthetic-v1
upi://pay?pa=bbmp.propertytax@sbi&pn=BBMP%20Property%20Tax&am=11243&mc=4900&tr=TXN4697330456&tn=Property%20tax,0,legit_biller,0,0,0,0,synthetic-v1
upi://pay?pa=q117679455@ybl&pn=Kumar%20Auto%20Works&mc=5411&tn=Payment,0,legit_merchant_static,0,0,0,0,synthetic-v1
upi://pay?pa=paytmqr2821372899@paytm&pn=Blue%20Star%20Salon,0,legit_merchant_static,0,0,0,0,synthetic-v1
upi://pay?pa=divyakumar271@idfcbank&pn=Joseph%20Iyer&tn=gift,0,legit_p2p,0,0,0,0,synthetic-v1
upi://pay?pa=divya937265@pnb&pn=Amazon%20Lucky%20Winner&am=8735&tn=tax%20on%20winning,1,scam_prize,7,6,0,0,synthetic-v1
upi://pay?pa=anil71@dbs&pn=Priya%20Gowda&am=1048,0,legit_rare_handle,0,0,1,0,synthetic-v1
upi://pay?pa=cf.hotel795@axisbank&pn=Om%20Sai%20Kirana&am=10733&mc=5942&tr=ORD57490814&tn=Bill,0,legit_merchant_dynamic,0,0,0,0,synthetic-v1
upi://pay?pa=joseph.nair@idfcbank&pn=Shreya%20Naik&am=40758&tn=birthday%20gift,0,legit_p2p,0,0,0,0,synthetic-v1
upi://pay?pa=cry.donate@hdfcbank&pn=Gurudwara%20Seva&mc=8398&am=1400,0,legit_temple,0,0,0,0,synthetic-v1
upi://pay?pa=metromart32@okaxis&pn=Raj%20Mobile%20Point&mc=7538,0,legit_merchant_static,0,0,0,0,synthetic-v1
upi://pay?pa=kavya695425@dbs&pn=Flipkart%20Refund%20Team&am=16872&tn=case%20closure,1,scam_impersonation,4,4,0,1,synthetic-v1
upi://pay?pa=suresh971510@okicici&pn=SBI%20Refund%20Dept&am=28099&tn=Cashback%20credited%20on%20scan,1,scam_refund_receive,11,7,0,0,synthetic-v1
upi://pay?pa=pooja.sharma@cmsidfc&pn=Varun%20Naik,0,legit_rare_handle,0,0,0,0,synthetic-v1
upi://pay?pa=6503174295@okhdfcbank&pn=Kiran%20Verma&am=43805&tn=loan%20return,0,legit_p2p,0,0,0,0,synthetic-v1
upi://pay?pa=8110381022@barodampay&pn=Kumar%20Xerox,0,legit_small_shop,0,0,0,0,synthetic-v1
upi://pay?pa=priya@ybl&pn=Priya%20Beauty%20Parlour&tn=payment,0,legit_small_shop,0,0,0,0,synthetic-v1
upi://pay?pa=8826483814@ybl&pn=RBI%20Grievance%20Cell&am=19299&tn=Prize%20money%20credit,1,scam_refund_receive,0,0,0,0,synthetic-v1
upi://pay?pa=7478638441@kotak&pn=SBI%20Refund%20Dept&am=397&pa=lakshmi104813@kvb,1,scam_tampered_qr,0,0,0,0,synthetic-v1
upi://pay?pa=ashabose850@yesbank&pn=Arjun%20Pillai&am=9708&tn=trading%20profit,1,scam_quiet,0,0,0,0,synthetic-v1
upi://pay?pa=7976550228@okicici&pn=PhonePe%20Cashback&tn=case%20closure,1,scam_impersonation,1,0,0,0,synthetic-v1
upi://pay?pa=sharmastore85@okaxis&pn=Om%20Sai%20Kirana&mc=4121,0,legit_merchant_static,0,0,0,0,synthetic-v1
upi://pay?pa=meera.mishra@upi&pn=KBC%20Lottery%20Winner&am=9882&tn=lottery%20processing,1,scam_prize,1,1,0,0,synthetic-v1
upi://pay?pa=q618966428@ybl&pn=Hotel%20Annapoorna&mc=5942&tn=Payment,0,legit_merchant_static,0,0,0,0,synthetic-v1
upi://pay?pa=paytmqr2804217343@paytm&pn=Anand%20Sweets&am=6295&mc=5732&tr=ORD120696706&tn=Bill,0,legit_merchant_dynamic,0,0,0,0,synthetic-v1
upi://pay?pa=q438615763@ybl&pn=City%20Bakery&mc=5732,0,legit_merchant_static,0,0,0,0,synthetic-v1
upi://pay?pa=razorpay.7389269@icici&pn=Green%20Leaf%20Veg&am=17400&mc=5812&tr=ORD244721008&tn=Invoice%205460,0,legit_merchant_dynamic,0,0,0,0,synthetic-v1
upi://pay?pa=paytmqr5378962029@paytm&pn=Metro%20Tailors&mc=5331,0,legit_merchant_static,0,0,0,0,synthetic-v1
upi://pay?pa=anjali55@axl&pn=Arun%20Nair&am=22859&tn=birthday%20gift,0,legit_p2p,0,0,0,0,synthetic-v1
upi://pay?pa=paytmqr3860273209@paytm&pn=Blue%20Star%20Salon&mc=7538&tn=Payment,0,legit_merchant_static,1,0,1,0,synthetic-v1
upi://pay?pa=9762949615@kotak&pn=Manoj%20Menon&am=1000&tn=electricity%20share,0,legit_p2p,0,0,0,0,synthetic-v1
upi://collect?pa=9313037703@okicici&pn=Army%20Officer%20Rakesh&am=16000.36&tn=refundable%20deposit,1,scam_olx_army,0,0,0,0,synthetic-v1
upi://pay?pa=varun.sharma@axisbank&pn=SBI%20Refund%20Dept&am=31499&tn=Refund%20processing%20-%20scan%20to%20get,1,scam_refund_receive,3,1,0,0,synthetic-v1
upi://pay?pa=farhan77@pnb&pn=Anil%20Gupta&am=20216,1,scam_quiet,4,4,0,0,synthetic-v1
upi://pay?pa=9269891027@hdfcbank&pn=KBC%20Lottery%20Winner&am=15699.38&tn=tax%20on%20winning,1,scam_prize,0,0,0,1,synthetic-v1
upi://pay?pa=9982627874@okaxis&pn=Divya%20Das&am=1000&tn=investment,1,scam_quiet,0,0,0,0,synthetic-v1
upi://pay?pa=6445940072@yesbank&pn=Sai%20Vegetables&tn=payment,0,legit_small_shop,0,0,0,0,synthetic-v1
upi://pay?pa=anna46@paytm&pn=Anna%20Idli%20Stall&am=100,0,legit_small_shop,0,0,0,0,synthetic-v1
upi:pay?pa=8146194654@oksbi&pn=RBI%20Grievance%20Cell,1,scam_tampered_qr,16,9,0,0,synthetic-v1
upi://pay?pa=asha.verma@okhdfcbank&pn=Lucky%20Draw%20Office&am=5899.13&tn=GST%20on%20prize,1,scam_prize,0,0,0,0,synthetic-v1
upi://pay?pa=6234304964@icici&pn=Raju%20Juice%20Corner&tn=payment,0,legit_small_shop,0,0,0,0,synthetic-v1
upi://autopay?pa=varun662289@kvb&pn=Electricity%20Board&am=1563&recur=MONTHLY&tn=cashback%20activation,1,scam_autopay,0,0,0,0,synthetic-v1
upi://pay?pa=7689654763@upi&am=3230&tn=birthday%20gift,0,legit_p2p,0,0,0,0,synthetic-v1
upi://pay?pa=prakashnair40@tjsb&pn=Prakash%20Gowda,0,legit_rare_handle,0,0,0,0,synthetic-v1
upi://pay?pa=pooja17@ybl&pn=Joseph%20Sharma&am=4668&tn=birthday%20gift,0,legit_p2p,0,0,0,0,synthetic-v1
upi://pay?pa=7404269572@yesbank&pn=Sunita%20Gowda&tn=fees,0,legit_p2p,0,0,0,0,synthetic-v1
upi://pay?pa=nikhil70@okicici&pn=Sunita%20Kumar&am=20000&tn=cab%20share,0,legit_p2p,0,0,0,0,synthetic-v1
upi://pay?pa=razorpay.9105145@icici&pn=Metro%20Tailors&am=5868&mc=7230&tr=ORD483689860&tn=Invoice%202524,0,legit_merchant_dynamic,0,0,0,0,synthetic-v1
upi://pay?pa=kavya13416@okhdfcbank&pn=TRAI%20Helpline&am=7267&tn=whatsapp%206545185934,1,scam_link_in_note,0,0,0,0,synthetic-v1
upi://pay?pa=tirumala.donations@sbi&pn=TTD%20Donations&mc=8661&am=387.46,0,legit_temple,0,0,0,0,synthetic-v1
upi://pay?pa=amazon.refund@kvb&pn=Income%20Tax%20Department&am=5061,1,scam_fake_merchant,0,0,0,0,synthetic-v1
upi://pay?pa=harish432405@axisbank&pn=Electricity%20Board%20Officer&am=25000&tn=Scan%20to%20receive%20your%20refund,1,scam_refund_receive,0,0,0,0,synthetic-v1
upi://pay?pa=freshshop@sbi&pn=Fresh%20Fish%20Stall&am=500,0,legit_small_shop,0,0,0,0,synthetic-v1
upi://pay?pa=anjali83@ibl&pn=Kavya%20Pillai&am=118,0,legit_p2p,2,1,0,0,synthetic-v1
upi://pay?pa=9625227112@apl&pn=Sai%20Vegetables&am=300,0,legit_small_shop,0,0,0,0,synthetic-v1
upi://pay?pa=kirangowda137@sbi&pn=Divya%20Verma&am=1130.78&tn=maid%20salary,0,legit_p2p,0,0,0,0,synthetic-v1
upi://collect?pa=6891992334@hdfcbank&pn=CRPF%20Jawan%20Sunil&am=5025&tn=army%20canteen,1,scam_olx_army,3,2,0,0,synthetic-v1
upi://pay?pa=paytmqr3928630441@paytm&pn=Fresh%20Mart&mc=5499,0,legit_merchant_static,0,0,0,0,synthetic-v1
upi://pay?pa=8550810009@axisbank&pn=Electricity%20Board%20Officer&am=40799&tn=Scan%20to%20receive%20your%20refund,1,scam_refund_receive,0,0,0,0,synthetic-v1
upi://pay?pa=9700820534@idfcbank&pn=Swati%20Reddy&am=43000.82&tn=hospital%20bill,0,legit_family_large,0,0,0,0,synthetic-v1
upi://pay?pa=kiran.das@ibl&tn=rent,0,legit_p2p,0,0,0,0,synthetic-v1
upi://pay?pa=sunita108@idfcbank&pn=New%20Style%20Tailors&am=300&tn=order,0,legit_small_shop,0,0,0,0,synthetic-v1
upi://pay?pa=7380522914@upi&pn=Sai%20Vegetables,0,legit_small_shop,0,0,0,0,synthetic-v1
upi://pay?pa=q538305305@ybl&pn=Janata%20Hardware&mc=5499&tn=Payment,0,legit_merchant_static,0,0,1,0,synthetic-v1
upi://pay?pa=7853762464@upi&pn=Kiran%20Khan&am=4000,1,scam_quiet,3,2,0,0,synthetic-v1
upi://pay?pa=incometax.refund70@yesbank&pn=Police%20Cyber%20Cell&am=6924.05,1,scam_fake_merchant,4,2,0,0,synthetic-v1
upi://pay?pa=6303849681@okicici&pn=Pooja%20Khan&tn=movie,0,legit_p2p,0,0,0,0,synthetic-v1
upi://pay?pa=9343227920@kotak&pn=Flipkart%20Refund%20Team&am=18099&tn=Claim%20your%20reward,1,scam_refund_receive,0,0,0,0,synthetic-v1
upi://pay?pa=ayesha.verma@upi&pn=HDFC%20Customer%20Care&am=20000&tn=Refund%20processing%20-%20scan%20to%20get,1,scam_refund_receive,0,0,0,0,synthetic-v1
upi://pay?pa=ayesha69@axisbank&am=49000&tn=help,1,scam_quiet,5,1,0,0,synthetic-v1
upi://pay?pa=fatima37@axisbank&pn=Lakshmi%20Reddy&am=2579&tn=maid%20salary,0,legit_p2p,0,0,0,0,synthetic-v1
upi://pay?pa=razorpay.8764861@icici&pn=Metro%20Tailors&am=8844&mc=5942&tr=ORD99563120&tn=Invoice%201045,0,legit_merchant_dynamic,0,0,0,0,synthetic-v1
upi://pay?pa=neha26@yesbank&pn=Kiran%20Bose&am=89000&tn=rent,0,legit_family_large,0,0,0,0,synthetic-v1
upi://pay?pa=user6805550@barodampay&pn=Amazon%20Refund%20Desk&am=18699&tn=pending%20bill,1,scam_impersonation,3,1,0,0,synthetic-v1
upi://pay?pa=8694634188@okicici&pn=Nikhil%20Reddy&am=2277&tn=gift,0,legit_p2p,0,0,0,0,synthetic-v1
upi://pay?pa=swati.nair@okhdfcbank&pn=Fatima%20Shetty&am=3000&tn=maid%20salary,0,legit_p2p,0,0,0,0,synthetic-v1
upi://pay?pa=9105503234@kotak&am=3000&tn=dinner,0,legit_p2p,0,0,0,0,synthetic-v1
upi://pay?pa=divya250832@idfcbank&pn=PhonePe%20Cashback&am=40399&tn=Prize%20money%20credit,1,scam_refund_receive,0,0,0,0,synthetic-v1
upi://pay?pa=arjunnair835@okaxis&pn=Meera%20Verma&am=1596,0,legit_p2p,0,0,0,0,synthetic-v1
upi://pay?pa=manoj740660@pnb&pn=Govt%20Subsidy%20Office&am=16499&tn=processing%20fee,1,scam_impersonation,0,0,0,0,synthetic-v1
upi://pay?pa=6187982648@hdfcbank&pn=Suresh%20Naik&am=25000,1,scam_quiet,11,1,0,0,synthetic-v1
upi://pay?pa=upi45424312@yesbank&pn=Varun%20Verma&am=18399&tn=Refund%20of%20Rs%2018399,1,scam_refund_receive,2,1,0,0,synthetic-v1
upi://pay?pa=paytmqr5097537624@paytm&pn=Blue%20Star%20Salon&am=11731.82&mc=7538&tr=ORD134124419,0,legit_merchant_dynamic,0,0,0,0,synthetic-v1
upi://pya?pa=8259913887@rbl&pn=Electricity%20Board%20Officer,1,scam_tampered_qr,12,6,0,0,synthetic-v1
upi://collect?pa=8951088188@okicici&pn=HDFC%20Customer%20Care&am=15794&tn=Cashback%20credited%20on%20scan,1,scam_collect,0,0,0,0,synthetic-v1
upi://pay?pa=ganeshshop@okhdfcbank&pn=Ganesh%20Tea%20Stall&am=100&tn=payment,0,legit_small_shop,0,0,0,0,synthetic-v1
upi://pay?pa=deepa.mishra@fbl&pn=Arjun%20Gupta&am=56000.86&tn=rent,0,legit_family_large,0,0,0,0,synthetic-v1
upi://pay?pa=npci.support85@jupiteraxis&pn=Income%20Tax%20Department&tn=cashback,1,scam_fake_merchant,10,5,0,0,synthetic-v1
upi://pay?pa=irctc.pay@hdfcbank&pn=Indian%20Railways%20IRCTC&am=3841&mc=4112&tr=TXN5144656047&tn=Bill%20payment,0,legit_biller,0,0,0,0,synthetic-v1
upi://pay?pa=razorpay.7353985@icici&pn=Royal%20Fruits&am=14167&mc=5311&tr=ORD432435155,0,legit_merchant_dynamic,0,0,0,0,synthetic-v1
upi://pay?pa=metromart39@okaxis&pn=Hotel%20Annapoorna&mc=7538,0,legit_merchant_static,0,0,0,0,synthetic-v1
upi://pay?pa=pinelabs.678825@hdfcbank&pn=Kumar%20Auto%20Works&am=3160&mc=7538&tr=ORD299218237&tn=Order%20payment,0,legit_merchant_dynamic,0,0,0,0,synthetic-v1
upi://pay?pa=irctc.pay@hdfcbank&pn=Indian%20Railways%20IRCTC&am=3979&mc=4900&tr=TXN8978337038&tn=Bill%20payment,0,legit_biller,0,0,0,0,synthetic-v1
upi://pay?pa=8955813599@paytm&am=18000&tn=hospital,1,scam_quiet,3,3,0,0,synthetic-v1
upi://pay?pa=8128919938@apl&pn=Swati%20Gupta&tn=call%206976632683%20for%20refund,1,scam_link_in_note,7,3,0,0,synthetic-v1
upi://pay?pa=priya.gowda@apl&pn=Fatima%20Mishra&tn=birthday%20gift,0,legit_p2p,0,0,0,0,synthetic-v1
upi://pay?pa=josephmenon568@yesbank&pn=Kiran%20Gupta&am=2019&tn=groceries,0,legit_p2p,0,0,0,0,synthetic-v1
upi://pay?pa=paytmqr7415083138@paytm&pn=Metro%20Tailors&mc=5912,0,legit_merchant_static,0,0,1,0,synthetic-v1
upi://pay?pa=sanjaydas317@oksbi&pn=Prakash%20Mishra&am=22756&tn=trading%20profit,1,scam_quiet,0,0,0,0,synthetic-v1
upi://pay?pa=harish.mishra@kotak&pn=Paytm%20KYC%20Team&am=1199&tn=KYC%20verification,1,scam_kyc_fee,0,0,0,0,synthetic-v1
upi://pay?pa=gurpreet.joshi@okhdfcbank&pn=Paytm%20KYC%20Team&am=899&tn=KYC%20update%20charge,0,scam_kyc_fee,0,0,0,0,synthetic-v1
upi://pay?pa=8632166091@paytm&pn=SBI%20Refund%20Dept&am=9550&pa=sanjay170382@kvb,1,scam_tampered_qr,0,0,0,0,synthetic-v1
upi://pay?pa=pay69885908@barodampay&pn=SBI%20KYC%20Cell&am=899&tn=Re-activation%20charges,1,scam_kyc_fee,5,5,0,0,synthetic-v1
upi://pay?pa=6911830193@kvb&pn=ICICI%20Bank%20Support&am=39199&tn=Refund%20processing%20-%20scan%20to%20get,1,scam_refund_receive,0,0,0,0,synthetic-v1
upi://pay?pa=snehajoshi655@tjsb&pn=Nikhil%20Rao,0,legit_rare_handle,0,0,0,0,synthetic-v1
upi://pay?pa=q137480859@ybl&pn=Sharma%20General%20Store&mc=5814,0,legit_merchant_static,0,0,0,0,synthetic-v1
upi://pay?pa=8535623098@apl&tn=trip%20share,0,legit_p2p,0,0,0,0,synthetic-v1
upi://pay?pa=meera99@ibl&pn=Sneha%20Kumar&tn=gift,0,legit_p2p,0,0,0,0,synthetic-v1
upi://pay?pa=vikram.pillai@apl&pn=Mary%20Iyer&am=42000&tn=petrol,0,legit_p2p,0,0,0,0,synthetic-v1
upi://pay?pa=q584097099@ybl&pn=Hotel%20Annapoorna&mc=5732,0,legit_merchant_static,0,0,0,0,synthetic-v1
upi://pay?pa=suresh.rao@kotak&pn=Mary%20Mishra,0,legit_p2p,2,0,1,0,synthetic-v1
upi://collect?pa=asha198701@yesbank&pn=Army%20Officer%20Rakesh&am=7102&tn=approve%20to%20receive,1,scam_collect,0,0,0,1,synthetic-v1
upi://pay?pa=8604060982@paytm&pn=Vikram%20Sharma&am=30000&tn=hospital,1,scam_quiet,0,0,0,0,synthetic-v1
upi://pay?pa=customer.care.help@sbi&pn=TRAI%20Helpline&tn=offer,1,scam_fake_merchant,0,0,0,1,synthetic-v1
upi://pay?pa=sunita45@okhdfcbank&pn=Priya%20Gupta&am=1703.30&tn=groceries,0,legit_p2p,0,0,0,0,synthetic-v1
upi://pay?pa=sunitakumar122@yesbank&pn=Swati%20Khan&am=35000&tn=college%20fees,0,legit_family_large,0,0,0,0,synthetic-v1
upi://pay?pa=sunita.patel@ibl&pn=Joseph%20Rao&tn=birthday%20gift,0,legit_p2p,0,0,0,0,synthetic-v1
upi://pay?pa=6979451187@okaxis&pn=Amazon%20Lucky%20Winner&am=20218&tn=lottery%20processing,1,scam_prize,0,0,0,0,synthetic-v1
upi://pay?pa=sanjay28@axisbank&pn=Prakash%20Patel&tn=maid%20salary,0,legit_p2p,0,0,0,0,synthetic-v1
upi://pay?pa=treasury.ker@sbi&pn=Kerala%20Govt%20Treasury&am=4316&mc=9311&tr=TXN6469568399&tn=Bill%20payment,1,legit_biller,0,0,0,0,synthetic-v1
upi://pay?pa=sanjay144578@yesbank&pn=Prakash%20Patel&am=23000&tn=please%20send%20fast,1,scam_quiet,24,11,0,0,synthetic-v1
upi://pay?pa=9379184304@kotak&pn=ICICI%20Bank%20Support&am=24499&tn=Refund%20of%20Rs%2024499,1,scam_refund_receive,7,1,0,0,synthetic-v1
upi://pay?pa=9173973971@ybl&pn=Amazon%20Refund%20Desk&am=8299.69&tn=case%20closure,1,scam_impersonation,0,0,0,0,synthetic-v1
upi://pay?pa=6160407687@hdfcbank&pn=Harish%20Pillai&am=6000.96&tn=task%20payment,1,scam_quiet,1,1,0,0,synthetic-v1
upi://pay?pa=fatima.naik@ybl&pn=Harish%20Naik&am=2652.60&tn=cab%20share,0,legit_p2p,0,0,0,0,synthetic-v1
upi://pay?pa=sanjay@ibl&pn=New%20Style%20Tailors&am=1500&tn=payment,0,legit_small_shop,0,0,0,0,synthetic-v1
upi://pay?pa=pinelabs.292661@hdfcbank&pn=Raj%20Mobile%20Point&am=8571&mc=5411&tr=ORD391397639&tn=Order%20payment,0,legit_merchant_dynamic,0,0,0,0,synthetic-v1
upi://pay?pa=user35236454@pnb&pn=Income%20Tax%20Department&am=19231,1,scam_impersonation,1,1,0,0,synthetic-v1
upi://collect?pa=upi70169495@okicici&pn=Deepa%20Das&am=10220&tn=approve%20to%20receive,1,scam_collect,31,16,0,0,synthetic-v1
upi:pay?pa=6334563944@kotak&pn=Sri%20Lakshmi%20Medicals,1,scam_tampered_qr,11,8,0,0,synthetic-v1
upi://autopay?pa=priya107720@icici&pn=Jio%20Recharge&am=9599&recur=WEEKLY&tn=cashback%20activation,1,scam_autopay,0,0,0,1,synthetic-v1
upi://pay?pa=fatimaiyer645@kotak&pn=Shreya%20Joshi&am=25000&tn=college%20fees,0,legit_family_large,0,0,1,0,synthetic-v1
upi://pay?pa=q231497148@ybl&pn=Sri%20Lakshmi%20Medicals&mc=5814&tn=Payment,0,legit_merchant_static,0,0,0,0,synthetic-v1
upi://pay?pa=pay16615678@ibl&pn=Mary%20Reddy&am=1299&tn=Account%20unblock%20fee,1,scam_kyc_fee,8,3,0,0,synthetic-v1
upi://pay?pa=user12006649@fbl&pn=Income%20Tax%20Department&am=11899.92&tn=security%20deposit,1,scam_impersonation,0,0,0,0,synthetic-v1
upi://pay?pa=paytmqr9138193304@paytm&pn=Green%20Leaf%20Veg&mc=5814,0,legit_merchant_static,0,0,0,0,synthetic-v1
upi://pay?pa=9605690401@axl&pn=Bank%20KYC%20Update&am=2286&tn=Account%20unblock%20fee,1,scam_kyc_fee,9,3,0,1,synthetic-v1
upi://pay?pa=varun.joshi@barodampay&tn=chai,0,legit_p2p,0,0,0,0,synthetic-v1
upi://pay?pa=7584579369@okicici&pn=Prakash%20Shetty&am=3438&tn=rent,0,legit_p2p,0,0,0,0,synthetic-v1
upi://pay?pa=treasury.ker@sbi&pn=Kerala%20Govt%20Treasury&am=8223&mc=6300&tr=TXN2612332865&tn=Consumer%20no%201566371,0,legit_biller,0,0,0,0,synthetic-v1
upi//pay?pa=9375516044@dbs&pn=Kumar%20Auto%20Works,1,scam_tampered_qr,1,1,0,0,synthetic-v1
upi://pay?pa=lakshmimenon825@upi&tn=petrol,0,legit_p2p,0,0,0,0,synthetic-v1
upi://pay?pa=anna625@fbl&pn=Anna%20Idli%20Stall&tn=payment,0,legit_small_shop,0,0,0,0,synthetic-v1
upi://pay?pa=61021880@@upi&pn=Royal%20Fruits&am=9255.30,1,scam_tampered_qr,0,0,0,0,synthetic-v1
upi://collect?pa=9122751434@okaxis&pn=CRPF%20Jawan%20Sunil&am=14000.08&tn=advance%20for%20item,1,scam_olx_army,0,0,0,0,synthetic-v1
upi://pay?pa=akshayapatra@axisbank&pn=ISKCON%20Temple&am=546.14,0,legit_temple,0,0,0,0,synthetic-v1
upi://pay?pa=q302489153@ybl&pn=Anand%20Sweets&mc=7538,0,legit_merchant_static,0,0,0,0,synthetic-v1
upi://pay?pa=arun.gowda@okicici&pn=SBI%20Refund%20Dept&am=39000.99&tn=Prize%20money%20credit,1,scam_refund_receive,8,7,0,0,synthetic-v1
upi://pay?pa=bharatpe.77049901@fbpe&pn=Metro%20Tailors&tn=Payment,0,legit_merchant_static,0,0,0,0,synthetic-v1
upi://pay?pa=vikram31@idfcbank&pn=Rahul%20Patel&am=1000&tn=rent,0,legit_p2p,0,0,0,0,synthetic-v1
upi://pay?pa=anil.joshi@barodampay&pn=Income%20Tax%20Department&am=15899.78&tn=Refund%20of%20Rs%2015899.78,1,scam_refund_receive,37,26,0,0,synthetic-v1
upi://pay?pa=ravinaik44@okhdfcbank&pn=Joseph%20Nair&am=1000&tn=maid%20salary,0,legit_p2p,0,0,0,0,synthetic-v1
upi://pay?pa=paytmqr6246554876@paytm&pn=Anand%20Sweets&mc=7230,0,legit_merchant_static,0,0,0,0,synthetic-v1
upi://pay?pa=poojarao781@barodampay&pn=Pooja%20Verma&tn=movie,0,legit_p2p,0,0,0,0,synthetic-v1
upi://pay?pa=pinelabs.338347@hdfcbank&pn=Sri%20Lakshmi%20Medicals&am=11219.86&mc=5814&tr=ORD685882575,0,legit_merchant_dynamic,0,0,0,0,synthetic-v1
upi://pay?pa=farhan.shetty@fbl&pn=Sneha%20Nair&tn=rent,0,legit_p2p,0,0,0,0,synthetic-v1
upi://collect?pa=7108714408@ibl&pn=BSF%20Officer%20Vijay&am=20773&tn=security%20deposit,1,scam_olx_army,0,0,0,0,synthetic-v1
upi://pay?pa=harish519@upi&pn=Kumar%20Xerox&tn=order,0,legit_small_shop,0,0,0,0,synthetic-v1
upi://pay?pa=pay32601841@axisbank&pn=Mary%20Das&am=22000&tn=please%20send%20fast,1,scam_quiet,1,1,0,1,synthetic-v1
upi://pay?pa=joseph.bose@idfcbank&pn=Army%20Officer%20Rakesh&am=14389.11&tn=security%20deposit,1,scam_olx_army,0,0,0,0,synthetic-v1
upi://pay?pa=q327578124@ybl&pn=Royal%20Fruits&mc=5331,1,legit_merchant_static,0,0,1,0,synthetic-v1
upi://pay?pa=divya.shetty@pnb&pn=Suresh%20Naik&am=35000&tn=hospital%20bill,0,legit_family_large,0,0,0,0,synthetic-v1
upi://pay?pa=acc22001212@axl&pn=Bank%20KYC%20Update&am=1077&tn=PAN%20link%20fee,1,scam_kyc_fee,6,4,0,1,synthetic-v1
upi://pay?pa=7292128574@sbi&pn=Nikhil%20Kumar&am=1000&tn=electricity%20share,0,legit_p2p,0,0,0,0,synthetic-v1
upi://pay?pa=joseph.khan@ibl&pn=Gurpreet%20Menon&am=37109&tn=chai,0,legit_p2p,0,0,0,0,synthetic-v1
upi://pay?pa=kiran725@fbl&pn=Mahalakshmi%20Stores,0,legit_small_shop,0,0,0,0,synthetic-v1
upi://pay?pa=72250319@paytm&pn=Paytm%20KYC%20Team&am=19499&tn=Claim%20your%20reward,1,scam_refund_receive,11,9,0,0,synthetic-v1
upi://pay?pa=mary.joshi@upi&pn=Asha%20Pillai&am=2547&tn=trip%20share,0,legit_p2p,0,0,0,0,synthetic-v1
upi://pay?pa=shreya68@sbi&pn=Asha%20Pillai&am=248&tn=fees,0,legit_p2p,0,0,0,0,synthetic-v1
upi://pay?pa=abc@barodampay&pn=ABC%20Store&am=4328,0,legit_small_shop,0,0,0,0,synthetic-v1
upi://pay?pa=asha43@sbi&pn=Arjun%20Sharma&tn=trip%20share,0,legit_p2p,0,0,0,0,synthetic-v1
upi://pay?pa=7563836092@hdfcbank&pn=Lakshmi%20Verma&am=68000&tn=hospital%20bill,0,legit_family_large,0,0,0,0,synthetic-v1
upi://pay?pa=divya.pillai@kotak&pn=KBC%20Lottery%20Winner&am=19818&tn=winner%20registration,1,scam_prize,6,4,0,0,synthetic-v1
upi://pay?pa=6764230619@axl&pn=Flipkart%20Refund%20Team&am=3644.94&tn=security%20deposit,1,scam_impersonation,5,2,0,0,synthetic-v1
upi://pay?pa=janatamart71@okaxis&pn=Green%20Leaf%20Veg&mc=7538,0,legit_merchant_static,1,0,0,0,synthetic-v1
upi://mandate?pa=varun884362@ybl&pn=Netflix&am=4499&recur=DAILY&tn=cashback%20activation,1,scam_autopay,2,1,0,0,synthetic-v1
upi://pay?pa=7373484111@kotak&pn=Paytm%20KYC%20Team&tn=call%207827505500%20for%20refund,1,scam_link_in_note,0,0,0,0,synthetic-v1
upi://pay?pa=q726433146@ybl&pn=Blue%20Star%20Salon&mc=7538&tn=Payment,0,legit_merchant_static,0,0,0,0,synthetic-v1
upi://collect?pa=joseph.pillai@upi&pn=CRPF%20Jawan%20Sunil&am=8392.86&tn=refundable%20deposit,1,scam_olx_army,3,1,0,0,synthetic-v1
upi://pay?pa=anjali969246@idfcbank&pn=PhonePe%20Cashback&am=9528&tn=case%20closure,1,scam_impersonation,8,3,0,0,synthetic-v1
upi://pay?pa=iskcon.bangalore@icici&pn=Gurudwara%20Seva&mc=8661,0,legit_temple,0,0,0,0,synthetic-v1
upi://pay?pa=mary.sharma@okhdfcbank&pn=Prakash%20Kumar,0,legit_p2p,0,0,0,0,synthetic-v1
upi://pay?pa=paytmqr4119539914@paytm&pn=City%20Bakery&mc=5942,1,legit_merchant_static,2,1,1,0,synthetic-v1
upi://pay?pa=7621898883@ybl&pn=CRPF%20Jawan%20Sunil&am=8222&tn=army%20canteen,1,scam_olx_army,0,0,0,0,synthetic-v1
upi://pay?pa=rohit540410@icici&pn=SBI%20Refund%20Dept&am=8599&tn=processing%20fee,1,scam_impersonation,0,0,0,0,synthetic-v1
upi://pay?pa=farhan673629@sbi&pn=SBI%20KYC%20Cell&am=1473&tn=Re-activation%20charges,1,scam_kyc_fee,2,2,0,0,synthetic-v1
upi://pay?pa=76134120@ibl&pn=Govt%20Subsidy%20Office&am=28099&tn=Enter%20PIN%20to%20receive%20money,1,scam_refund_receive,0,0,0,0,synthetic-v1
upi://pay?pa=8242344647@kotak&pn=Bank%20KYC%20Update&am=1099&tn=PAN%20link%20fee,1,scam_kyc_fee,20,18,0,0,synthetic-v1
upi://pay?pa=acc3442266@kvb&pn=Flipkart%20Refund%20Team&am=44099&tn=Prize%20money%20credit,1,scam_refund_receive,0,0,0,0,synthetic-v1
upi://pay?pa=sanjay.naik@upi&pn=Sunita%20Shetty&am=3140,0,legit_p2p,0,0,0,0,synthetic-v1
upi://pay?pa=9898665514@sbi&pn=Meera%20Verma&am=2564,0,legit_p2p,0,0,0,0,synthetic-v1
upi://pay?pa=6396686445@ibl&pn=Ravi%20Pillai&am=3378,0,legit_p2p,0,0,0,1,synthetic-v1
upi://pay?pa=q939522460@ybl&pn=Balaji%20Fancy%20Store&tn=Payment,0,legit_merchant_static,0,0,0,0,synthetic-v1
upi://pay?pa=9868874445@idfcbank&pn=RBI%20Grievance%20Cell&am=7540&tn=processing%20fee,1,scam_impersonation,9,3,0,0,synthetic-v1
upi://pay?pa=7277766694@ybl&pn=Suresh%20Menon,0,legit_p2p,0,0,1,0,synthetic-v1
upi://collect?pa=9534287045@idfcbank&pn=Police%20Cyber%20Cell&am=19763&tn=Enter%20PIN%20to%20receive%20money,1,scam_collect,2,2,0,0,synthetic-v1
upi://pay?pa=sanjay.rao@hdfcbank&pn=Rahul%20Shetty&tn=petrol,0,legit_p2p,0,0,0,0,synthetic-v1
upi://pay?pa=lic.premium@axisbank&pn=LIC%20Premium&am=7172&mc=4900&tr=TXN3540570748&tn=Consumer%20no%205353232,0,legit_biller,0,0,0,0,synthetic-v1
upi://pay?pa=nikhil.singh@ybl&pn=Divya%20Khan&am=32502&tn=please%20send%20fast,1,scam_quiet,9,8,0,0,synthetic-v1
upi://pay?pa=8515979661@icici&pn=RBI%20Grievance%20Cell&am=14599&tn=Refund%20of%20Rs%2014599,1,scam_refund_receive,2,1,0,0,synthetic-v1
upi://pay?pa=sanjay46@idfcbank&pn=Divya%20Nair&am=1000&tn=electricity%20share,0,legit_p2p,0,0,0,0,synthetic-v1
upi://pay?pa=shreya.shetty@kotak&pn=Rohit%20Verma&am=3817&tn=gift,0,legit_p2p,0,0,0,0,synthetic-v1
upi://pay?pa=paytmqr4201352694@paytm&pn=Kumar%20Auto%20Works&tn=Payment,0,legit_merchant_static,0,0,0,0,synthetic-v1
upi://pay?pa=6879514353@paytm&pn=Meera%20Iyer&tn=maid%20salary,0,legit_p2p,0,0,0,0,synthetic-v1
upi://pay?pa=saistall@barodampay&pn=Sai%20Vegetables&am=4216&tn=payment,0,legit_small_shop,0,0,0,0,synthetic-v1
upi://collect?pa=user47605219@fbl&pn=Indian%20Army%20Canteen&am=27345&tn=verification%20amount,0,scam_olx_army,6,6,0,0,synthetic-v1
upi://pay?pa=8783082283@sbi&pn=Anjali%20Mishra&am=2000&tn=tuition,0,legit_p2p,0,0,0,0,synthetic-v1
upi://pay?pa=acc41341086@rbl&pn=Govt%20Subsidy%20Office&am=25699.15&tn=Prize%20money%20credit,1,scam_refund_receive,0,0,0,0,synthetic-v1
upi://pay?pa=kavya.pillai@upi&pn=Rahul%20Menon&am=1802&tn=fees,0,legit_p2p,0,0,1,0,synthetic-v1
upi://collect?pa=fatima978149@icici&pn=HDFC%20Customer%20Care&am=11700&tn=Claim%20your%20reward,1,scam_collect,0,0,0,0,synthetic-v1
upi://pay?pa=farhan255332@yesbank&pn=ICICI%20Bank%20Support&am=14326&tn=security%20deposit,1,scam_impersonation,0,0,0,0,synthetic-v1
upi://pay?pa=8581152980@ibl&am=48078&tn=hospital,1,scam_quiet,17,1,0,0,synthetic-v1
upi://pay?pa=8871059699@icici&pn=Prakash%20Khan&am=1095&tn=electricity%20share,0,legit_p2p,0,0,0,0,synthetic-v1
upi://pay?pa=8319880034@dbs&pn=Paytm%20KYC%20Team&am=2699&tn=Re-activation%20charges,1,scam_kyc_fee,0,0,0,0,synthetic-v1
upi://pay?pa=nehapillai591@oksbi&pn=Anil%20Das&am=2000.54&tn=fees,0,legit_p2p,0,0,0,0,synthetic-v1
upi://pay?pa=6951983490@ibl&pn=Arun%20Singh&am=31000&tn=please%20send%20fast,1,scam_quiet,0,0,0,0,synthetic-v1
upi://pay?pa=razorpay.6957376@icici&pn=Kumar%20Auto%20Works&am=15861&mc=5311&tr=ORD78587189,0,legit_merchant_dynamic,0,0,0,0,synthetic-v1
upi://pay?pa=sureshmenon746@okicici&pn=Joseph%20Naik&am=88000.21&tn=college%20fees,0,legit_family_large,0,0,0,0,synthetic-v1
upi://pay?pa=prakash.das@@idfcbank&pn=TRAI%20Helpline,1,scam_tampered_qr,9,1,0,0,synthetic-v1
upi://pay?pa=6196181602@icici&pn=Raju%20Juice%20Corner&am=500,0,legit_small_shop,0,0,0,0,synthetic-v1
upi://pay?pa=incometax.refund1@kvb&pn=Govt%20Subsidy%20Office&mc=0000&am=6499&tn=refund,1,scam_fake_merchant,8,6,0,1,synthetic-v1
upi://pay?pa=farhan463@okicici&pn=Ganesh%20Tea%20Stall&am=250&tn=order,0,legit_small_shop,0,0,0,0,synthetic-v1
upi://pay?pa=priya.verma@ibl&pn=Vikram%20Naik&am=4021&tn=trip%20share,0,legit_p2p,0,0,0,0,synthetic-v1
upi://pay?pa=nikhil.shetty@@axisbank&pn=Janata%20Hardware,1,scam_tampered_qr,4,3,0,1,synthetic-v1
upi://pay?pa=6716161350@ybl&pn=Arjun%20Khan,0,legit_p2p,0,0,0,0,synthetic-v1
upi://pay?pa=sunita.shetty@okhdfcbank&pn=Anjali%20Singh&am=55000&tn=hospital%20bill,0,legit_family_large,0,0,0,0,synthetic-v1
upi://pay?pa=49771856@@hdfcbank&pn=Om%20Sai%20Kirana,1,scam_tampered_qr,5,2,0,0,synthetic-v1
upi://pay?pa=priya.bose@axisbank&pn=SBI%20Refund%20Dept&am=24000&tn=Receive%20payment%20from%20buyer,1,scam_refund_receive,17,9,0,0,synthetic-v1
upi://pay?pa=bbmp.propertytax@sbi&pn=BBMP%20Property%20Tax&am=3785&mc=9311&tr=TXN9278180259&tn=Consumer%20no%207010218,0,legit_biller,0,0,0,0,synthetic-v1
upi://pay?pa=prakash69@sbi&pn=Divya%20Kumar&tn=cab%20share,0,legit_p2p,0,0,0,0,synthetic-v1
upi://pay?pa=cf.anand365@axisbank&pn=Balaji%20Fancy%20Store&am=16476.91&mc=5331&tr=ORD435847304&tn=Order%20payment,0,legit_merchant_dynamic,0,0,0,0,synthetic-v1
upi://pay?pa=cf.fresh310@axisbank&pn=Royal%20Fruits&am=4784&mc=5311&tr=ORD950650113,0,legit_merchant_dynamic,0,0,0,0,synthetic-v1
upi://pay?pa=cf.sharma647@axisbank&pn=Fresh%20Mart&am=19124&mc=5814&tr=ORD304004923&tn=Bill,0,legit_merchant_dynamic,0,0,0,0,synthetic-v1
upi://pay?pa=tirumala.donations@sbi&pn=CRY%20Donations&mc=8661,0,legit_temple,0,0,0,0,synthetic-v1
upi://pay?pa=tirumala.donations@sbi&pn=ISKCON%20Temple&mc=8398&am=4680.39,0,legit_temple,0,0,0,0,synthetic-v1
upi://pay?pa=pinelabs.607102@hdfcbank&pn=Fresh%20Mart&am=2710&mc=4121&tr=ORD542545186&tn=Order%20payment,0,legit_merchant_dynamic,0,0,0,0,synthetic-v1
upi://pay?pa=swatiiyer380@kvb&pn=Rohit%20Naik&am=2262.34,0,legit_rare_handle,0,0,0,0,synthetic-v1
upi://collect?pa=7706842665@ibl&pn=Army%20Officer%20Rakesh&am=10000&tn=refundable%20deposit,0,scam_olx_army,5,4,1,0,synthetic-v1
upi://pay?pa=sunitashetty182@oksbi&pn=Sanjay%20Verma&am=270&tn=cab%20share,0,legit_p2p,0,0,0,0,synthetic-v1
upi://pay?pa=prakash.shetty@ybl&pn=Arun%20Bose&am=2000.48,0,legit_p2p,0,0,0,0,synthetic-v1
upi://pay?pa=joseph90@kotak&pn=Anjali%20Das&tn=gift,0,legit_p2p,0,0,0,0,synthetic-v1
upi://pay?pa=incometax.refund@paytm&pn=Govt%20Subsidy%20Office,1,scam_fake_merchant,0,0,0,0,synthetic-v1
upi://pay?pa=q267846111@ybl&pn=Blue%20Star%20Salon&mc=5732,0,legit_merchant_static,0,0,0,0,synthetic-v1
upi://pay?pa=shreya.shetty@pnb&am=29034,1,scam_quiet,2,2,0,0,synthetic-v1
upi://pay?pa=arjun.joshi@oksbi&pn=HDFC%20Customer%20Care&am=23999.54&tn=pending%20bill,1,scam_impersonation,0,0,0,0,synthetic-v1
upi://pay?pa=bescom.billdesk@hdfcbank&pn=BESCOM%20Bill%20Payment&am=8354.74&mc=4112&tr=TXN8900974532&tn=Bill%20payment,0,legit_biller,0,0,0,0,synthetic-v1
upi://pay?pa=6924421368@kotak&pn=Jio%20Prize%20Department&am=5999&tn=prize%20claim%20fee,1,scam_prize,12,6,1,0,synthetic-v1
upi://pay?pa=razorpay.3295884@icici&pn=Hotel%20Annapoorna&am=12651&mc=5499&tr=ORD331513035&tn=Bill,0,legit_merchant_dynamic,0,0,0,0,synthetic-v1
upi://pay?pa=34127257@ybl&pn=SBI%20KYC%20Cell&am=464&tn=PAN%20link%20fee,1,scam_kyc_fee,0,0,0,0,synthetic-v1
upi://pay?pa=ravi799311@yesbank&pn=Jio%20Prize%20Department&am=16099&tn=GST%20on%20prize,1,scam_prize,0,0,0,0,synthetic-v1
upi://pay?pa=akshayapatra@axisbank&pn=TTD%20Donations&mc=8398&am=2477,0,legit_temple,0,0,0,0,synthetic-v1
upi://pay?pa=6667726083@pnb&pn=Paytm%20KYC%20Team&tn=details%20http%3A%2F%2Fkyc-982.xyz,1,scam_link_in_note,0,0,0,0,synthetic-v1
upi://pay?pa=9648570220@okicici&pn=Mary%20Menon&am=60000&tn=house%20deposit,0,legit_family_large,1,0,2,0,synthetic-v1
upi://pay?pa=q318422050@ybl&pn=Balaji%20Fancy%20Store,0,legit_merchant_static,0,0,0,0,synthetic-v1
upi://pay?pa=7165841667@apl&pn=Police%20Cyber%20Cell,1,scam_impersonation,11,4,0,1,synthetic-v1
upi://pay?pa=q369018598@ybl&pn=Royal%20Fruits&mc=7230,0,legit_merchant_static,0,0,0,0,synthetic-v1
upi://collect?pa=user59698138@axisbank&pn=BSF%20Officer%20Vijay&am=5142,1,scam_collect,8,7,0,0,synthetic-v1
upi://pay?pa=poojakumar917@pnb&pn=Priya%20Shetty&am=2056.31&tn=groceries,0,legit_p2p,0,0,0,0,synthetic-v1
upi://pay?pa=divya.gupta@hdfcbank&pn=Priya%20Bose&tn=dinner,0,legit_p2p,0,0,0,0,synthetic-v1
upi://pay?pa=8347631594@ybl&pn=Suresh%20Pillai&am=85000&tn=hospital%20bill,0,legit_family_large,0,0,0,0,synthetic-v1
upi://pay?pa=priya83@sbi&pn=Ravi%20Khan&am=16000&tn=trip%20share,0,legit_p2p,0,0,0,0,synthetic-v1
upi://pay?pa=asha.nair@axisbank&pn=Kavya%20Reddy&am=21994&tn=house%20deposit,0,legit_family_large,0,0,0,0,synthetic-v1
upi://pay?pa=balaji@okicici&pn=Balaji%20Stores&am=1000,0,legit_small_shop,0,0,0,0,synthetic-v1
upi://pay?pa=citystore98@okaxis&pn=Royal%20Fruits,0,legit_merchant_static,0,0,0,0,synthetic-v1
upi://pay?pa=user97835094@kotak&pn=Paytm%20KYC%20Team&am=15000&tn=Claim%20your%20reward,1,scam_refund_receive,6,3,0,0,synthetic-v1
upi://pay?pa=9645316265@icici&pn=Govt%20Subsidy%20Office&am=34699.80&tn=Refund%20of%20Rs%2034699.80,1,scam_refund_receive,0,0,0,0,synthetic-v1
upi://pay?pa=asha.shetty@yesbank&pn=Joseph%20Nair&am=4000&tn=petrol,0,legit_p2p,3,0,1,0,synthetic-v1
upi://pay?pa=varunmishra21@upi&pn=Rohit%20Gupta&am=1087,0,legit_p2p,0,0,0,0,synthetic-v1
upi://pay?pa=8730059757@kotak&pn=Sai%20Vegetables&am=2000&tn=payment,0,legit_small_shop,0,0,0,0,synthetic-v1
upi://pay?pa=metroshop20@okaxis&pn=Sharma%20General%20Store&mc=7538&tn=Payment,0,legit_merchant_static,0,0,1,0,synthetic-v1
upi://pay?pa=prakash.patel@paytm&pn=Nikhil%20Das&am=2577,0,legit_p2p,0,0,0,0,synthetic-v1
upi://pay?pa=6950101810@ybl&pn=Bank%20KYC%20Update&am=2919&tn=KYC%20verification,1,scam_kyc_fee,0,0,0,0,synthetic-v1
upi://pay?pa=q832623136@ybl&pn=Om%20Sai%20Kirana,0,legit_merchant_static,0,0,0,0,synthetic-v1
upi://pay?pa=pinelabs.792595@hdfcbank&pn=Janata%20Hardware&am=16352&mc=5814&tr=ORD212147138&tn=Bill,0,legit_merchant_dynamic,0,0,0,0,synthetic-v1
upi://pay?pa=6454220156@rbl&pn=Mega%20Prize%20Claim&am=8116.03&tn=tax%20on%20winning,1,scam_prize,5,1,0,1,synthetic-v1
upi://pay?pa=incometax.refund@okaxis&pn=Govt%20Subsidy%20Office&tn=cashback,1,scam_fake_merchant,4,2,0,0,synthetic-v1
upi://pay?pa=shreya.menon@paytm&pn=Sunita%20Gupta&am=17000&tn=trip%20share,0,legit_p2p,0,0,1,0,synthetic-v1
upi://pay?pa=paytmqr2856066464@paytm&pn=Raj%20Mobile%20Point&mc=4121,0,legit_merchant_static,0,0,0,0,synthetic-v1
upi://pay?pa=divya634079@sbi&pn=SBI%20Refund%20Dept&am=2000&tn=Prize%20money%20credit,1,scam_refund_receive,0,0,0,0,synthetic-v1
upi://pay?pa=9888986584@barodampay&pn=Ravi%20Rao&tn=movie,0,legit_p2p,0,0,0,0,synthetic-v1
upi://pay?pa=6646009@dbs&pn=Police%20Cyber%20Cell&am=20000&tn=Enter%20PIN%20to%20receive%20money,1,scam_refund_receive,0,0,0,0,synthetic-v1
upi://pay?pa=pinelabs.970194@hdfcbank&pn=Sharma%20General%20Store&am=4370&mc=5812&tr=ORD481184747&tn=Bill,0,legit_merchant_dynamic,0,0,0,0,synthetic-v1
upi://pay?pa=paytmqr7322672433@paytm&pn=Raj%20Mobile%20Point&mc=5812,0,legit_merchant_static,0,0,0,0,synthetic-v1
upi://pay?pa=arjun118@barodampay&pn=Sai%20Vegetables&tn=payment,0,legit_small_shop,0,0,0,0,synthetic-v1
upi://pay?pa=poojakhan962@icici&pn=Anil%20Verma&am=19&tn=birthday%20gift,0,legit_p2p,0,0,0,0,synthetic-v1
upi://pay?pa=manoj84@idfcbank&pn=Arun%20Das&am=13000&tn=college%20fees,0,legit_family_large,0,0,0,0,synthetic-v1
upi://pay?pa=anil.reddy@oksbi&pn=Rahul%20Gupta&am=43000&tn=house%20deposit,0,legit_family_large,0,0,0,0,synthetic-v1
upi://pay?pa=paytmqr3024764304@paytm&pn=Green%20Leaf%20Veg&mc=4121,0,legit_merchant_static,0,0,0,0,synthetic-v1
upi://pay?pa=divya.kumar@pnb&am=38811.43&tn=trading%20profit,1,scam_quiet,11,1,0,0,synthetic-v1
upi://pay?pa=7233395786@axisbank&pn=Arjun%20Singh&tn=rent,0,legit_p2p,0,0,0,0,synthetic-v1
upi://pay?pa=lakshmi46@icici&pn=Kavya%20Iyer&tn=dinner,0,legit_p2p,0,0,0,0,synthetic-v1
upi://pay?pa=7588941182@okaxis&pn=Vikram%20Sharma&am=12086&tn=wedding,0,legit_family_large,0,0,0,0,synthetic-v1
upi://pay?pa=meera69@barodampay&pn=Asha%20Shetty&am=1000.67&tn=electricity%20share,0,legit_p2p,0,0,0,0,synthetic-v1
upi://pay?pa=arjun.joshi@okhdfcbank&pn=Sneha%20Gowda&am=57000&tn=car%20emi,0,legit_family_large,0,0,0,0,synthetic-v1
upi://collect?pa=12970178@apl&pn=PhonePe%20Cashback&am=5060&tn=Prize%20money%20credit,1,scam_collect,0,0,0,0,synthetic-v1
upi://pay?pa=q135672157@ybl&pn=City%20Bakery&mc=5812&tn=Payment,0,legit_merchant_static,0,0,0,0,synthetic-v1
upi://pay?pa=gurudwara.seva@pnb&pn=Gurudwara%20Seva&am=1653,0,legit_temple,0,0,0,0,synthetic-v1
upi://pay?pn=Shop&x=ravi312698@fbl&pn=RBI%20Grievance%20Cell&am=6041,1,scam_tampered_qr,0,0,0,0,synthetic-v1
upi://pay?pa=user14882315@paytm&pn=SBI%20Refund%20Dept&am=47000&tn=Refund%20processing%20-%20scan%20to%20get,1,scam_refund_receive,2,2,0,0,synthetic-v1
upi://pay?pa=upi37997406@paytm&pn=Electricity%20Board%20Officer&tn=visit%20bit.ly%2F44520%20to%20claim,1,scam_link_in_note,4,4,0,0,synthetic-v1
upi://pay?pa=anjaliverma651@kotak&pn=Joseph%20Naik&am=59000&tn=hospital%20bill,0,legit_family_large,0,0,0,0,synthetic-v1
upi://pay?pa=8126136449@axisbank&pn=SBI%20KYC%20Cell&am=1338&tn=Account%20unblock%20fee,1,scam_kyc_fee,4,2,0,1,synthetic-v1
upi://pay?pa=manojmishra598@oksbi&pn=Priya%20Menon&tn=maid%20salary,0,legit_p2p,0,0,0,0,synthetic-v1
upi://pay?pa=sai@paytm&am=5580,0,legit_small_shop,0,0,0,0,synthetic-v1
upi://pay?pa=nikhil.iyer@apl&pn=Mary%20Bose&am=10022&tn=hospital%20bill,0,legit_family_large,0,0,0,0,synthetic-v1
upi://pay?pa=swati463507@apl&pn=Kumar%20Auto%20Works&pa=pay83692016@hdfcbank,1,scam_tampered_qr,0,0,0,0,synthetic-v1
upi://pay?pa=razorpay.2032807@icici&pn=City%20Bakery&am=3117&mc=7230&tr=ORD386246115,0,legit_merchant_dynamic,0,0,0,0,synthetic-v1
upi://pay?pa=8153495563@hdfcbank&pn=Rahul%20Bose&tn=groceries,0,legit_p2p,0,0,0,0,synthetic-v1
upi://pay?pa=deepa.naik@icici&pn=Asha%20Shetty&am=4183,0,legit_p2p,0,0,0,1,synthetic-v1
upi://pay?pa=amazon.refund@dlb&pn=ICICI%20Bank%20Support&mc=0000&am=1999&tn=cashback,1,scam_fake_merchant,0,0,0,1,synthetic-v1
upi://pay?pa=7791987931@okicici&pn=Mega%20Prize%20Claim&am=6299&tn=tax%20on%20winning,1,scam_prize,3,3,0,1,synthetic-v1
upi://pay?pa=saistall@fbl&pn=Sai%20Vegetables&tn=bill,0,legit_small_shop,0,0,0,0,synthetic-v1
upi://pay?pa=razorpay.5732960@icici&pn=Green%20Leaf%20Veg&am=11358&mc=5331&tr=ORD255704354&tn=Invoice%209771,0,legit_merchant_dynamic,0,0,0,0,synthetic-v1
upi://pay?pa=ayesha@hdfcbank&tn=order,0,legit_small_shop,0,0,1,0,synthetic-v1
upi://pay?pa=9239813236@sbi&pn=Kavya%20Pillai&tn=petrol,0,legit_p2p,0,0,0,0,synthetic-v1
upi://pay?pa=farhankhan845@oksbi&pn=Gurpreet%20Shetty&tn=fees,0,legit_p2p,0,0,0,0,synthetic-v1
upi://pay?pa=swati26@okhdfcbank&am=4165&tn=electricity%20share,0,legit_p2p,0,0,0,0,synthetic-v1
upi://collect?pa=sneha.reddy@okaxis&pn=CRPF%20Jawan%20Sunil&am=10000&tn=advance%20for%20item,1,scam_olx_army,0,0,0,0,synthetic-v1
upi://pay?pa=upi85307321@okicici&pn=Flipkart%20Refund%20Team&tn=check%20www.refund-status.online,1,scam_link_in_note,8,7,1,0,synthetic-v1
upi://pay?pa=6769317830@idfcbank&pn=Electricity%20Board%20Officer&tn=processing%20fee,1,scam_impersonation,0,0,0,0,synthetic-v1
upi://pay?pa=lic.premium@axisbank&pn=LIC%20Premium&am=10664&mc=6300&tr=TXN184230932&tn=Consumer%20no%201408759,0,legit_biller,0,0,0,0,synthetic-v1
upi://pay?pa=treasury.ker@sbi&pn=Kerala%20Govt%20Treasury&am=1149.13&mc=9399&tr=TXN4744282716&tn=Bill%20payment,0,legit_biller,0,0,0,0,synthetic-v1
upi://pay?pa=varun.verma@okaxis&pn=Fatima%20Rao&am=620&tn=maid%20salary,0,legit_p2p,1,0,3,0,synthetic-v1
upi://pay?pa=6415953273@ybl&pn=BSF%20Officer%20Vijay&am=2351&tn=refundable%20deposit,1,scam_olx_army,0,0,0,0,synthetic-v1
upi://pay?pa=acc91289110@dbs&pn=Govt%20Subsidy%20Office&am=24000&tn=Cashback%20credited%20on%20scan,1,scam_refund_receive,0,0,0,0,synthetic-v1
upi://pay?pa=pinelabs.584349@hdfcbank&pn=Kumar%20Auto%20Works&am=16736&mc=5331&tr=ORD660339648&tn=Bill,0,legit_merchant_dynamic,0,0,0,0,synthetic-v1
upi://pay?pa=9213695017@apl&pn=Army%20Officer%20Rakesh&am=18233&tn=security%20deposit,1,scam_olx_army,0,0,0,0,synthetic-v1
upi://pay?pa=bescom.billdesk@hdfcbank&pn=BESCOM%20Bill%20Payment&am=7250&mc=4112&tr=TXN5783208230&tn=Consumer%20no%201374030,0,legit_biller,0,0,0,0,synthetic-v1
upi://pay?pa=anandshop36@okaxis&pn=Sharma%20General%20Store,0,legit_merchant_static,0,0,1,0,synthetic-v1
upi://collect?pa=9396563305@pnb&pn=Police%20Cyber%20Cell&am=15201&tn=Refund%20processing%20-%20scan%20to%20get,1,scam_collect,0,0,0,0,synthetic-v1
upi://pay?pa=8544930895@paytm&am=18756&tn=investment,1,scam_quiet,0,0,0,0,synthetic-v1
upi://pay?pa=joseph43@oksbi&pn=Nikhil%20Rao&am=4958&tn=chai,0,legit_p2p,0,0,0,0,synthetic-v1
upi://pay?pa=kiranpillai759@kotak&pn=Nikhil%20Das&am=1051,0,legit_p2p,0,0,0,0,synthetic-v1
upi://pay?pa=rahul.iyer@okaxis&pn=Fatima%20Patel&am=1358&tn=cab%20share,0,legit_p2p,0,0,0,0,synthetic-v1
upi://pay?pa=bescom.billdesk@hdfcbank&pn=BESCOM%20Bill%20Payment&am=11397&mc=9399&tr=TXN8355293857&tn=Consumer%20no%206796558,0,legit_biller,0,0,0,0,synthetic-v1
upi://pay?pa=meeramishra19@idfcbank&pn=Sneha%20Nair&tn=movie,0,legit_p2p,0,0,0,0,synthetic-v1
upi://pay?pa=divya68@okaxis&pn=Kiran%20Naik&am=2000&tn=cab%20share,0,legit_p2p,0,0,0,0,synthetic-v1
upi://pay?pa=joseph925371@oksbi&am=36000.81&tn=please%20send%20fast,1,scam_quiet,0,0,0,0,synthetic-v1
upi://collect?pa=user38162996@dbs&pn=BSF%20Officer%20Vijay&am=25631.83&tn=verification%20amount,1,scam_olx_army,0,0,0,0,synthetic-v1
upi://pay?pa=6700584474@axl&pn=Shiva%20Flowers&am=6413&tn=payment,0,legit_small_shop,0,0,0,0,synthetic-v1
upi://pay?pa=nehaiyer48@hdfcbank&pn=Farhan%20Shetty&am=558&tn=birthday%20gift,0,legit_p2p,0,0,0,0,synthetic-v1
upi://pay?pa=asha971431@kotak&pn=HDFC%20Customer%20Care&am=8282&tn=pending%20bill,1,scam_impersonation,0,0,0,0,synthetic-v1
upi://collect?pa=deepa681354@hdfcbank&pn=Electricity%20Board%20Officer&am=5055&tn=Scan%20to%20receive%20your%20refund,1,scam_collect,0,0,0,0,synthetic-v1
upi://pay?pa=paytmqr2910678628@paytm&pn=Blue%20Star%20Salon&mc=5942,0,legit_merchant_static,0,0,0,0,synthetic-v1
upi://pay?pa=pinelabs.115665@hdfcbank&pn=Balaji%20Fancy%20Store&am=2757&mc=5499&tr=ORD938414386&tn=Bill,0,legit_merchant_dynamic,0,0,0,0,synthetic-v1
upi://pay?pa=swatidas172@icici&pn=Anjali%20Sharma&tn=chai,0,legit_p2p,0,0,0,0,synthetic-v1
upi://pay?pa=paytmqr2298615426@paytm&pn=Blue%20Star%20Salon&am=1724&mc=5732&tr=ORD427606685&tn=Bill,0,legit_merchant_dynamic,0,0,0,0,synthetic-v1
upi://pay?pa=8283407642@barodampay&pn=Manoj%20Naik&tn=birthday%20gift,0,legit_p2p,1,0,3,0,synthetic-v1
upi://pay?pa=paytmqr6653197482@paytm&pn=Anand%20Sweets&am=5613&mc=5814&tr=ORD982739611,0,legit_merchant_dynamic,0,0,0,0,synthetic-v1
upi://pay?pa=pinelabs.857450@hdfcbank&pn=Royal%20Fruits&am=12117&mc=5732&tr=ORD715583035,0,legit_merchant_dynamic,0,0,0,0,synthetic-v1
upi://pay?pa=ganesh@ybl&pn=Ganesh%20Tea%20Stall&tn=payment,0,legit_small_shop,0,0,0,0,synthetic-v1
upi://pay?pa=razorpay.5481493@icici&pn=Anand%20Sweets&am=13568&mc=5732&tr=ORD452166452&tn=Order%20payment,0,legit_merchant_dynamic,0,0,0,0,synthetic-v1
upi://pay?pa=arjunreddy792@axl&pn=Sunita%20Iyer&tn=chai,0,legit_p2p,0,0,0,0,synthetic-v1
upi://pay?pa=cf.sri39@axisbank&pn=Hotel%20Annapoorna&am=1113&mc=7538&tr=ORD404049561&tn=Bill,0,legit_merchant_dynamic,0,0,0,0,synthetic-v1
upi://pay?pa=gurpreet298753@dbs&pn=Paytm%20KYC%20Team&am=1799.74&tn=Account%20unblock%20fee,1,scam_kyc_fee,0,0,0,0,synthetic-v1
upi://pay?pa=q910337618@ybl&pn=Sharma%20General%20Store&mc=5814&tn=Payment,0,legit_merchant_static,0,0,0,0,synthetic-v1
upi://pay?pa=ravipatel278@oksbi&pn=Fatima%20Menon,0,legit_p2p,0,0,0,0,synthetic-v1
upi://pay?pa=arunmenon960@idfcbank&pn=Deepa%20Gowda&am=4189.06&tn=groceries,0,legit_p2p,0,0,0,0,synthetic-v1
upi://pay?pa=swati429@upi&pn=City%20Laundry&am=2427,0,legit_small_shop,0,0,0,0,synthetic-v1
upi://pay?pa=prakash.mishra@axisbank&pn=Lucky%20Draw%20Office&am=19899&tn=lottery%20processing,1,scam_prize,5,1,0,0,synthetic-v1
upi://pay?pa=mary639334@okhdfcbank&pn=Prakash%20Iyer&am=1154&tn=visit%20bit.ly%2F3593%20to%20claim,1,scam_link_in_note,1,0,0,0,synthetic-v1
upi://pay?pa=anjali.kumar@paytm&pn=Joseph%20Khan&am=12000.92&tn=investment,1,scam_quiet,4,2,0,1,synthetic-v1
upi://pay?pa=ravi62@yesbank&pn=Prakash%20Reddy&am=109,0,legit_p2p,0,0,0,0,synthetic-v1
upi://pay?pa=6710690005@sbi&pn=Jio%20Prize%20Department&am=18099&tn=lottery%20processing,1,scam_prize,0,0,0,1,synthetic-v1
upi://pay?pa=kirannaik449@upi&pn=Rahul%20Patel&am=26000&tn=wedding,0,legit_family_large,0,0,0,0,synthetic-v1
upi://pay?pa=rohit.shetty@paytm&pn=Prakash%20Pillai&am=4000.06&tn=tuition,0,legit_p2p,0,0,0,0,synthetic-v1
upi://pay?pa=varun74@okicici&pn=Sanjay%20Reddy&am=69106.95&tn=wedding,0,legit_family_large,0,0,0,0,synthetic-v1
upi://pay?pa=anandshop13@okaxis&pn=Hotel%20Annapoorna&mc=5311,0,legit_merchant_static,0,0,0,0,synthetic-v1
upi://pay?pa=paytmqr9309244832@paytm&pn=Blue%20Star%20Salon&mc=5942&tn=Payment,0,legit_merchant_static,0,0,0,0,synthetic-v1
upi://pay?pa=razorpay.5327980@icici&pn=Balaji%20Fancy%20Store&am=6351.77&mc=5912&tr=ORD321769932,0,legit_merchant_dynamic,0,0,0,0,synthetic-v1
upi://pay?pa=7244967291@pnb&pn=Customs%20Clearance%20Officer&am=4072&tn=Prize%20money%20credit,1,scam_refund_receive,0,0,0,0,synthetic-v1
upi://pay?pa=varun60@kvb&pn=Manoj%20Naik&am=544,0,legit_rare_handle,0,0,0,0,synthetic-v1
upi://collect?pa=joseph.patel@idfcbank&pn=Police%20Cyber%20Cell&am=19901&tn=Enter%20PIN%20to%20receive%20money,1,scam_collect,3,2,0,0,synthetic-v1
upi://mandate?pa=22802498@pnb&pn=Netflix&am=770&recur=MONTHLY&tn=subscription,1,scam_autopay,2,1,0,0,synthetic-v1
upi://pay?pa=sneha.nair@paytm&pn=Joseph%20Menon&am=15701&tn=wedding,0,legit_family_large,0,0,0,0,synthetic-v1
upi://collect?pa=9880476487@okaxis&pn=Indian%20Army%20Canteen&am=18000&tn=refundable%20deposit,1,scam_olx_army,7,1,0,0,synthetic-v1
upi://pay?pa=anil.bose@barodampay&pn=CRPF%20Jawan%20Sunil&am=18479&tn=army%20canteen,1,scam_olx_army,0,0,0,0,synthetic-v1
upi://pay?pa=kiranmenon365@kotak&pn=Ayesha%20Das&am=88000.83&tn=hospital%20bill,0,legit_family_large,0,0,0,0,synthetic-v1
upi://pay?pa=iskcon.bangalore@icici&pn=CRY%20Donations&mc=8661&am=2613,0,legit_temple,0,0,0,0,synthetic-v1
upi://pay?pa=prakashnair957@oksbi&pn=Harish%20Rao,0,legit_p2p,0,0,0,0,synthetic-v1
upi://pay?pa=tirumala.donations@sbi&pn=Gurudwara%20Seva&am=3973,0,legit_temple,0,0,0,0,synthetic-v1
upi://pay?pa=nikhilverma430@axl&tn=loan%20return,0,legit_p2p,0,0,0,0,synthetic-v1
upi://pay?pa=iskcon.bangalore@icici&pn=Akshaya%20Patra&mc=8661&am=1439,0,legit_temple,0,0,0,0,synthetic-v1
upi://pay?pa=bescom.billdesk@hdfcbank&pn=BESCOM%20Bill%20Payment&am=7712&mc=9311&tr=TXN6961798792&tn=Bill%20payment,0,legit_biller,0,0,0,0,synthetic-v1
upi://pay?pa=8697596376@okaxis&pn=SBI%20Refund%20Dept,1,scam_impersonation,9,2,0,0,synthetic-v1
upi://collect?pa=prakash883625@barodampay&pn=BSF%20Officer%20Vijay&am=14000&tn=army%20canteen,1,scam_olx_army,0,0,0,0,synthetic-v1
upi://pay?pa=manoj.gowda@apl&pn=Arun%20Naik&tn=loan%20return,0,legit_p2p,0,0,0,0,synthetic-v1
upi://pay?pa=paytmqr2849118397@paytm&pn=Sharma%20General%20Store&mc=5499,0,legit_merchant_static,0,0,0,0,synthetic-v1
upi://pay?pa=7794719543@upi&pn=Flipkart%20Refund%20Team&am=34999&tn=Enter%20PIN%20to%20receive%20money,1,scam_refund_receive,0,0,0,0,synthetic-v1
upi://pay?pa=sbi.refund28@kotak&pn=ICICI%20Bank%20Support&tn=refund,1,scam_fake_merchant,0,0,0,1,synthetic-v1
upi://pay?pa=8788348457@apl&pn=BSF%20Officer%20Vijay&am=12000&tn=refundable%20deposit,1,scam_olx_army,0,0,0,0,synthetic-v1
upi://pay?pa=farhan.mishra@axisbank&pn=Ravi%20Kumar&tn=trip%20share,0,legit_p2p,0,0,0,0,synthetic-v1
upi://pay?pa=bharatpe.48832182@fbpe&pn=Janata%20Hardware&mc=5812,0,legit_merchant_static,0,0,0,0,synthetic-v1
upi://pay?pa=bharatpe.20616157@fbpe&pn=Anand%20Sweets&mc=5311,0,legit_merchant_static,0,0,0,0,synthetic-v1
upi://pay?pa=user88846472@ybl&pn=Police%20Cyber%20Cell&am=20299&tn=Receive%20payment%20from%20buyer,1,scam_refund_receive,7,3,0,0,synthetic-v1
upi://pay?pa=pay76478546@idfcbank&pn=Income%20Tax%20Department&am=24000&tn=Claim%20your%20reward,1,scam_refund_receive,0,0,0,0,synthetic-v1
upi://pay?pa=lakshmi68@hdfcbank&pn=Lakshmi%20Menon&am=15600&tn=task%20payment,1,scam_quiet,0,0,0,0,synthetic-v1
upi://pay?pa=paytmqr4691258989@paytm&pn=Metro%20Tailors&mc=5311,0,legit_merchant_static,0,0,0,0,synthetic-v1
upi://pay?pa=cf.royal154@axisbank&pn=Royal%20Fruits&am=10346&mc=7538&tr=ORD130215562&tn=Invoice%207489,0,legit_merchant_dynamic,0,0,0,0,synthetic-v1
upi://pay?pa=maryreddy493@pnb&pn=Varun%20Khan&tn=chai,0,legit_p2p,0,0,0,0,synthetic-v1
upi://pay?pa=paytmqr2233413650@paytm&pn=Fresh%20Mart&mc=7230,0,legit_merchant_static,1,0,2,0,synthetic-v1
upi://pay?pa=divyanair231@yesbank&pn=Rohit%20Kumar&tn=electricity%20share,0,legit_p2p,3,0,3,0,synthetic-v1
upi://pay?pa=kavyaiyer35@sbi&tn=loan%20return,0,legit_p2p,0,0,0,0,synthetic-v1
upi://pay?pa=paytmqr1949072221@paytm&pn=Metro%20Tailors&mc=5942&tn=Payment,0,legit_merchant_static,0,0,0,0,synthetic-v1
upi://pay?pa=varun.patel@dlb&pn=Swati%20Shetty&am=360,0,legit_rare_handle,0,0,0,0,synthetic-v1
upi://pay?pa=upi92113338@axisbank&pn=Mega%20Prize%20Claim&am=4933.14&tn=GST%20on%20prize,1,scam_prize,0,0,0,0,synthetic-v1
upi://pay?pa=8227877765@okhdfcbank&pn=Army%20Officer%20Rakesh&am=7975&tn=security%20deposit,1,scam_olx_army,12,6,0,0,synthetic-v1
upi://pay?pa=divya366@fbl&pn=Metro%20Chaat&tn=order,0,legit_small_shop,0,0,0,0,synthetic-v1
upi://pay?pa=paytmqr3641596142@paytm&pn=Royal%20Fruits&am=18469&mc=5311&tr=ORD259159938&sign=MEUCIQ9fcZ617X69Y1e6a9X6cZ,0,legit_merchant_dynamic,0,0,0,0,synthetic-v1
upi://pay?pa=pay84752976@okaxis&pn=ICICI%20Bank%20Support&am=40000&tn=Enter%20PIN%20to%20receive%20money,1,scam_refund_receive,0,0,0,0,synthetic-v1
upi://pay?pa=joseph.gupta@upi&pn=Priya%20Patel&am=1535.10&tn=trading%20profit,1,scam_quiet,7,6,0,0,synthetic-v1
upi://pay?pa=ravi.iyer@fbl&pn=Neha%20Pillai&am=57000&tn=wedding,0,legit_family_large,0,0,0,0,synthetic-v1
upi://pay?pa=shreya.singh@apl&pn=Pooja%20Menon&am=2000.50,0,legit_p2p,0,0,0,0,synthetic-v1
upi://mandate?pa=neha.shetty@okaxis&pn=Electricity%20Board&am=8899&recur=DAILY&tn=cashback%20activation,1,scam_autopay,6,1,0,0,synthetic-v1
upi://pay?pa=nikhil99@ibl&pn=Mary%20Pillai&am=32000&tn=college%20fees,0,legit_family_large,0,0,0,0,synthetic-v1
upi://pay?pa=sanjay187916@oksbi&pn=Sanjay%20Kumar&am=31000&tn=urgent,1,scam_quiet,11,10,0,0,synthetic-v1
upi://pay?pa=sneha91@icici&pn=Sneha%20Verma&am=2247&tn=cab%20share,0,legit_p2p,0,0,0,1,synthetic-v1
upi://pay?pa=ravi314062@fbl&pn=Flipkart%20Refund%20Team&am=6000&tn=Scan%20to%20receive%20your%20refund,1,scam_refund_receive,0,0,0,0,synthetic-v1
upi://pay?pa=asha.patel@apl&pn=Deepa%20Sharma&tn=maid%20salary,0,legit_p2p,0,0,0,0,synthetic-v1
upi://pay?pa=9810163189@axl&pn=Ravi%20Reddy&am=49000&tn=rent,0,legit_family_large,0,0,0,0,synthetic-v1
upi://pay?pa=acc44587044@okhdfcbank&am=3397&tn=hospital,1,scam_quiet,2,1,0,0,synthetic-v1
upi://pay?pa=2207528@kvb&pn=Amazon%20Refund%20Desk&am=9145.86&tn=processing%20fee,1,scam_impersonation,2,1,0,0,synthetic-v1
upi://pay?pa=9141506990@okaxis&pn=Police%20Cyber%20Cell&am=11108.82&tn=Receive%20payment%20from%20buyer,1,scam_refund_receive,1,1,0,0,synthetic-v1
upi://pay?pa=8872953491@hdfcbank&pn=Bank%20KYC%20Update&am=1641&tn=PAN%20link%20fee,1,scam_kyc_fee,0,0,0,0,synthetic-v1
upi://collect?pa=fatima.kumar@paytm&pn=Army%20Officer%20Rakesh&am=14710&tn=Refund%20processing%20-%20scan%20to%20get,1,scam_collect,0,0,0,0,synthetic-v1
upi://pay?pa=q778767506@ybl&pn=Hotel%20Annapoorna&mc=5812,0,legit_merchant_static,0,0,0,0,synthetic-v1
upi://pay?pa=user12123941@upi&pn=Income%20Tax%20Department&am=24000&tn=Prize%20money%20credit,1,scam_refund_receive,0,0,0,0,synthetic-v1
upi://pay?pn=Shop&x=pay28440778@sbi&pn=Sharma%20General%20Store,1,scam_tampered_qr,0,0,0,0,synthetic-v1
upi://pay?pa=8803385158@okicici&pn=Arjun%20Rao&am=699&tn=KYC%20update%20charge,1,scam_kyc_fee,0,0,0,0,synthetic-v1
upi://pay?pa=6946342499@okhdfcbank&pn=Prakash%20Khan&am=50000&tn=house%20deposit,0,legit_family_large,0,0,0,0,synthetic-v1
upi://pay?pa=68851444@paytm&pn=CRPF%20Jawan%20Sunil&am=20994&tn=army%20canteen,1,scam_olx_army,4,2,0,0,synthetic-v1
upi://pay?pa=8819940@paytm&pn=Amazon%20Refund%20Desk&am=7105&tn=pending%20bill,1,scam_impersonation,5,5,0,0,synthetic-v1
upi://pay?pa=razorpay.2031373@icici&pn=Royal%20Fruits&am=1612&mc=4121&tr=ORD195453585&tn=Invoice%201979,0,legit_merchant_dynamic,0,0,0,0,synthetic-v1
upi://pay?pa=rahul51@icici&pn=Vikram%20Mishra&tn=gift,0,legit_p2p,0,0,0,0,synthetic-v1
upi://pay?pa=suresh.mishra@idfcbank&pn=Police%20Cyber%20Cell&am=9799&tn=Prize%20money%20credit,1,scam_refund_receive,1,0,0,0,synthetic-v1
upi://pay?pa=kiran.kumar@paytm&pn=Sanjay%20Khan&am=42000&tn=trading%20profit,1,scam_quiet,0,0,0,0,synthetic-v1
upi://pay?pa=rohitverma249@rbl&pn=Shreya%20Mishra&am=2514,0,legit_rare_handle,0,0,0,0,synthetic-v1
upi://pay?pa=harish343380@fbl&pn=Sanjay%20Sharma&am=5668&tn=Scan%20to%20receive%20your%20refund,1,scam_refund_receive,1,0,1,0,synthetic-v1
upi://pay?pa=paytmqr1051577950@paytm&pn=Kumar%20Auto%20Works&tn=Payment,0,legit_merchant_static,0,0,0,0,synthetic-v1
"upi://pay?pa=9478776921@icici&pn=Kumar%20Auto%20Works&am=8338.46&am=1,00,000",1,scam_tampered_qr,2,2,0,0,synthetic-v1
upi://pay?pa=6516163969@hdfcbank&pn=Govt%20Subsidy%20Office&am=11269&tn=pending%20bill,1,scam_impersonation,0,0,0,0,synthetic-v1
upi://pay?pa=8841938080@okaxis&pn=Paytm%20KYC%20Team&tn=visit%20bit.ly%2F76636%20to%20claim,1,scam_link_in_note,0,0,0,0,synthetic-v1
upi://pay?pa=pay94953430@hdfcbank&pn=CRPF%20Jawan%20Sunil&am=24000.77&tn=advance%20for%20item,1,scam_olx_army,0,0,0,0,synthetic-v1
upi://pay?pa=paytmqr5191596596@paytm&pn=Metro%20Tailors&mc=5331,0,legit_merchant_static,1,0,0,0,synthetic-v1
upi://collect?pa=6473873682@fbl&pn=Indian%20Army%20Canteen&am=19540.67&tn=refundable%20deposit,1,scam_olx_army,0,0,0,0,synthetic-v1
upi://pay?pa=lic.premium@axisbank&pn=LIC%20Premium&am=3170&mc=4112&tr=TXN2376275196&tn=Bill%20payment,0,legit_biller,0,0,0,0,synthetic-v1
upi://pay?pa=omstore@hdfcbank&pn=Om%20Paan%20Shop&am=5000,0,legit_small_shop,0,0,0,0,synthetic-v1
upi://pay?pa=vikram660411@barodampay&pn=Paytm%20KYC%20Team&am=6572&tn=pending%20bill,1,scam_impersonation,3,3,0,0,synthetic-v1
upi://pay?pa=phonepe.cashback@axisbank&pn=SBI%20Refund%20Dept&am=7199&tn=offer,1,scam_fake_merchant,0,0,0,0,synthetic-v1
upi://pay?pa=divyapillai523@okhdfcbank&pn=Arjun%20Verma&am=2000&tn=fees,0,legit_p2p,0,0,0,0,synthetic-v1
upi://pay?pa=bbmp.propertytax@sbi&pn=BBMP%20Property%20Tax&am=3282&mc=4112&tr=TXN5361032446&tn=Consumer%20no%204851074,0,legit_biller,0,0,0,0,synthetic-v1
upi://pay?pa=bbmp.propertytax@sbi&pn=BBMP%20Property%20Tax&am=6247&mc=9311&tr=TXN4940797935&tn=Property%20tax,0,legit_biller,1,0,1,0,synthetic-v1
upi://pay?pa=varun.shetty@axl&pn=Paytm%20KYC%20Team&am=799&tn=PAN%20link%20fee,1,scam_kyc_fee,0,0,0,0,synthetic-v1
upi://pay?pa=customer.care.help87@axisbank&pn=PhonePe%20Cashback&mc=0000&am=9001.85&tn=cashback,1,scam_fake_merchant,0,0,0,0,synthetic-v1
upi://pay?pa=q544253160@ybl&pn=Balaji%20Fancy%20Store&mc=5942,0,legit_merchant_static,1,0,3,0,synthetic-v1
upi://pay?pa=7551515501@kotak&pn=Sneha%20Verma&am=21461&tn=birthday%20gift,0,legit_p2p,3,1,0,0,synthetic-v1
upi://pay?pa=farhan644921@kotak&pn=PhonePe%20Cashback,1,scam_impersonation,0,0,0,0,synthetic-v1
upi://pay?pa=abcstore@okaxis&pn=ABC%20Store&am=3000,0,legit_small_shop,0,0,0,0,synthetic-v1
upi://pay?pa=acc97701424@upi&pn=Kavya%20Menon&am=5701&tn=urgent,1,scam_quiet,9,4,0,1,synthetic-v1
upi://pay?pa=8941582984@yesbank&pn=Amazon%20Refund%20Desk&tn=whatsapp%207273410162,1,scam_link_in_note,5,3,0,0,synthetic-v1
upi://pay?pa=neha.rao@axisbank&pn=Amazon%20Refund%20Desk&am=10486&tn=pending%20bill,1,scam_impersonation,0,0,0,0,synthetic-v1
upi://pay?pa=bluemart40@okaxis&pn=Kumar%20Auto%20Works&mc=5942,0,legit_merchant_static,0,0,0,0,synthetic-v1
upi://pay?pa=paytmqr1458924614@paytm&pn=City%20Bakery&am=13739&mc=4121&tr=ORD778164976&tn=Bill,0,legit_merchant_dynamic,0,0,0,0,synthetic-v1
upi://pay?pa=prakash.patel@idfcbank&pn=Electricity%20Board%20Officer&am=36000&tn=Refund%20of%20Rs%2036000,1,scam_refund_receive,0,0,0,0,synthetic-v1
upi://pay?pa=ashashetty550@axisbank&pn=Sanjay%20Joshi&tn=trip%20share,0,legit_p2p,0,0,0,0,synthetic-v1
upi://pay?pa=paytmqr8664601499@paytm&pn=Fresh%20Mart&am=10194&mc=5812&tr=ORD917406968&tn=Invoice%205266,0,legit_merchant_dynamic,1,1,1,0,synthetic-v1
upi://pay?pa=user67916074@axl&pn=HDFC%20Customer%20Care&tn=verification,1,scam_impersonation,4,1,0,0,synthetic-v1
upi://pay?pa=8883749327@oksbi&pn=Anil%20Nair&am=909,0,legit_p2p,0,0,0,0,synthetic-v1
upi://pay?pa=kumar507@idfcbank&pn=Kumar%20Xerox&am=1000&tn=order,0,legit_small_shop,0,0,0,0,synthetic-v1
upi://pay?pa=fatima59@okaxis&pn=Sneha%20Reddy&tn=chai,0,legit_p2p,0,0,0,0,synthetic-v1
upi://pay?pa=paytmqr2521392224@paytm&pn=Raj%20Mobile%20Point&mc=5814,0,legit_merchant_static,0,0,0,0,synthetic-v1
upi://pay?pa=lic.premium@axisbank&pn=LIC%20Premium&am=1102.68&mc=9399&tr=TXN7790894588&tn=Consumer%20no%204066724,0,legit_biller,0,0,0,0,synthetic-v1
upi://pay?pa=lakshmi.gupta@okicici&pn=Vikram%20Verma&am=28899&tn=Enter%20PIN%20to%20receive%20money,1,scam_refund_receive,17,9,0,0,synthetic-v1
upi://pay?pa=9173953880@fbl&pn=Govt%20Subsidy%20Office&tn=call%208196129026%20for%20refund,1,scam_link_in_note,0,0,0,0,synthetic-v1
upi://pay?pa=anil809051@barodampay&pn=PhonePe%20Cashback&am=10884,1,scam_impersonation,0,0,0,0,synthetic-v1
upi://pay?pa=7532314970@fbl&pn=Ravi%20Menon&am=4178&tn=movie,0,legit_p2p,0,0,0,0,synthetic-v1
upi://pay?pa=paytm.kyc53@ybl&pn=Income%20Tax%20Department&mc=0000&am=3899,1,scam_fake_merchant,11,4,0,0,synthetic-v1
upi://pay?pa=bbmp.propertytax@sbi&pn=BBMP%20Property%20Tax&am=3001&mc=9311&tr=TXN1203861784&tn=Property%20tax,0,legit_biller,0,0,0,0,synthetic-v1
upi://pay?pa=7965910917@okicici&pn=Gurpreet%20Gowda&am=2000&tn=maid%20salary,0,legit_p2p,0,0,0,0,synthetic-v1
upi://pay?pa=anil70@axisbank&pn=Anjali%20Rao&am=4000,0,legit_p2p,0,0,0,0,synthetic-v1
upi://pay?pa=user79388199@barodampay&pn=Flipkart%20Refund%20Team&am=7186,1,scam_impersonation,3,3,0,0,synthetic-v1
upi://pay?pa=7418435457@oksbi&pn=Police%20Cyber%20Cell&am=15699&tn=Scan%20to%20receive%20your%20refund,1,scam_refund_receive,0,0,0,0,synthetic-v1
upi://pay?pa=pooja.kumar@icici&pn=Arjun%20Nair,0,legit_p2p,0,0,0,0,synthetic-v1
upi://pay?pa=waterboard.collect@icici&pn=Municipal%20Water%20Board&am=7810&mc=4112&tr=TXN5729122476&tn=Bill%20payment,0,legit_biller,0,0,0,0,synthetic-v1
upi://pay?pa=suresh76113@ybl&pn=HDFC%20Customer%20Care&am=3099&tn=verification,1,scam_impersonation,0,0,0,0,synthetic-v1
upi://pay?pa=bharatpe.42562813@fbpe&pn=Anand%20Sweets&mc=5411,1,legit_merchant_static,0,0,0,0,synthetic-v1
upi://pay?pa=8341589498@ibl&pn=Jio%20Prize%20Department&am=20599&tn=winner%20registration,1,scam_prize,6,2,0,0,synthetic-v1
upi://pay?pa=irctc.pay@hdfcbank&pn=Indian%20Railways%20IRCTC&am=9442&mc=9399&tr=TXN4142817912&tn=Property%20tax,0,legit_biller,0,0,0,0,synthetic-v1
upi://pay?pa=sbi.kyc.update@timecosmos&pn=Customs%20Clearance%20Officer&mc=0000&am=5595&tn=cashback,1,scam_fake_merchant,11,11,0,0,synthetic-v1
upi://pay?pa=sneha.rao@okicici&pn=Harish%20Shetty&am=1701.26&tn=groceries,0,legit_p2p,0,0,0,0,synthetic-v1
upi://pay?pa=q500968629@ybl&pn=Raj%20Mobile%20Point&mc=4121,0,legit_merchant_static,0,0,0,0,synthetic-v1
upi://pay?pa=pinelabs.337804@hdfcbank&pn=Om%20Sai%20Kirana&am=1769&mc=5499&tr=ORD167002366&tn=Invoice%201632,0,legit_merchant_dynamic,0,0,0,0,synthetic-v1
upi://pay?pa=6375411115@upi&pn=Jio%20Prize%20Department&am=14099&tn=tax%20on%20winning,1,scam_prize,0,0,0,0,synthetic-v1
upi://pay?pa=sanjay79@tjsb&pn=Vikram%20Khan&am=2079,0,legit_rare_handle,0,0,0,0,synthetic-v1
upi://pay?pa=neha200139@axisbank&pn=Neha%20Mishra&am=8000&tn=Prize%20money%20credit,1,scam_refund_receive,4,3,0,0,synthetic-v1
upi://pay?pa=arun277858@yesbank&pn=Customs%20Clearance%20Officer&tn=security%20deposit,1,scam_impersonation,14,5,0,0,synthetic-v1
upi://pay?pa=pinelabs.356655@hdfcbank&pn=Sharma%20General%20Store&am=3471&mc=7230&tr=ORD913724776&tn=Bill,0,legit_merchant_dynamic,0,0,0,0,synthetic-v1
upi://collect?pa=6770421372@rbl&pn=Indian%20Army%20Canteen&am=15730&tn=Receive%20payment%20from%20buyer,1,scam_collect,1,0,0,0,synthetic-v1
upi://pay?pa=8290406900@upi&am=13000&tn=please%20send%20fast,1,scam_quiet,11,10,0,0,synthetic-v1
upi://pay?pa=cf.anand742@axisbank&pn=Sharma%20General%20Store&am=3979&mc=5814&tr=ORD835609018&tn=Bill&sign=MEUCIQe679c6e4d964cYYed13f,0,legit_merchant_dynamic,0,0,0,0,synthetic-v1
upi://pay?pa=9373215469@okaxis&pn=Paytm%20KYC%20Team&am=1513.12&tn=PAN%20link%20fee,1,scam_kyc_fee,4,4,0,0,synthetic-v1
upi://pay?pa=q466727996@ybl&pn=Blue%20Star%20Salon&mc=4121,0,legit_merchant_static,0,0,0,0,synthetic-v1
upi://pay?pa=rohit22@fbl&pn=Lakshmi%20Gowda&am=2576,0,legit_p2p,0,0,0,0,synthetic-v1
upi://pay?pa=manojkhan850@icici&pn=Lakshmi%20Verma&am=2938&tn=movie,0,legit_p2p,0,0,0,0,synthetic-v1
upi://pay?pa=paytm.kyc76@okaxis&pn=Paytm%20KYC%20Team&am=5699&tn=cashback,1,scam_fake_merchant,15,2,0,0,synthetic-v1
"upi://pay?pa=acc5316482@okicici&pn=Metro%20Tailors&am=1,00,000",1,scam_tampered_qr,12,9,0,0,synthetic-v1
upi://pay?pa=acc91003886@pnb&pn=SBI%20Refund%20Dept&am=36199&tn=Refund%20of%20Rs%2036199,1,scam_refund_receive,6,3,0,0,synthetic-v1
upi://pay?pa=gpay.reward@okicici&pn=Police%20Cyber%20Cell&mc=0000&tn=offer,1,scam_fake_merchant,0,0,0,0,synthetic-v1
upi://pay?pa=lakshmi46@axl&pn=Harish%20Reddy&tn=tuition,0,legit_p2p,0,0,0,0,synthetic-v1
upi://pay?pa=paytmqr8047774646@paytm&pn=Anand%20Sweets&mc=5331&tn=Payment,0,legit_merchant_static,0,0,1,0,synthetic-v1
upi://pay?pa=sbi.kyc.update95@tjsb&pn=RBI%20Grievance%20Cell&am=5875&tn=cashback,0,scam_fake_merchant,3,3,0,0,synthetic-v1
upi://pay?pa=pinelabs.750077@hdfcbank&pn=Janata%20Hardware&am=7553&mc=5311&tr=ORD967145760&tn=Order%20payment,0,legit_merchant_dynamic,0,0,0,0,synthetic-v1
upi://pay?pa=9842286990@dbs&pn=Kavya%20Gupta,0,legit_rare_handle,1,0,0,0,synthetic-v1
upi://pay?pa=8417373192@ibl&pn=Flipkart%20Refund%20Team&am=21599&tn=Prize%20money%20credit,1,scam_refund_receive,13,9,0,0,synthetic-v1
upi://pay?pa=paytmqr7424793786@paytm&pn=Balaji%20Fancy%20Store&am=2188&mc=5732&tr=ORD330094996,0,legit_merchant_dynamic,0,0,0,0,synthetic-v1
upi://pay?pa=8604519850@okicici&pn=HDFC%20Customer%20Care&tn=processing%20fee,1,scam_impersonation,3,1,0,0,synthetic-v1
upi://pya?pa=harish664902@hdfcbank&pn=Amazon%20Refund%20Desk&am=2505,1,scam_tampered_qr,0,0,0,0,synthetic-v1
upi://pay?pa=7319988036@ibl&pn=Kiran%20Gupta&tn=cab%20share,0,legit_p2p,0,0,0,0,synthetic-v1
upi://pay?pa=paytmqr9475164323@paytm&pn=Sri%20Lakshmi%20Medicals&am=11965&mc=5331&tr=ORD970331341,0,legit_merchant_dynamic,0,0,0,0,synthetic-v1
upi://pay?pa=anjaligowda584@okicici&pn=Manoj%20Rao&am=65000&tn=college%20fees,0,legit_family_large,0,0,0,0,synthetic-v1
upi://pay?pa=6169787227@icici&pn=Electricity%20Board%20Officer&am=8154&tn=case%20closure,1,scam_impersonation,0,0,0,0,synthetic-v1
upi://pay?pa=sunita29@okaxis&pn=Meera%20Nair&am=842.27&tn=tuition,0,legit_p2p,0,0,0,0,synthetic-v1
upi://pay?pa=joseph382422@barodampay&pn=SBI%20KYC%20Cell&am=399&tn=Account%20unblock%20fee,1,scam_kyc_fee,8,7,0,0,synthetic-v1
upi://pay?pa=9428654735@paytm&pn=Bank%20KYC%20Update&am=1704&tn=Account%20unblock%20fee,1,scam_kyc_fee,16,2,0,0,synthetic-v1
upi://pay?pa=cf.blue721@axisbank&pn=Hotel%20Annapoorna&am=5116.70&mc=5812&tr=ORD521980888&tn=Bill,0,legit_merchant_dynamic,0,0,0,0,synthetic-v1
upi://pay?pa=9721059345@fbl&pn=Govt%20Subsidy%20Office&am=42000&tn=Scan%20to%20receive%20your%20refund,1,scam_refund_receive,0,0,0,0,synthetic-v1
upi://pay?pa=7148814598@upi&pn=RBI%20Grievance%20Cell&am=999.92&tn=verification,1,scam_impersonation,0,0,0,0,synthetic-v1
upi://pay?pa=arjun.naik@kvb&pn=Shreya%20Shetty,0,legit_rare_handle,0,0,0,0,synthetic-v1
upi:pay?pa=6601337055@okicici&pn=SBI%20Refund%20Dept&am=6562,1,scam_tampered_qr,5,5,0,0,synthetic-v1
upi://pay?pa=ravi.singh@fbl&pn=Arjun%20Das&am=18535&tn=urgent,1,scam_quiet,4,4,0,0,synthetic-v1
upi://pay?pa=meera480@okicici&pn=Mahalakshmi%20Stores&am=7776&tn=bill,0,legit_small_shop,0,0,0,0,synthetic-v1
upi://pay?pa=sanjay648677@axl&pn=Govt%20Subsidy%20Office&am=40099&tn=Claim%20your%20reward,0,scam_refund_receive,15,14,0,0,synthetic-v1
upi://pay?pa=farhan.das@yesbank&pn=Paytm%20KYC%20Team&am=318&tn=KYC%20verification,1,scam_kyc_fee,12,1,0,0,synthetic-v1
upi://pay?pa=neha92@ibl&pn=Divya%20Naik&am=3565&tn=chai,0,legit_p2p,0,0,0,0,synthetic-v1
upi://pay?pa=akshayapatra@axisbank&pn=TTD%20Donations&am=3570,0,legit_temple,0,0,0,0,synthetic-v1
upi://pay?pa=9808086574@icici&pn=RBI%20Grievance%20Cell&am=20199.46&tn=security%20deposit,1,scam_impersonation,0,0,0,0,synthetic-v1
upi://pay?pa=waterboard.collect@icici&pn=Municipal%20Water%20Board&am=1560&mc=4900&tr=TXN7372729418&tn=Property%20tax,0,legit_biller,0,0,0,0,synthetic-v1
upi://pay?pa=kavya73@sbi&pn=Asha%20Reddy&tn=dinner,0,legit_p2p,0,0,0,0,synthetic-v1
upi://pay?pa=upi31333504@paytm&pn=TRAI%20Helpline&am=1209&tn=details%20http%3A%2F%2Fkyc-685.xyz,1,scam_link_in_note,0,0,0,0,synthetic-v1
upi://collect?pa=9473305304@rbl&pn=Army%20Officer%20Rakesh&am=4000&tn=refundable%20deposit,1,scam_olx_army,3,3,0,1,synthetic-v1
upi://pay?pa=paytmqr5607053059@paytm&pn=Sharma%20General%20Store&mc=4121,0,legit_merchant_static,0,0,0,0,synthetic-v1
upi://pay?pa=deepa664041@okaxis&pn=Sunita%20Gupta&am=40338.12,1,scam_quiet,4,1,0,0,synthetic-v1
upi://pay?pn=Shop&x=divya614315@upi&pn=Metro%20Tailors,1,scam_tampered_qr,0,0,0,0,synthetic-v1
upi://pay?pa=pinelabs.884866@hdfcbank&pn=Kumar%20Auto%20Works&am=17784&mc=4121&tr=ORD68367723&tn=Invoice%207112,0,legit_merchant_dynamic,0,0,0,0,synthetic-v1
upi://pay?pa=8381762829@ybl&pn=RBI%20Grievance%20Cell&am=22699,1,scam_impersonation,0,0,0,0,synthetic-v1
upi://pay?pa=vikramrao939@axl&tn=trip%20share,0,legit_p2p,0,0,0,0,synthetic-v1
upi://pay?pa=upi94926362@upi&pn=RBI%20Grievance%20Cell&am=17299&tn=case%20closure,1,scam_impersonation,0,0,0,0,synthetic-v1
upi://pay?pa=upi42025286@okhdfcbank&pn=Jio%20Prize%20Department&am=9899&tn=lottery%20processing,1,scam_prize,25,5,0,0,synthetic-v1
upi://pay?pa=kavyasharma247@pnb&am=29000&tn=please%20send%20fast,1,scam_quiet,7,1,0,0,synthetic-v1
upi://pay?pa=anjali.singh@apl&pn=Swati%20Nair&tn=cab%20share,0,legit_p2p,0,0,0,0,synthetic-v1
upi://pay?pa=8398402859@okhdfcbank&pn=Pooja%20Verma&am=2683,0,legit_p2p,0,0,0,0,synthetic-v1
upi://pay?pa=vikramshetty795@apl&pn=Varun%20Nair&tn=trip%20share,0,legit_p2p,0,0,0,0,synthetic-v1
upi://pay?pa=kiran.sharma@axisbank&pn=Neha%20Pillai&am=14000&tn=rent,0,legit_family_large,0,0,0,0,synthetic-v1
upi://pay?pa=acc84801795@axl&pn=HDFC%20Customer%20Care&tn=pending%20bill,1,scam_impersonation,3,3,0,0,synthetic-v1
upi://pay?pa=6543122449@hdfcbank&pn=HDFC%20Customer%20Care&tn=call%206606032842%20for%20refund,1,scam_link_in_note,2,2,0,1,synthetic-v1
upi://pay?pa=shreya.kumar@ibl&pn=Manoj%20Naik&am=54000&tn=car%20emi,0,legit_family_large,0,0,0,0,synthetic-v1
upi://collect?pa=6214646726@oksbi&pn=Indian%20Army%20Canteen&am=24000.95&tn=army%20canteen,1,scam_olx_army,3,3,0,0,synthetic-v1
upi://pay?pa=gurpreet89927@icici&pn=SBI%20KYC%20Cell&am=899&tn=Re-activation%20charges,1,scam_kyc_fee,0,0,0,0,synthetic-v1
upi://pay?pa=upi84617588@fbl&pn=Govt%20Subsidy%20Office&am=44000&tn=Refund%20of%20Rs%2044000,1,scam_refund_receive,0,0,0,0,synthetic-v1
upi://pay?pa=user32373994@sbi&pn=TRAI%20Helpline&am=15279&tn=case%20closure,1,scam_impersonation,1,1,0,0,synthetic-v1
upi://pay?pa=paytmqr3916214255@paytm&pn=Metro%20Tailors&am=15100&mc=5942&tr=ORD328779857&tn=Bill,0,legit_merchant_dynamic,1,1,1,0,synthetic-v1
upi://pay?pa=9624705860@oksbi&pn=Anjali%20Joshi&tn=movie,0,legit_p2p,0,0,0,0,synthetic-v1
upi://mandate?pa=pay21242068@ibl&pn=Netflix&am=7012&recur=WEEKLY&tn=KYC,1,scam_autopay,0,0,0,0,synthetic-v1
upi://pay?pa=7735971229@sbi&am=27906&tn=task%20payment,1,scam_quiet,0,0,0,0,synthetic-v1
upi://pay?pa=acc23248437@okicici&pn=Income%20Tax%20Department&tn=security%20deposit,1,scam_impersonation,15,10,0,0,synthetic-v1
upi://pay?pa=saistore@fbl&pn=Sai%20Vegetables&tn=order,0,legit_small_shop,0,0,0,0,synthetic-v1
upi://pay?pa=bescom.billdesk@hdfcbank&pn=BESCOM%20Bill%20Payment&am=438&mc=4112&tr=TXN580037930&tn=Consumer%20no%207128426,0,legit_biller,0,0,0,0,synthetic-v1
upi://pay?pa=8739399595@ibl&tn=rent,0,legit_p2p,0,0,0,0,synthetic-v1
upi://pay?pa=shivastall@icici&pn=Shiva%20Flowers&tn=bill,0,legit_small_shop,0,0,0,0,synthetic-v1
upi://pay?pa=fatimakhan422@apl&pn=Ravi%20Bose&tn=trip%20share,0,legit_p2p,0,0,0,0,synthetic-v1
upi://pay?pa=suresh.shetty@kotak&pn=Bank%20KYC%20Update&am=1389.26&tn=KYC%20verification,1,scam_kyc_fee,0,0,0,0,synthetic-v1
upi://pay?pa=fatimabose384@ybl&pn=Varun%20Gupta&tn=tuition,0,legit_p2p,0,0,0,0,synthetic-v1
upi://pay?pa=harish.nair@okaxis&pn=Customs%20Clearance%20Officer&tn=details%20http%3A%2F%2Fkyc-516.xyz,1,scam_link_in_note,0,0,0,0,synthetic-v1
upi://pay?pa=swati.singh@hdfcbank&pn=Arun%20Pillai&am=1000&tn=chai,0,legit_p2p,0,0,0,0,synthetic-v1
upi://collect?pa=9720174610@okicici&pn=ICICI%20Bank%20Support&am=4758&tn=approve%20to%20receive,1,scam_collect,0,0,0,0,synthetic-v1
upi://pay?pa=kavya847574@hdfcbank&pn=Police%20Cyber%20Cell&tn=call%209163162393%20for%20refund,1,scam_link_in_note,2,2,0,0,synthetic-v1
upi://pay?pa=q744118196@ybl&pn=Metro%20Tailors&mc=4121&tn=Payment,0,legit_merchant_static,0,0,0,0,synthetic-v1
upi://pay?pa=asha.pillai@icici&pn=Arun%20Verma&am=4000.11&tn=dinner,0,legit_p2p,0,0,0,0,synthetic-v1
upi://mandate?pa=divya.menon@oksbi&pn=Netflix&am=5899&recur=MONTHLY&tn=KYC,1,scam_autopay,3,1,0,0,synthetic-v1
upi://pay?pa=pay92923893@hdfcbank&pn=KBC%20Lottery%20Winner&am=21299&tn=winner%20registration,1,scam_prize,0,0,0,0,synthetic-v1
upi://pay?pa=poojadas429@idfcbank&pn=Gurpreet%20Bose&tn=birthday%20gift,0,legit_p2p,1,0,0,0,synthetic-v1
upi://pay?pa=waterboard.collect@icici&pn=Municipal%20Water%20Board&am=10817&mc=4900&tr=TXN8438669554&tn=Consumer%20no%201629060,0,legit_biller,0,0,0,0,synthetic-v1
upi://pay?pa=7221640550@paytm&pn=Divya%20Mishra&am=595&tn=KYC%20verification,1,scam_kyc_fee,0,0,0,0,synthetic-v1
upi://mandate?pa=6691850040@idfcbank&pn=Amazon%20Prime&am=6308.29&recur=MONTHLY&tn=cashback%20activation,1,scam_autopay,1,0,0,1,synthetic-v1
upi://pay?pa=vikram@okaxis&pn=Krishna%20Bakery&tn=payment,0,legit_small_shop,0,0,0,0,synthetic-v1
upi://pay?pa=freshstall@apl&pn=Fresh%20Fish%20Stall&tn=order,0,legit_small_shop,0,0,0,0,synthetic-v1
upi://pay?pa=paytmqr5882758747@paytm&pn=Kumar%20Auto%20Works&am=742&mc=5942&tr=ORD523104031,0,legit_merchant_dynamic,0,0,0,0,synthetic-v1
upi://pay?pa=ommart41@okaxis&pn=Metro%20Tailors&mc=4121&tn=Payment,0,legit_merchant_static,0,0,0,0,synthetic-v1
upi://pay?pa=6495512308@okaxis&pn=Metro%20Chaat,0,legit_small_shop,0,0,0,0,synthetic-v1
upi://collect?pa=7442603596@ibl&pn=Indian%20Army%20Canteen&am=11000&tn=security%20deposit,1,scam_olx_army,13,6,0,1,synthetic-v1
upi://mandate?pa=7546796329@kotak&pn=Netflix&am=2093&recur=DAILY&tn=subscription,1,scam_autopay,3,1,0,0,synthetic-v1
upi://pay?pa=bharatpe.42328326@fbpe&pn=Janata%20Hardware,0,legit_merchant_static,0,0,1,0,synthetic-v1
upi://pay?pa=razorpay.1518224@icici&pn=City%20Bakery&am=4825&mc=5499&tr=ORD78042825&tn=Bill,0,legit_merchant_dynamic,0,0,0,0,synthetic-v1
upi://pay?pa=ravi@barodampay&pn=Raju%20Juice%20Corner&am=2118&tn=order,0,legit_small_shop,3,0,3,0,synthetic-v1
upi://pay?pa=17229507@sbi&pn=Amazon%20Lucky%20Winner&am=3599&tn=winner%20registration,1,scam_prize,0,0,0,0,synthetic-v1
upi://pay?pa=9188837759@upi&pn=SBI%20KYC%20Cell&am=1318&tn=Re-activation%20charges,1,scam_kyc_fee,0,0,0,0,synthetic-v1
upi://pay?pa=arun522797@@okaxis&pn=Sharma%20General%20Store&am=7789,1,scam_tampered_qr,10,9,0,0,synthetic-v1
upi://collect?pa=9558436712@paytm&pn=Police%20Cyber%20Cell&am=7502&tn=Scan%20to%20receive%20your%20refund,1,scam_collect,0,0,0,0,synthetic-v1
upi://pay?pa=nikhil.verma@ybl,0,legit_p2p,0,0,0,0,synthetic-v1
upi://pay?pa=sristore84@okaxis&pn=Sri%20Lakshmi%20Medicals&mc=5411,0,legit_merchant_static,0,0,0,0,synthetic-v1
upi://pay?pa=harish738460@kvb&pn=Income%20Tax%20Department&am=41599&tn=Receive%20payment%20from%20buyer,1,scam_refund_receive,0,0,0,1,synthetic-v1
upi://pay?pa=8308965776@okaxis&pn=Amazon%20Refund%20Desk&am=15799&tn=Claim%20your%20reward,1,scam_refund_receive,8,6,1,0,synthetic-v1
upi://pay?pa=paytmqr3022884937@paytm&pn=Sharma%20General%20Store&am=9405.87&mc=5311&tr=ORD464843959,0,legit_merchant_dynamic,0,0,0,0,synthetic-v1
upi://pay?pa=8375178424@kotak&pn=Sneha%20Singh&am=1000,0,legit_p2p,0,0,0,0,synthetic-v1
upi://pay?pa=meera18@fbl&pn=Harish%20Gowda&am=68000&tn=house%20deposit,0,legit_family_large,0,0,0,0,synthetic-v1
upi://pay?pa=7720929787@okhdfcbank&pn=Income%20Tax%20Department&am=13299.70&tn=Refund%20of%20Rs%2013299.70,1,scam_refund_receive,0,0,0,0,synthetic-v1
upi://pay?pa=8192640044@upi&am=1403.14&tn=groceries,0,legit_p2p,0,0,0,1,synthetic-v1
upi://pay?pa=sanjaybose616@upi&pn=Sneha%20Naik&am=35000.15,0,legit_p2p,0,0,0,0,synthetic-v1
upi://pay?pa=razorpay.9880825@icici&pn=Fresh%20Mart&am=14595&mc=7230&tr=ORD567489575&tn=Invoice%204307,0,legit_merchant_dynamic,0,0,0,0,synthetic-v1
upi://pay?pa=greenmart81@okaxis&pn=Fresh%20Mart&mc=5499,0,legit_merchant_static,0,0,0,0,synthetic-v1
upi://pay?pa=tirumala.donations@sbi&pn=ISKCON%20Temple&mc=8661,0,legit_temple,0,0,0,0,synthetic-v1
upi://pay?pa=kiranpatel486@ibl&pn=Vikram%20Reddy&am=2871.74&tn=trip%20share,0,legit_p2p,0,0,0,0,synthetic-v1
upi://collect?pa=sanjay.nair@okicici&pn=Customs%20Clearance%20Officer&am=1073&tn=Refund%20of%20Rs%205000,1,scam_collect,0,0,0,0,synthetic-v1
upi://pay?pa=paytmqr2062609893@paytm&pn=Green%20Leaf%20Veg&am=2564&mc=5311&tr=ORD820770501&tn=Bill,0,legit_merchant_dynamic,0,0,0,0,synthetic-v1
upi://pay?pa=9508584148@kotak&pn=Mahalakshmi%20Stores&am=50&tn=payment,0,legit_small_shop,0,0,0,1,synthetic-v1
upi://pay?pa=8154133667@rbl&pn=Electricity%20Board%20Officer&am=38799&tn=Enter%20PIN%20to%20receive%20money,1,scam_refund_receive,0,0,0,0,synthetic-v1
upi://pay?pa=bharatpe.68663724@fbpe&pn=City%20Bakery&mc=5812,0,legit_merchant_static,0,0,0,0,synthetic-v1
upi://pay?pa=q871548757@ybl&pn=Sri%20Lakshmi%20Medicals&mc=5411,0,legit_merchant_static,0,0,0,0,synthetic-v1
upi://pay?pa=bharatpe.81562311@fbpe&pn=Kumar%20Auto%20Works&tn=Payment,0,legit_merchant_static,0,0,0,0,synthetic-v1
upi://pay?pa=vikram.iyer@icici&pn=Electricity%20Board%20Officer&am=24000&tn=Refund%20processing%20-%20scan%20to%20get,1,scam_refund_receive,14,3,0,0,synthetic-v1
upi://pay?pa=josephpatel584@ibl&am=13708&tn=investment,1,scam_quiet,7,4,0,0,synthetic-v1
upi://pay?pa=lakshmirao195@yesbank&pn=Suresh%20Nair&am=251&tn=trip%20share,0,legit_p2p,0,0,0,0,synthetic-v1
upi://pay?pa=q993007140@ybl&pn=Raj%20Mobile%20Point,0,legit_merchant_static,0,0,0,0,synthetic-v1
upi://pay?pa=7589191806@oksbi&pn=Deepa%20Kumar&tn=rent,0,legit_p2p,1,0,1,0,synthetic-v1
upi://pay?pa=lakshmi34@oksbi&am=1000.45&tn=rent,0,legit_p2p,0,0,0,0,synthetic-v1
upi://pay?pa=shreya275256@ibl&pn=Meera%20Khan&am=38000&tn=trading%20profit,1,scam_quiet,0,0,0,0,synthetic-v1
upi://pay?pa=ashashetty754@barodampay&pn=Shreya%20Bose&am=23000&tn=wedding,0,legit_family_large,0,0,0,0,synthetic-v1
upi://pay?pa=7674129540@rbl&pn=RBI%20Grievance%20Cell&am=15699&tn=case%20closure,1,scam_impersonation,3,2,0,1,synthetic-v1
upi://pay?pa=paytmqr8330854220@paytm&pn=Anand%20Sweets&am=4543&mc=5732&tr=ORD976950126&tn=Invoice%202928&sign=MEUCIQb741a08a4fb3c11aaY6Z,0,legit_merchant_dynamic,0,0,0,0,synthetic-v1
upi://pay?pa=pinelabs.822564@hdfcbank&pn=City%20Bakery&am=15666.72&mc=5814&tr=ORD127921979,0,legit_merchant_dynamic,0,0,0,0,synthetic-v1
upi://pay?pa=balaji466@okicici&tn=order,0,legit_small_shop,0,0,0,0,synthetic-v1
upi://pay?pa=6660441033@idfcbank&pn=Manoj%20Iyer&am=60000.84&tn=hospital%20bill,0,legit_family_large,0,0,0,0,synthetic-v1
upi://pay?pa=cry.donate@hdfcbank&pn=CRY%20Donations&mc=8661&am=2196,0,legit_temple,0,0,0,0,synthetic-v1
upi://pay?pa=manoj242@idfcbank&am=3000&tn=bill,0,legit_small_shop,0,0,0,0,synthetic-v1
upi://pay?pa=bbmp.propertytax@sbi&pn=BBMP%20Property%20Tax&am=10004&mc=9311&tr=TXN5714553968&tn=Property%20tax,0,legit_biller,0,0,0,0,synthetic-v1
upi://collect?pa=pay14198112@kotak&pn=PhonePe%20Cashback&am=3807&tn=Receive%20payment%20from%20buyer,1,scam_collect,1,0,0,0,synthetic-v1
upi://pay?pa=9548789868@apl&pn=Deepa%20Sharma&tn=rent,0,legit_p2p,0,0,0,0,synthetic-v1
upi://pay?pa=meera52@ybl&pn=Divya%20Joshi&am=33000.12&tn=wedding,0,legit_family_large,0,0,0,0,synthetic-v1
upi://pay?pa=7237091128@kotak&pn=Sunita%20Das&tn=electricity%20share,0,legit_p2p,1,0,1,0,synthetic-v1
upi://mandate?pa=suresh217999@hdfcbank&pn=Amazon%20Prime&am=3199&recur=WEEKLY&tn=verify%20account,1,scam_autopay,13,7,1,0,synthetic-v1
upi://pay?pa=poojadas460@oksbi&pn=Deepa%20Iyer&tn=electricity%20share,0,legit_p2p,0,0,0,0,synthetic-v1
upi://pay?pa=razorpay.2365204@icici&pn=Kumar%20Auto%20Works&am=10338&mc=5942&tr=ORD765429770,0,legit_merchant_dynamic,0,0,0,0,synthetic-v1
upi://pay?pa=9652008175@barodampay&tn=chai,0,legit_p2p,0,0,0,0,synthetic-v1
upi://pay?pa=6834474465@dbs&pn=Income%20Tax%20Department&am=24399&tn=Get%20cashback%20now,1,scam_refund_receive,0,0,0,0,synthetic-v1
upi://pay?pa=36141451@paytm&pn=Indian%20Army%20Canteen&am=16801&tn=verification%20amount,1,scam_olx_army,3,2,0,0,synthetic-v1
upi://pay?pa=8329670109@idfcbank&pn=Sai%20Vegetables&am=5000,0,legit_small_shop,0,0,0,0,synthetic-v1
upi://pay?pa=paytmqr3135131316@paytm&pn=Sri%20Lakshmi%20Medicals&am=8940.74&mc=7538&tr=ORD719015875&tn=Bill,0,legit_merchant_dynamic,0,0,0,0,synthetic-v1
upi://pay?pa=8577827266@axl&pn=Army%20Officer%20Rakesh&am=4771&tn=security%20deposit,1,scam_olx_army,0,0,0,0,synthetic-v1
upi://collect?pa=9115947502@apl&pn=TRAI%20Helpline&am=9262&tn=Enter%20PIN%20to%20receive%20money,1,scam_collect,0,0,0,0,synthetic-v1
upi://pay?pa=paytmqr4394506533@paytm&pn=Royal%20Fruits&am=15423&mc=5311&tr=ORD105115002,0,legit_merchant_dynamic,0,0,0,0,synthetic-v1
upi://pay?pa=6568322597@okicici&pn=Lakshmi%20Reddy&tn=trip%20share,0,legit_p2p,0,0,0,0,synthetic-v1
upi://pay?pa=sanjaynaik650@apl&pn=Swati%20Sharma&tn=loan%20return,0,legit_p2p,0,0,0,0,synthetic-v1
upi://pay?pa=razorpay.6571707@icici&pn=Metro%20Tailors&am=7986&mc=5411&tr=ORD295514870&tn=Order%20payment,0,legit_merchant_dynamic,0,0,0,0,synthetic-v1
upi://pay?pa=7247474688@axisbank&pn=Kiran%20Reddy&am=28000&tn=help,1,scam_quiet,15,2,0,0,synthetic-v1
upi://pay?pa=7573553917@barodampay&pn=Electricity%20Board%20Officer&am=4499.83&tn=Refund%20processing%20-%20scan%20to%20get,1,scam_refund_receive,0,0,0,0,synthetic-v1
upi://pay?pa=ayesha45@oksbi&pn=Shreya%20Mishra&am=26815.31&tn=fees,0,legit_p2p,0,0,0,0,synthetic-v1
upi://mandate?pa=upi72175144@okhdfcbank&pn=Amazon%20Prime&am=9222&recur=DAILY&tn=verify%20account,1,scam_autopay,0,0,0,0,synthetic-v1
upi://pay?pa=8723103812@oksbi&am=3819,0,legit_small_shop,0,0,0,0,synthetic-v1
upi://collect?pa=acc44333084@ybl&pn=Indian%20Army%20Canteen&am=20000&tn=security%20deposit,1,scam_olx_army,0,0,0,0,synthetic-v1
upi://pay?pa=6504704730@okaxis&pn=RBI%20Grievance%20Cell&am=33099&tn=Prize%20money%20credit,1,scam_refund_receive,0,0,0,0,synthetic-v1
upi://pay?pa=10162616@oksbi&pn=Electricity%20Board%20Officer&tn=details%20http%3A%2F%2Fkyc-576.xyz,1,scam_link_in_note,0,0,0,0,synthetic-v1
upi://pay?pa=phonepe.cashback9@sbi&pn=Customs%20Clearance%20Officer&tn=cashback,1,scam_fake_merchant,7,2,0,1,synthetic-v1
upi://pay?pa=9695115933@hdfcbank&pn=Indian%20Army%20Canteen&am=4000&tn=security%20deposit,1,scam_olx_army,0,0,0,0,synthetic-v1
upi://pay?pa=kiran@ibl&pn=Shiva%20Flowers&am=3669&tn=bill,0,legit_small_shop,0,0,0,0,synthetic-v1
upi://pay?pa=nikhilpillai66@paytm&am=16000&tn=investment,1,scam_quiet,7,3,0,0,synthetic-v1
upi://pya?pa=acc75074792@oksbi&pn=Royal%20Fruits&am=8335,1,scam_tampered_qr,0,0,0,0,synthetic-v1
upi://pay?pa=sbi.kyc.update@okicici&pn=ICICI%20Bank%20Support&am=7371&tn=offer,1,scam_fake_merchant,1,1,0,0,synthetic-v1
upi://pay?pa=josephrao194@dbs&pn=Suresh%20Gowda,0,legit_rare_handle,0,0,0,0,synthetic-v1
upi://pay?pa=harish.gupta@paytm&pn=Farhan%20Menon&tn=birthday%20gift,0,legit_p2p,0,0,0,0,synthetic-v1
upi://pay?pa=annastore@pnb&pn=Anna%20Idli%20Stall&tn=order,0,legit_small_shop,0,0,0,0,synthetic-v1
upi://pay?pa=sbi.refund90@upi&pn=Amazon%20Refund%20Desk&am=9499&tn=refund,1,scam_fake_merchant,6,2,0,0,synthetic-v1
upi://pay?pa=omshop@icici&pn=Om%20Paan%20Shop,0,legit_small_shop,0,0,0,0,synthetic-v1
upi://pay?pa=kumarstore77@okaxis&pn=Sri%20Lakshmi%20Medicals&mc=5814,0,legit_merchant_static,0,0,0,0,synthetic-v1
upi://pay?pa=manoj704@sbi&pn=Anna%20Idli%20Stall&am=500&tn=order,0,legit_small_shop,0,0,0,0,synthetic-v1
upi://pay?pa=8575113457@hdfcbank&pn=SBI%20KYC%20Cell&am=396&tn=Re-activation%20charges,0,scam_kyc_fee,4,3,0,0,synthetic-v1
upi://collect?pa=anjali903372@ibl&pn=BSF%20Officer%20Vijay&am=10203&tn=Refund%20processing%20-%20scan%20to%20get,1,scam_collect,1,1,0,0,synthetic-v1
upi://pay?pa=6771783129@icici&pn=Sneha%20Kumar&am=16000&tn=loan%20return,0,legit_p2p,0,0,0,0,synthetic-v1
upi://pay?pa=6917812854@idfcbank&pn=Fatima%20Menon&am=2721&tn=chai,0,legit_p2p,0,0,0,0,synthetic-v1
upi://pay?pa=9430676359@okaxis&pn=SBI%20Refund%20Dept&am=7000&tn=Scan%20to%20receive%20your%20refund,1,scam_refund_receive,0,0,0,0,synthetic-v1
upi://pay?pa=deepadas958@apl&pn=Asha%20Rao&am=123&tn=fees,0,legit_p2p,0,0,0,0,synthetic-v1
upi://pay?pa=amazon.refund75@jupiteraxis&pn=SBI%20Refund%20Dept&mc=0000&tn=offer,1,scam_fake_merchant,0,0,0,0,synthetic-v1
upi:pay?pa=7661119226@axisbank&pn=Metro%20Tailors,1,scam_tampered_qr,0,0,0,0,synthetic-v1
upi://pay?pa=lakshmi.das@hdfcbank&pn=Mary%20Gupta&am=27287&tn=help,1,scam_quiet,7,7,0,0,synthetic-v1
upi://pay?pa=9422386788@oksbi&pn=Harish%20Verma&am=50000.96&tn=wedding,0,legit_family_large,0,0,1,0,synthetic-v1
upi://pay?pa=rahul.reddy@idfcbank&am=3040&tn=petrol,0,legit_p2p,0,0,0,0,synthetic-v1
upi://mandate?pa=7553035239@dbs&pn=Electricity%20Board&am=7199&recur=MONTHLY&tn=KYC,1,scam_autopay,4,3,0,0,synthetic-v1
upi://pay?pa=anilshetty304@icici&pn=Arjun%20Patel&am=31000&tn=rent,0,legit_family_large,0,0,0,0,synthetic-v1
upi://pay?pa=fatima42@ybl&pn=Arun%20Iyer&tn=dinner,0,legit_p2p,0,0,0,0,synthetic-v1
upi://pay?pa=7371548195@ybl&pn=ICICI%20Bank%20Support&am=35299&tn=Prize%20money%20credit,1,scam_refund_receive,0,0,0,0,synthetic-v1
upi://pay?pa=pooja.menon@axl&pn=Asha%20Joshi&tn=cab%20share,0,legit_p2p,0,0,0,0,synthetic-v1
upi://pay?pa=lakshmikhan620@okaxis&pn=Ravi%20Menon&am=84000&tn=rent,0,legit_family_large,0,0,0,0,synthetic-v1
upi://pay?pa=kumarshop81@okaxis&pn=City%20Bakery&tn=Payment,0,legit_merchant_static,0,0,0,0,synthetic-v1
upi://pay?pa=acc47116726@rbl&pn=Kiran%20Patel&am=13688,1,scam_quiet,1,1,0,0,synthetic-v1
upi://pay?pa=rahul893@paytm&pn=Rahul%20Mobile%20Repair&am=10000&tn=bill,0,legit_small_shop,0,0,0,0,synthetic-v1
upi://pay?pa=95163174@apl&pn=Police%20Cyber%20Cell&am=1199&tn=Claim%20your%20reward,1,scam_refund_receive,0,0,0,0,synthetic-v1
upi://pay?pa=6858534516@dbs&pn=Flipkart%20Refund%20Team&tn=verification,0,scam_impersonation,0,0,0,0,synthetic-v1
upi://pay?pa=pooja.mishra@sbi&pn=Shreya%20Gowda&am=16810&tn=college%20fees,0,legit_family_large,0,0,0,0,synthetic-v1
upi://pay?pa=gurpreet.khan@rbl&pn=Income%20Tax%20Department,1,scam_impersonation,0,0,0,0,synthetic-v1
upi://pay?pa=swati.shetty@sbi&pn=Nikhil%20Naik&am=3046&tn=petrol,0,legit_p2p,0,0,0,0,synthetic-v1
upi://pay?pa=8834755068@okaxis&pn=Priya%20Rao&am=979&tn=fees,0,legit_p2p,0,0,0,0,synthetic-v1
upi://pay?pa=6136212718@fbl&pn=Flipkart%20Refund%20Team&am=5573&tn=verification,1,scam_impersonation,4,4,0,0,synthetic-v1
upi://pay?pa=7827255875@sbi&pn=SBI%20Refund%20Dept&tn=case%20closure,1,scam_impersonation,2,2,0,1,synthetic-v1
upi://pay?pa=acc90788630@axl&pn=Flipkart%20Refund%20Team&am=12799&tn=Prize%20money%20credit,1,scam_refund_receive,1,0,0,0,synthetic-v1
upi://pay?pa=9240273271@kvb&pn=Police%20Cyber%20Cell&tn=processing%20fee,1,scam_impersonation,0,0,0,0,synthetic-v1
upi://pay?pa=6587131018@yesbank&pn=ICICI%20Bank%20Support&am=2155&tn=details%20http%3A%2F%2Fkyc-483.xyz,1,scam_link_in_note,1,0,0,0,synthetic-v1
upi://pay?pa=user66491832@axl&pn=KBC%20Lottery%20Winner&am=3699&tn=prize%20claim%20fee,1,scam_prize,0,0,0,0,synthetic-v1
upi://pay?pa=q633100528@ybl&pn=Sri%20Lakshmi%20Medicals&mc=5912,0,legit_merchant_static,0,0,0,0,synthetic-v1
upi://pay?pa=divya.bose@barodampay&pn=Customs%20Clearance%20Officer&am=34000&tn=Cashback%20credited%20on%20scan,1,scam_refund_receive,1,0,1,0,synthetic-v1
upi://pay?pa=lic.premium@axisbank&pn=LIC%20Premium&am=2431&mc=4900&tr=TXN4792715640&tn=Property%20tax,0,legit_biller,0,0,0,0,synthetic-v1
upi://pay?pa=ravi638@hdfcbank&pn=Ganesh%20Tea%20Stall&am=50,0,legit_small_shop,0,0,0,0,synthetic-v1
upi://pay?pa=kiran591974@yesbank&pn=Amazon%20Refund%20Desk&am=9999&tn=security%20deposit,1,scam_impersonation,0,0,0,0,synthetic-v1
upi://pay?pa=priya455926@rbl&pn=Customs%20Clearance%20Officer&tn=visit%20bit.ly%2F76736%20to%20claim,1,scam_link_in_note,0,0,0,0,synthetic-v1
upi://pay?pa=josephgowda224@okhdfcbank,0,legit_p2p,0,0,0,0,synthetic-v1
upi://pay?pa=8534812056@hdfcbank&pn=Arun%20Bose&tn=dinner,0,legit_p2p,0,0,0,0,synthetic-v1
upi://pay?pa=iskcon.bangalore@icici&pn=Akshaya%20Patra&am=136.32,0,legit_temple,0,0,0,0,synthetic-v1
upi://pay?pa=rohitverma154@ybl&pn=Arun%20Sharma&am=3793.36&tn=gift,0,legit_p2p,0,0,0,0,synthetic-v1
upi://pay?pa=upi71606073@ibl&pn=Income%20Tax%20Department&tn=whatsapp%208612343454,1,scam_link_in_note,16,6,0,0,synthetic-v1
upi://pay?pa=paytmqr6895295112@paytm&pn=Hotel%20Annapoorna&tn=Payment,0,legit_merchant_static,0,0,0,0,synthetic-v1
upi://pay?pa=pay59792326@hdfcbank&pn=Paytm%20KYC%20Team&am=37399&tn=Claim%20your%20reward,1,scam_refund_receive,3,3,0,0,synthetic-v1
upi://pay?pa=bbmp.propertytax@sbi&pn=BBMP%20Property%20Tax&am=3593&mc=4112&tr=TXN1656245081&tn=Consumer%20no%20216033,0,legit_biller,0,0,1,0,synthetic-v1
upi://pay?pa=sneha318727@@rbl&pn=Flipkart%20Refund%20Team&am=5626,1,scam_tampered_qr,14,11,0,0,synthetic-v1
upi://pay?pa=nikhil.das@ybl&pn=CRPF%20Jawan%20Sunil&am=10979&tn=advance%20for%20item,1,scam_olx_army,3,2,0,0,synthetic-v1
upi://pay?pa=9611197144@barodampay&pn=Paytm%20KYC%20Team&am=5000&tn=Prize%20money%20credit,1,scam_refund_receive,0,0,0,0,synthetic-v1
upi://pay?pa=ravi464@okaxis&pn=Sai%20Vegetables&am=500&tn=payment,0,legit_small_shop,0,0,0,1,synthetic-v1
upi://pay?pa=pooja.das@apl&pn=Pooja%20Iyer&am=3000&tn=cab%20share,0,legit_p2p,0,0,0,0,synthetic-v1
upi://collect?pa=sunita181947@pnb&pn=Indian%20Army%20Canteen&am=29305&tn=army%20canteen,1,scam_olx_army,0,0,0,0,synthetic-v1
upi://pay?pa=bharatpe.24209033@fbpe&pn=Raj%20Mobile%20Point&tn=Payment,0,legit_merchant_static,0,0,0,0,synthetic-v1
upi://pay?pa=ravimenon255@ibl&pn=Harish%20Gowda&am=1000,0,legit_p2p,0,0,0,0,synthetic-v1
upi://pay?pa=razorpay.4799472@icici&pn=Blue%20Star%20Salon&am=6213&mc=5812&tr=ORD119994167,0,legit_merchant_dynamic,0,0,0,0,synthetic-v1
upi://pay?pa=44706606@idfcbank&pn=Flipkart%20Refund%20Team&am=3599.45&tn=Prize%20money%20credit,1,scam_refund_receive,0,0,0,0,synthetic-v1
upi://pay?pa=6871026915@okhdfcbank&pn=Anil%20Nair&am=48446&tn=wedding,0,legit_family_large,0,0,0,0,synthetic-v1
upi://pay?pa=waterboard.collect@icici&pn=Municipal%20Water%20Board&am=3016&mc=4900&tr=TXN4876693781&tn=Bill%20payment,0,legit_biller,0,0,0,0,synthetic-v1
upi://pay?pa=prakashgowda357@hdfcbank&pn=Deepa%20Nair&am=2547.90,1,legit_p2p,0,0,0,0,synthetic-v1
upi://pay?pa=9377426665@idfcbank&pn=Amazon%20Refund%20Desk&am=15764&tn=case%20closure,1,scam_impersonation,0,0,0,0,synthetic-v1
upi://pay?pa=prakash.menon@yesbank&pn=Asha%20Singh&am=4622&tn=movie,0,legit_p2p,1,1,3,0,synthetic-v1
upi://pay?pa=new47@okaxis&pn=New%20Style%20Tailors&am=500,0,legit_small_shop,0,0,0,0,synthetic-v1
upi://pay?pa=7802100009@icici&pn=Mary%20Nair&am=10000&tn=petrol,0,legit_p2p,0,0,0,0,synthetic-v1
upi://pay?pa=asha.reddy@dlb&pn=Sunita%20Patel&am=2118,0,legit_rare_handle,1,1,3,0,synthetic-v1
upi://pay?pa=7645099155@barodampay&pn=KBC%20Lottery%20Winner&am=20399&tn=GST%20on%20prize,1,scam_prize,2,1,0,0,synthetic-v1
upi://pay?pa=user96599533@yesbank&pn=Police%20Cyber%20Cell&am=28199&tn=Cashback%20credited%20on%20scan,1,scam_refund_receive,0,0,0,0,synthetic-v1
upi://pay?pa=prakash41@idfcbank&pn=Suresh%20Verma&tn=tuition,0,legit_p2p,1,0,0,0,synthetic-v1
upi://collect?pa=varun.khan@axl&pn=Electricity%20Board%20Officer&am=9058&tn=Refund%20of%20Rs%205000,1,scam_collect,0,0,0,0,synthetic-v1
upi://pay?pa=lic.premium@axisbank&pn=LIC%20Premium&am=14742&mc=9399&tr=TXN2909163765&tn=Bill%20payment,0,legit_biller,0,0,0,1,synthetic-v1
upi://collect?pa=kavya.pillai@ybl&pn=HDFC%20Customer%20Care&am=14450.78&tn=Refund%20processing%20-%20scan%20to%20get,1,scam_collect,0,0,0,0,synthetic-v1
upi://pay?pa=bescom.billdesk@hdfcbank&pn=BESCOM%20Bill%20Payment&am=9864.31&mc=4900&tr=TXN9251099211&tn=Property%20tax,0,legit_biller,0,0,0,0,synthetic-v1
upi://pay?pa=harishverma398@okhdfcbank&pn=Kiran%20Reddy&am=3182.31&tn=rent,0,legit_p2p,0,0,0,0,synthetic-v1
upi://pay?pn=Shop&x=7332581104@ibl&pn=Kumar%20Auto%20Works&am=6802,1,scam_tampered_qr,0,0,0,0,synthetic-v1
upi://collect?pa=9953091258@axl&pn=Customs%20Clearance%20Officer&am=2653&tn=Refund%20of%20Rs%205000,1,scam_collect,4,4,0,0,synthetic-v1
upi://pay?pa=nehapatel344@axisbank&pn=Prakash%20Joshi&am=39362&tn=birthday%20gift,0,legit_p2p,0,0,0,0,synthetic-v1
upi://pay?pa=paytmqr8927265275@paytm&pn=Anand%20Sweets,0,legit_merchant_static,1,1,3,0,synthetic-v1
upi://pay?pa=6151137124@okaxis&am=1000&tn=birthday%20gift,0,legit_p2p,0,0,0,0,synthetic-v1
upi://pay?pa=9854982714@fbl&pn=Sunita%20Das&am=4000,0,legit_p2p,0,0,0,0,synthetic-v1
upi://pay?pa=sanjay.sharma@yesbank&pn=Asha%20Mishra&tn=loan%20return,0,legit_p2p,0,0,0,0,synthetic-v1
upi://autopay?pa=user779686@yesbank&pn=Vikram%20Verma&am=5899&recur=WEEKLY&tn=KYC,1,scam_autopay,1,1,0,0,synthetic-v1
upi://pay?pa=6714835348@yesbank&pn=Indian%20Army%20Canteen&am=7000&tn=refundable%20deposit,1,scam_olx_army,11,9,0,0,synthetic-v1
upi://pay?pa=paytmqr3983442835@paytm&pn=Om%20Sai%20Kirana&am=5637&mc=7230&tr=ORD926471275&tn=Bill,0,legit_merchant_dynamic,0,0,0,0,synthetic-v1
upi://pay?pa=7240956818@paytm&pn=Arun%20Nair&tn=rent,0,legit_p2p,0,0,0,0,synthetic-v1
upi://pay?pa=8162721143@icici&pn=Anna%20Idli%20Stall,0,legit_small_shop,0,0,0,0,synthetic-v1
upi://pay?pa=lic.premium@axisbank&pn=LIC%20Premium&am=121&mc=6300&tr=TXN1017952813&tn=Consumer%20no%204467974,0,legit_biller,0,0,0,0,synthetic-v1
upi://pay?pa=deepa18@icici&pn=Priya%20Kumar&am=17084.17&tn=car%20emi,0,legit_family_large,0,0,0,0,synthetic-v1
upi://pay?pa=6841053665@sbi&pn=PhonePe%20Cashback&am=5293&tn=case%20closure,1,scam_impersonation,0,0,0,0,synthetic-v1
upi://pay?pa=sneha.verma@icici&pn=Flipkart%20Refund%20Team&am=36599.72&tn=Scan%20to%20receive%20your%20refund,1,scam_refund_receive,3,2,0,0,synthetic-v1
upi://pay?pa=neha.gupta@sbi&pn=TRAI%20Helpline&tn=verification,1,scam_impersonation,4,2,0,0,synthetic-v1
upi://pay?pa=6742958047@fbl&pn=Ayesha%20Mishra&am=1002&tn=loan%20return,0,legit_p2p,0,0,0,0,synthetic-v1
upi://pay?pa=pinelabs.856938@hdfcbank&pn=Om%20Sai%20Kirana&am=17347&mc=5912&tr=ORD488365532,0,legit_merchant_dynamic,0,0,0,0,synthetic-v1
upi://pay?pa=omstore8@okaxis&pn=Royal%20Fruits&mc=5411&tn=Payment,0,legit_merchant_static,0,0,0,0,synthetic-v1
upi://pay?pa=9449498001@sbi&pn=Harish%20Menon&am=11754&tn=loan%20return,0,legit_p2p,0,0,0,0,synthetic-v1
upi://pay?pa=varun953391@okaxis&pn=Bank%20KYC%20Update&am=171&tn=KYC%20verification,0,scam_kyc_fee,1,1,0,0,synthetic-v1
upi://pay?pa=paytmqr3601397378@paytm&pn=Om%20Sai%20Kirana&am=17132.48&mc=5331&tr=ORD636800051&tn=Bill,0,legit_merchant_dynamic,0,0,0,0,synthetic-v1
upi://pay?pa=q647820221@ybl&pn=Kumar%20Auto%20Works&mc=4121,0,legit_merchant_static,0,0,0,0,synthetic-v1
upi://autopay?pa=9779547671@yesbank&pn=Amazon%20Prime&am=5065&recur=DAILY&tn=cashback%20activation,1,scam_autopay,4,1,0,0,synthetic-v1
upi://pay?pa=pay69500802@yesbank&pn=SBI%20Refund%20Dept&am=5972&tn=visit%20bit.ly%2F93202%20to%20claim,1,scam_link_in_note,5,4,0,0,synthetic-v1
upi://pay?pa=rohit.reddy@fbl&pn=Farhan%20Rao&am=4000&tn=chai,0,legit_p2p,0,0,0,0,synthetic-v1
upi://pay?pa=8791544845@axl&pn=Income%20Tax%20Department&am=23878,1,scam_impersonation,2,2,0,1,synthetic-v1
upi://pay?pa=suresh76@idfcbank&pn=Vikram%20Das&am=73522&tn=wedding,0,legit_family_large,0,0,0,0,synthetic-v1
upi://pay?pa=paytm.kyc@cmsidfc&pn=Electricity%20Board%20Officer&am=7247&tn=offer,1,scam_fake_merchant,0,0,0,0,synthetic-v1
upi://pay?pa=fatima.kumar@rbl&pn=TRAI%20Helpline&am=45592&tn=Enter%20PIN%20to%20receive%20money,1,scam_refund_receive,0,0,0,0,synthetic-v1
upi://pay?pa=upi16315386@ybl&pn=Bank%20KYC%20Update&am=31&tn=Account%20unblock%20fee,1,scam_kyc_fee,0,0,0,0,synthetic-v1
upi://pay?pa=sunita.khan@upi&pn=Gurpreet%20Sharma&am=2483&tn=maid%20salary,0,legit_p2p,0,0,0,0,synthetic-v1
upi://pay?pa=9120081265@yesbank&pn=Paytm%20KYC%20Team&am=23899&tn=Refund%20of%20Rs%2023899,1,scam_refund_receive,0,0,0,0,synthetic-v1
upi://pay?pa=paytmqr9960012063@paytm&pn=Metro%20Tailors&am=10659&mc=5331&tr=ORD486874028&tn=Bill,0,legit_merchant_dynamic,0,0,0,0,synthetic-v1
upi://pay?pa=q416460762@ybl&pn=Hotel%20Annapoorna,0,legit_merchant_static,0,0,0,0,synthetic-v1
upi://pay?pa=6558249520@okaxis&pn=Sanjay%20Verma&am=12000&tn=house%20deposit,0,legit_family_large,0,0,0,0,synthetic-v1
upi://pay?pa=razorpay.2655284@icici&pn=Green%20Leaf%20Veg&am=6950.06&mc=5411&tr=ORD489176624,0,legit_merchant_dynamic,0,0,0,0,synthetic-v1
upi://collect?pa=divya951690@okhdfcbank&pn=Flipkart%20Refund%20Team&am=11661.17&tn=Claim%20your%20reward,1,scam_collect,0,0,0,0,synthetic-v1
upi://pay?pa=iskcon.bangalore@icici&pn=ISKCON%20Temple&mc=8661&am=4604.76,0,legit_temple,0,0,0,0,synthetic-v1
upi://collect?pa=8904472205@fbl&pn=Army%20Officer%20Rakesh&am=8863&tn=verification%20amount,1,scam_olx_army,7,1,0,0,synthetic-v1
upi://pay?pa=harish.kumar@hdfcbank&pn=Meera%20Patel&am=3347&tn=help,1,scam_quiet,4,2,0,0,synthetic-v1
upi://pay?pa=paytmqr2120416624@paytm&pn=Green%20Leaf%20Veg&mc=5311,0,legit_merchant_static,0,0,0,0,synthetic-v1
upi://pay?pa=paytmqr2414831226@paytm&pn=Green%20Leaf%20Veg&mc=7538&tn=Payment,1,legit_merchant_static,1,0,2,0,synthetic-v1
upi://pay?pa=7678574613@dlb&pn=Shreya%20Nair&am=2651.08,0,legit_rare_handle,0,0,0,0,synthetic-v1
upi://pay?pa=lic.premium@axisbank&pn=LIC%20Premium&am=13175&mc=9399&tr=TXN6730018853&tn=Property%20tax,0,legit_biller,0,0,0,0,synthetic-v1
upi://pay?pa=swatidas980@fbl&pn=Sunita%20Nair&am=4000&tn=cab%20share,0,legit_p2p,1,1,3,0,synthetic-v1
upi://pay?pa=q139295232@ybl&pn=Anand%20Sweets&mc=5732,0,legit_merchant_static,0,0,0,0,synthetic-v1
upi://pay?pa=8375742165@barodampay&pn=Sneha%20Rao&am=1409&tn=movie,0,legit_p2p,0,0,0,0,synthetic-v1
upi://pay?pa=priya.bose@rbl&pn=Asha%20Pillai,0,legit_rare_handle,0,0,0,0,synthetic-v1
upi://pay?pa=6784220560@apl&pn=Priya%20Menon&tn=electricity%20share,0,legit_p2p,1,0,2,0,synthetic-v1
upi://pay?pa=ayesha.mishra@okaxis&pn=RBI%20Grievance%20Cell&am=10041&tn=security%20deposit,0,scam_impersonation,0,0,0,0,synthetic-v1
upi://pay?pa=7292502304@okicici&pn=Govt%20Subsidy%20Office&am=2599&tn=pending%20bill,1,scam_impersonation,1,0,0,0,synthetic-v1
upi://pay?pn=Shop&x=deepa674548@axisbank&pn=Anand%20Sweets,1,scam_tampered_qr,0,0,0,1,synthetic-v1
upi://pay?pa=ganesh952@yesbank&pn=Ganesh%20Tea%20Stall,0,legit_small_shop,0,0,0,0,synthetic-v1
upi://pay?pa=treasury.ker@sbi&pn=Kerala%20Govt%20Treasury&am=6563.13&mc=6300&tr=TXN4050048493&tn=Bill%20payment,0,legit_biller,0,0,0,0,synthetic-v1
upi://pay?pa=new@apl&pn=New%20Style%20Tailors&am=3376,0,legit_small_shop,0,0,0,0,synthetic-v1
upi://pay?pa=shreyabose118@idfcbank&pn=Arjun%20Shetty&am=15266&tn=investment,1,scam_quiet,17,14,0,0,synthetic-v1
upi://pay?pa=7698932945@pnb&pn=ABC%20Store&am=7025.90&tn=order,0,legit_small_shop,0,0,0,0,synthetic-v1
upi://pay?pa=7343418733@hdfcbank&pn=Govt%20Subsidy%20Office&tn=verification,1,scam_impersonation,0,0,0,0,synthetic-v1
upi://pay?pa=upi2018442@okaxis&pn=Electricity%20Board%20Officer&am=26299.73&tn=Get%20cashback%20now,1,scam_refund_receive,0,0,0,0,synthetic-v1
upi://pay?pa=bharatpe.36689461@fbpe&pn=Metro%20Tailors&mc=5732&tn=Payment,0,legit_merchant_static,0,0,0,0,synthetic-v1
upi://pay?pa=tirumala.donations@sbi&pn=Akshaya%20Patra,0,legit_temple,0,0,0,0,synthetic-v1
upi://pay?pa=anjali.singh@okhdfcbank&pn=Anjali%20Gupta&am=24441&tn=car%20emi,0,legit_family_large,0,0,0,0,synthetic-v1
upi://pay?pa=anil@yesbank&pn=Rahul%20Mobile%20Repair&am=4145,0,legit_small_shop,0,0,0,0,synthetic-v1
upi://pay?pa=nehasharma414@barodampay&pn=Nikhil%20Shetty&am=4885.49&tn=fees,0,legit_p2p,0,0,0,0,synthetic-v1
upi://pay?pa=paytmqr7374811359@paytm&pn=Fresh%20Mart&mc=5814,0,legit_merchant_static,0,0,0,0,synthetic-v1
upi://pay?pa=joseph.bose@axisbank&pn=Prakash%20Naik&tn=groceries,0,legit_p2p,0,0,0,0,synthetic-v1
upi://pay?pa=7312237571@dbs&pn=Paytm%20KYC%20Team&am=1099&tn=KYC%20verification,1,scam_kyc_fee,13,5,0,0,synthetic-v1
upi://pay?pa=6241122319@fbl&pn=Paytm%20KYC%20Team&am=1274.18&tn=KYC%20verification,1,scam_kyc_fee,0,0,0,0,synthetic-v1
upi://pay?pa=12859904@okaxis&pn=Flipkart%20Refund%20Team&am=49891&tn=Cashback%20credited%20on%20scan,1,scam_refund_receive,2,1,0,0,synthetic-v1
upi://pay?pa=paytmqr6090972456@paytm&pn=Fresh%20Mart&mc=4121,0,legit_merchant_static,0,0,0,0,synthetic-v1
upi://pay?pa=arjun946118@sbi&pn=Army%20Officer%20Rakesh&am=16123.46&tn=verification%20amount,1,scam_olx_army,0,0,0,0,synthetic-v1
upi://pay?pa=9844312433@okhdfcbank&pn=Kiran%20Das&am=4183.28&tn=groceries,0,legit_p2p,0,0,0,0,synthetic-v1
upi:\pay?pa=upi28675651@rbl&pn=Paytm%20KYC%20Team&am=6710,1,scam_tampered_qr,0,0,0,0,synthetic-v1
upi://pay?pa=7744166167@barodampay&pn=ICICI%20Bank%20Support&am=4410&tn=whatsapp%209117316081,1,scam_link_in_note,2,2,0,0,synthetic-v1
upi://pay?pa=6961571358@apl&pn=Priya%20Beauty%20Parlour&am=300,0,legit_small_shop,0,0,0,0,synthetic-v1
upi://mandate?pa=arjun.pillai@pnb&pn=Electricity%20Board&am=8455&recur=DAILY&tn=cashback%20activation,1,scam_autopay,5,4,0,0,synthetic-v1
upi://pay?pa=lakshmi731311@ibl&pn=Electricity%20Board%20Officer&am=43656&tn=Enter%20PIN%20to%20receive%20money,1,scam_refund_receive,17,2,0,0,synthetic-v1
upi://pay?pa=anil@barodampay&pn=Kumar%20Xerox&am=1500,0,legit_small_shop,0,0,0,0,synthetic-v1
upi://pay?pa=varun93@kotak&pn=Gurpreet%20Rao&am=1882,0,legit_p2p,0,0,0,1,synthetic-v1
upi://pay?pa=harish.pillai@barodampay&pn=Income%20Tax%20Department&am=6000&tn=Refund%20of%20Rs%206000,1,scam_refund_receive,0,0,0,0,synthetic-v1
upi://pay?pa=sunita854@apl&am=2000,0,legit_small_shop,0,0,0,0,synthetic-v1
upi://pay?pa=harish73@pnb&pn=Sneha%20Bose&am=3000&tn=maid%20salary,0,legit_p2p,0,0,0,0,synthetic-v1
upi://pay?pa=sunitarao447@pnb&pn=Harish%20Iyer&am=186&tn=dinner,0,legit_p2p,0,0,0,0,synthetic-v1
upi://pay?pa=8721000767@paytm&pn=Electricity%20Board%20Officer&tn=security%20deposit,1,scam_impersonation,0,0,0,0,synthetic-v1
upi://collect?pa=acc14685550@okaxis&pn=Customs%20Clearance%20Officer&am=10712&tn=Enter%20PIN%20to%20receive%20money,1,scam_collect,5,1,0,0,synthetic-v1
upi://pay?pa=8448869695@axl&pn=TRAI%20Helpline,1,scam_impersonation,1,1,0,0,synthetic-v1
upi://pay?pa=swatimenon248@oksbi&pn=Kavya%20Reddy&am=16277&tn=hospital%20bill,0,legit_family_large,0,0,0,0,synthetic-v1
upi://pay?pa=ravi.sharma@apl&pn=Fresh%20Mart&pa=7238822644@sbi,1,scam_tampered_qr,0,0,0,0,synthetic-v1
upi://pay?pa=cry.donate@hdfcbank&pn=Gurudwara%20Seva&am=4874,0,legit_temple,0,0,0,0,synthetic-v1
upi://pay?pa=maryverma275@paytm&am=2593&tn=chai,0,legit_p2p,0,0,0,0,synthetic-v1
upi://pay?pa=bharatpe.70186211@fbpe&pn=Royal%20Fruits&mc=5311&tn=Payment,0,legit_merchant_static,0,0,0,0,synthetic-v1
upi://pay?pa=7733317829@okicici&pn=Income%20Tax%20Department&am=26699&tn=Receive%20payment%20from%20buyer,1,scam_refund_receive,0,0,0,0,synthetic-v1
upi://pay?pa=6620438720@apl&pn=Shreya%20Bose&am=1863&tn=KYC%20update%20charge,1,scam_kyc_fee,0,0,0,0,synthetic-v1
upi://pay?pa=ravidas492@icici&pn=Fatima%20Singh&am=31000&tn=electricity%20share,0,legit_p2p,0,0,0,0,synthetic-v1
upi://pay?pa=kiran.bose@apl&pn=Police%20Cyber%20Cell&tn=verification,1,scam_impersonation,5,4,0,1,synthetic-v1
upi://pay?pa=lakshmi.rao@axl&pn=Sunita%20Khan&am=511&tn=dinner,0,legit_p2p,0,0,0,0,synthetic-v1
upi://pay?pa=upi31211019@icici&pn=Meera%20Gowda&am=33221&tn=urgent,1,scam_quiet,8,4,0,0,synthetic-v1
upi://pay?pa=rahulpillai619@sbi&pn=Suresh%20Rao&am=40000.32&tn=wedding,0,legit_family_large,0,0,0,0,synthetic-v1
upi://pay?pa=upi63205533@idfcbank&pn=ICICI%20Bank%20Support&am=9457,1,scam_impersonation,10,10,1,0,synthetic-v1
upi://pay?pa=q936984996@ybl&pn=Anand%20Sweets&mc=5411,0,legit_merchant_static,0,0,0,0,synthetic-v1
upi://pay?pa=ayesha92@axl&pn=Harish%20Mishra&am=1345,0,legit_p2p,0,0,0,0,synthetic-v1
upi://pay?pa=acc43692127@ibl&pn=Paytm%20KYC%20Team&am=13847&tn=processing%20fee,1,scam_impersonation,8,1,0,0,synthetic-v1
upi://pay?pa=8985956613@fbl&pn=BSF%20Officer%20Vijay&am=4901&tn=security%20deposit,1,scam_olx_army,0,0,0,0,synthetic-v1
upi://pay?pa=joseph.gupta@pnb&pn=Lucky%20Draw%20Office&am=17799&tn=lottery%20processing,1,scam_prize,0,0,0,0,synthetic-v1
upi://pay?pa=paytmqr5998837807@paytm&pn=Raj%20Mobile%20Point&mc=4121,0,legit_merchant_static,1,0,0,0,synthetic-v1
upi://pay?pa=varun534138@okaxis&pn=SBI%20Refund%20Dept&am=9197&tn=check%20www.refund-status.online,1,scam_link_in_note,0,0,0,0,synthetic-v1
upi://pay?pa=meerabose88@pnb&pn=Sneha%20Singh&am=1603.99&tn=cab%20share,0,legit_p2p,0,0,0,0,synthetic-v1
upi://pay?pa=9868460758@axisbank&pn=Govt%20Subsidy%20Office&am=31999.78&tn=Refund%20of%20Rs%2031999.78,1,scam_refund_receive,3,3,0,0,synthetic-v1
upi://pay?pa=9602874413@apl&pn=BSF%20Officer%20Vijay&am=22000&tn=army%20canteen,1,scam_olx_army,17,15,0,0,synthetic-v1
upi://pay?pa=ayesha255845@idfcbank&pn=Paytm%20KYC%20Team&tn=case%20closure,1,scam_impersonation,0,0,0,0,synthetic-v1
upi://pay?pa=6832975552@axisbank&pn=Electricity%20Board%20Officer&am=3999&tn=security%20deposit,1,scam_impersonation,0,0,0,0,synthetic-v1
upi://pay?pa=treasury.ker@sbi&pn=Kerala%20Govt%20Treasury&am=3632&mc=4112&tr=TXN2011885212&tn=Property%20tax,0,legit_biller,0,0,0,0,synthetic-v1
upi://pay?pa=farhan26854@okhdfcbank&pn=Electricity%20Board%20Officer&tn=security%20deposit,1,scam_impersonation,4,2,1,0,synthetic-v1
upi://pay?pa=acc8138027@kvb&pn=Flipkart%20Refund%20Team&am=40599&tn=Scan%20to%20receive%20your%20refund,1,scam_refund_receive,0,0,0,0,synthetic-v1
upi://pay?pa=hdfc.care72@icici&pn=Govt%20Subsidy%20Office&tn=refund,1,scam_fake_merchant,0,0,0,0,synthetic-v1
upi://pay?pa=prakash.iyer@axisbank&pn=Swati%20Singh&am=47000&tn=wedding,0,legit_family_large,0,0,0,0,synthetic-v1
upi://pay?pa=6686640091@barodampay&pn=Sai%20Vegetables&am=250&tn=bill,0,legit_small_shop,0,0,0,0,synthetic-v1
upi://pay?pa=8433629332@ybl&pn=Deepa%20Menon&am=670,0,legit_p2p,0,0,0,0,synthetic-v1
upi://pay?pa=acc21808685@pnb&pn=Rohit%20Patel&am=1208&tn=KYC%20verification,1,scam_kyc_fee,0,0,0,0,synthetic-v1
upi://pay?pa=8249537916@ybl&pn=Anna%20Idli%20Stall&tn=bill,0,legit_small_shop,0,0,0,0,synthetic-v1
upi://pay?pa=prakashpillai318@paytm&am=2119&tn=cab%20share,0,legit_p2p,0,0,0,0,synthetic-v1
upi://pay?pa=cf.balaji241@axisbank&pn=Blue%20Star%20Salon&am=5578&mc=5311&tr=ORD288484454&tn=Order%20payment,0,legit_merchant_dynamic,0,0,0,0,synthetic-v1
upi://pay?pa=divya529229@sbi&pn=Flipkart%20Refund%20Team&am=7971&tn=whatsapp%208921275030,1,scam_link_in_note,8,8,0,0,synthetic-v1
upi://pay?pa=sristore56@okaxis&pn=Blue%20Star%20Salon&mc=5499,0,legit_merchant_static,0,0,0,0,synthetic-v1
upi://pay?pa=8246842838@fbl&pn=Farhan%20Joshi&am=10000&tn=college%20fees,0,legit_family_large,0,0,0,0,synthetic-v1
upi://pay?pa=pooja136460@ibl&pn=Paytm%20KYC%20Team&am=28999&tn=Refund%20processing%20-%20scan%20to%20get,1,scam_refund_receive,2,2,0,0,synthetic-v1
upi://pay?pa=7263339029@ybl&pn=Amazon%20Refund%20Desk&am=9792&tn=whatsapp%208151348022,1,scam_link_in_note,4,4,0,0,synthetic-v1
upi://pay?pa=ayesha@upi&pn=Mahalakshmi%20Stores&am=100,0,legit_small_shop,0,0,0,0,synthetic-v1
upi://pay?pa=q571105788@ybl&pn=Om%20Sai%20Kirana&mc=5732&tn=Payment,0,legit_merchant_static,0,0,1,0,synthetic-v1
upi://pay?pa=q891066908@ybl&pn=Kumar%20Auto%20Works&mc=5912,0,legit_merchant_static,0,0,0,0,synthetic-v1
upi://pay?pa=ravi80@fbl&pn=Joseph%20Khan&am=4421.34&tn=cab%20share,0,legit_p2p,0,0,0,0,synthetic-v1
upi://pay?pa=user75358131@icici&pn=ICICI%20Bank%20Support&am=21599.96&tn=security%20deposit,1,scam_impersonation,0,0,0,0,synthetic-v1
upi://pay?pa=razorpay.5138814@icici&pn=Fresh%20Mart&am=617&mc=5331&tr=ORD783411321&tn=Order%20payment&sign=MEUCIQf7800df050Y4932969aa,0,legit_merchant_dynamic,1,0,1,0,synthetic-v1
upi://mandate?pa=8816357148@upi&pn=Kavya%20Iyer&am=6246&recur=WEEKLY&tn=subscription,1,scam_autopay,3,1,1,0,synthetic-v1
upi://pay?pa=69276885@apl&pn=Lucky%20Draw%20Office&am=15022&tn=lottery%20processing,1,scam_prize,0,0,0,0,synthetic-v1
upi://pay?pa=cf.green96@axisbank&pn=Sri%20Lakshmi%20Medicals&am=136.70&mc=5814&tr=ORD935598737&tn=Bill,0,legit_merchant_dynamic,0,0,0,0,synthetic-v1
upi://pay?pa=gurpreet286@idfcbank&pn=Balaji%20Stores&am=3424&tn=order,0,legit_small_shop,0,0,0,0,synthetic-v1
upi://pay?pa=9222423614@kvb&pn=Amazon%20Lucky%20Winner&am=7599.53&tn=lottery%20processing,1,scam_prize,0,0,0,0,synthetic-v1
upi://pay?pa=pooja.gowda@icici&pn=Paytm%20KYC%20Team&tn=details%20http%3A%2F%2Fkyc-870.xyz,1,scam_link_in_note,0,0,0,0,synthetic-v1
upi://pay?pa=shivastore@okaxis&pn=Shiva%20Flowers,0,legit_small_shop,0,0,1,0,synthetic-v1
upi://pay?pa=6752450262@idfcbank&pn=Suresh%20Nair&am=1810&tn=rent,0,legit_p2p,0,0,0,0,synthetic-v1
upi://pay?pa=rahulshop@ibl&pn=Rahul%20Mobile%20Repair,0,legit_small_shop,0,0,0,0,synthetic-v1
upi://pay?pa=cf.hotel131@axisbank&pn=Om%20Sai%20Kirana&am=785&mc=4121&tr=ORD625935964&tn=Bill,0,legit_merchant_dynamic,1,0,1,0,synthetic-v1
upi://pay?pa=9513882029@okicici&pn=Sanjay%20Kumar&am=49124.67,1,scam_quiet,3,3,0,1,synthetic-v1
upi://pay?pa=razorpay.2699583@icici&pn=Hotel%20Annapoorna&am=9141&mc=7230&tr=ORD164855983&tn=Bill,0,legit_merchant_dynamic,0,0,0,0,synthetic-v1
upi://pay?pa=7989630947@yesbank&pn=Priya%20Singh&am=40000&tn=chai,0,legit_p2p,0,0,0,0,synthetic-v1
upi://pay?pa=7758312563@barodampay&pn=HDFC%20Customer%20Care&tn=check%20www.refund-status.online,1,scam_link_in_note,0,0,0,0,synthetic-v1
upi://pay?pa=ayesha238735@kvb&pn=Electricity%20Board%20Officer&am=38085&tn=Receive%20payment%20from%20buyer,1,scam_refund_receive,0,0,0,0,synthetic-v1
upi://pay?pa=pinelabs.504573@hdfcbank&pn=Anand%20Sweets&am=5775.65&mc=5812&tr=ORD164666321&tn=Invoice%205624,0,legit_merchant_dynamic,0,0,0,0,synthetic-v1
upi://pay?pa=prakash.reddy@upi&pn=Sunita%20Patel&am=48701&tn=car%20emi,0,legit_family_large,0,0,0,0,synthetic-v1
upi://pay?pa=ayesha.nair@oksbi&am=18000&tn=investment,1,scam_quiet,27,4,0,0,synthetic-v1
upi://pay?pa=9369329200@axl&pn=KBC%20Lottery%20Winner&am=19768&tn=tax%20on%20winning,1,scam_prize,0,0,0,0,synthetic-v1
upi://pya?pa=upi65902531@axl&pn=SBI%20Refund%20Dept,1,scam_tampered_qr,1,1,0,0,synthetic-v1
upi://pay?pa=9448237027@axisbank&pn=Anil%20Shetty&tn=tuition,0,legit_p2p,0,0,0,0,synthetic-v1
upi://pay?pa=9183644422@ybl&pn=Deepa%20Verma&am=1000.91&tn=fees,0,legit_p2p,0,0,0,0,synthetic-v1
upi://pay?pa=bharatpe.19613734@fbpe&pn=Blue%20Star%20Salon&mc=7230,0,legit_merchant_static,1,1,3,0,synthetic-v1
upi://pay?pa=67396086@oksbi&am=35902&tn=trading%20profit,1,scam_quiet,0,0,0,0,synthetic-v1
upi://pay?pa=6209987566@paytm&pn=Varun%20Mishra&am=2307&tn=groceries,0,legit_p2p,0,0,0,0,synthetic-v1
upi:/pay?pa=8397824294@pnb&pn=Royal%20Fruits,1,scam_tampered_qr,29,28,0,1,synthetic-v1
upi://pay?pa=prakash.verma@okaxis&pn=Harish%20Shetty&am=12000&tn=hospital,1,scam_quiet,3,1,0,0,synthetic-v1
upi://collect?pa=6167719261@fbl&pn=PhonePe%20Cashback&am=19103&tn=Prize%20money%20credit,1,scam_collect,9,3,0,0,synthetic-v1
upi://pay?pa=9859349143@ybl&pn=ICICI%20Bank%20Support&am=5931&tn=verification,1,scam_impersonation,0,0,0,0,synthetic-v1
upi://pay?pa=iskcon.bangalore@icici&pn=TTD%20Donations&mc=8398,0,legit_temple,0,0,0,1,synthetic-v1
upi://pay?pa=farhan.patel@fbl&pn=Jio%20Prize%20Department&am=19115.56&tn=prize%20claim%20fee,1,scam_prize,0,0,0,0,synthetic-v1
upi://pay?pa=q232948673@ybl&pn=Metro%20Tailors&mc=5814,0,legit_merchant_static,1,0,0,0,synthetic-v1
upi://pay?pa=8482247210@kvb&pn=Asha%20Khan&am=351,1,legit_rare_handle,0,0,0,0,synthetic-v1
upi://pay?pa=arun12@apl&pn=Rohit%20Mishra&am=88000&tn=rent,0,legit_family_large,0,0,0,0,synthetic-v1
upi://pay?pa=9296655083@pnb&pn=Ayesha%20Verma&am=2000&tn=rent,0,legit_p2p,0,0,0,0,synthetic-v1
upi://pay?pa=paytmqr8310067067@paytm&pn=Om%20Sai%20Kirana&am=4625&mc=5942&tr=ORD441516029,0,legit_merchant_dynamic,1,1,1,0,synthetic-v1
upi://pay?pa=6713806194@sbi&pn=Rahul%20Singh&am=739.85&tn=gift,0,legit_p2p,0,0,0,0,synthetic-v1
upi://pay?pa=9712891962@ybl&pn=Lucky%20Draw%20Office&am=4499&tn=winner%20registration,1,scam_prize,22,19,0,0,synthetic-v1
upi://pay?pa=razorpay.2129071@icici&pn=Balaji%20Fancy%20Store&am=1189&mc=5732&tr=ORD572377744,0,legit_merchant_dynamic,0,0,0,0,synthetic-v1
upi://pay?pa=6456899644@icici&pn=Paytm%20KYC%20Team&am=6499&tn=Refund%20of%20Rs%206499,1,scam_refund_receive,0,0,0,0,synthetic-v1
upi://pay?pa=6772859639@okhdfcbank&pn=Nikhil%20Menon&am=25000,0,legit_p2p,0,0,0,0,synthetic-v1
upi://pay?pa=akshayapatra@axisbank&pn=Gurudwara%20Seva&mc=8398,0,legit_temple,0,0,0,0,synthetic-v1
upi://pya?pa=pay7967277@okaxis&pn=Amazon%20Refund%20Desk,1,scam_tampered_qr,0,0,0,0,synthetic-v1
upi://pay?pa=joseph.verma@icici&pn=Mega%20Prize%20Claim&am=10999&tn=lottery%20processing,1,scam_prize,0,0,0,0,synthetic-v1
upi://pay?pa=9823480681@sbi&pn=Neha%20Joshi&am=369&tn=groceries,0,legit_p2p,0,0,0,0,synthetic-v1
upi://pay?pa=phonepe.cashback37@upi&pn=Income%20Tax%20Department&am=9299&tn=offer,1,scam_fake_merchant,0,0,0,0,synthetic-v1
upi://pay?pa=hdfc.care@cmsidfc&pn=ICICI%20Bank%20Support&tn=offer,1,scam_fake_merchant,6,4,0,0,synthetic-v1
upi://collect?pa=upi86203286@okhdfcbank&pn=Customs%20Clearance%20Officer&am=14346&tn=Prize%20money%20credit,1,scam_collect,0,0,0,0,synthetic-v1
upi://collect?pa=30161766@oksbi&pn=BSF%20Officer%20Vijay&am=3976&tn=Receive%20payment%20from%20buyer,1,scam_collect,0,0,0,0,synthetic-v1
upi://pay?pa=lakshmishop@ibl&pn=Lakshmi%20Tiffin%20Centre&am=1000&tn=order,0,legit_small_shop,0,0,0,0,synthetic-v1
upi://pay?pa=lakshmi.reddy@okaxis&pn=Lakshmi%20Mishra&am=48890&tn=investment,1,scam_quiet,8,6,0,1,synthetic-v1
upi://pay?pa=q592962773@ybl&pn=Om%20Sai%20Kirana&mc=5499,0,legit_merchant_static,0,0,0,0,synthetic-v1
upi://pay?pa=7165053106@idfcbank&pn=Shreya%20Bose&am=2944.49,0,legit_p2p,0,0,0,0,synthetic-v1
upi://pay?pa=priya37@axisbank&pn=Priya%20Shetty&am=3507,0,legit_p2p,1,0,3,0,synthetic-v1
upi://pay?pa=icici.helpdesk86@cmsidfc&pn=SBI%20Refund%20Dept&tn=refund,1,scam_fake_merchant,9,6,0,0,synthetic-v1
upi://pay?pa=ganeshstore@okhdfcbank&pn=Ganesh%20Tea%20Stall&am=1000&tn=payment,0,legit_small_shop,0,0,0,0,synthetic-v1
upi://pay?pa=ommart71@okaxis&pn=Blue%20Star%20Salon&mc=4121,0,legit_merchant_static,0,0,0,0,synthetic-v1
upi://pay?pa=7151856943@yesbank&am=12440&tn=task%20payment,1,scam_quiet,4,1,0,0,synthetic-v1
upi://collect?pa=divya620216@okaxis&pn=HDFC%20Customer%20Care&am=14954.92&tn=Scan%20to%20receive%20your%20refund,1,scam_collect,0,0,0,0,synthetic-v1
upi://pay?pa=kavya169857@oksbi&pn=Electricity%20Board%20Officer&tn=whatsapp%208347089269,1,scam_link_in_note,8,6,0,0,synthetic-v1
upi://pay?pa=sneha.rao@hdfcbank&pn=Swati%20Sharma&am=1000&tn=dinner,0,legit_p2p,0,0,0,0,synthetic-v1
upi://pay?pa=user925538@axisbank&pn=TRAI%20Helpline&am=26000&tn=Refund%20processing%20-%20scan%20to%20get,1,scam_refund_receive,0,0,0,0,synthetic-v1
upi://pay?pa=6952513863@oksbi&pn=Kumar%20Xerox,1,legit_small_shop,0,0,0,0,synthetic-v1
upi://pay?pa=6872129128@oksbi&pn=TRAI%20Helpline&am=5705&tn=visit%20bit.ly%2F58881%20to%20claim,1,scam_link_in_note,7,1,0,0,synthetic-v1
upi://pay?pa=7147987070@pnb&am=39000.44&tn=electricity%20share,0,legit_p2p,0,0,0,0,synthetic-v1
upi://pay?pa=q654466324@ybl&pn=Kumar%20Auto%20Works&mc=5311,0,legit_merchant_static,0,0,0,0,synthetic-v1
upi://pay?pa=8746335374@hdfcbank&am=1988&tn=trip%20share,0,legit_p2p,3,1,1,0,synthetic-v1
upi://pay?pa=bescom.billdesk@hdfcbank&pn=BESCOM%20Bill%20Payment&am=7410&mc=9311&tr=TXN5192042081&tn=Consumer%20no%20121206,0,legit_biller,0,0,0,0,synthetic-v1
upi://pya?pa=acc48017322@dbs&pn=Amazon%20Refund%20Desk,1,scam_tampered_qr,0,0,0,0,synthetic-v1
upi://pay?pa=7696818649@okicici&pn=Shreya%20Mishra&am=4863&tn=rent,0,legit_p2p,0,0,0,0,synthetic-v1
upi://pay?pa=prakashrao879@axisbank&pn=Varun%20Joshi&tn=groceries,0,legit_p2p,0,0,0,0,synthetic-v1
upi://pay?pa=31011485@paytm&pn=PhonePe%20Cashback&tn=visit%20bit.ly%2F16638%20to%20claim,1,scam_link_in_note,0,0,0,0,synthetic-v1
upi://pay?pa=razorpay.5396703@icici&pn=Royal%20Fruits&am=10588&mc=5912&tr=ORD123142197&tn=Order%20payment,0,legit_merchant_dynamic,0,0,0,0,synthetic-v1
upi://pay?pa=rohitshetty652@okaxis&pn=Kavya%20Das&am=2313&tn=electricity%20share,0,legit_p2p,0,0,0,0,synthetic-v1
upi://pay?pa=rohit.das@sbi&pn=Prakash%20Gupta&am=4721&tn=rent,0,legit_p2p,0,0,0,0,synthetic-v1
upi://pay?pa=7410271591@apl&pn=Flipkart%20Refund%20Team&am=42000.51&tn=Enter%20PIN%20to%20receive%20money,1,scam_refund_receive,11,2,0,0,synthetic-v1
upi://pay?pa=7914344099@axl&pn=Om%20Paan%20Shop,0,legit_small_shop,0,0,0,0,synthetic-v1
upi://pay?pa=nehanair602@okhdfcbank&pn=Harish%20Sharma&am=4899.28&tn=rent,0,legit_p2p,0,0,0,0,synthetic-v1
upi://pay?pa=anjali.pillai@axisbank&pn=Gurpreet%20Mishra&am=3312&tn=chai,0,legit_p2p,0,0,0,0,synthetic-v1
upi://pay?pa=varun.mishra@okaxis&pn=Varun%20Rao&tn=trip%20share,0,legit_p2p,0,0,0,0,synthetic-v1
upi://pay?pa=q226395717@ybl&pn=Hotel%20Annapoorna,0,legit_merchant_static,2,0,3,0,synthetic-v1
upi://pay?pa=iskcon.bangalore@icici&pn=Gurudwara%20Seva&mc=8398,0,legit_temple,0,0,0,0,synthetic-v1
upi://pay?pa=lakshmi.gupta@upi&pn=Manoj%20Sharma&tn=electricity%20share,0,legit_p2p,0,0,0,0,synthetic-v1
upi://pay?pa=9123300743@axisbank&pn=TRAI%20Helpline&am=10997.71&tn=case%20closure,1,scam_impersonation,0,0,0,0,synthetic-v1
upi://pay?pa=anil.gowda@apl&pn=Priya%20Das&am=79000&tn=hospital%20bill,0,legit_family_large,0,0,0,0,synthetic-v1
upi://pay?pa=cf.hotel241@axisbank&pn=City%20Bakery&am=4621&mc=5912&tr=ORD699242548&tn=Order%20payment&sign=MEUCIQ66Z0589aceY5cdXc7c23,0,legit_merchant_dynamic,0,0,0,0,synthetic-v1
upi://pay?pa=lakshmistore@ibl&pn=Lakshmi%20Tiffin%20Centre&am=3303&tn=payment,0,legit_small_shop,0,0,0,0,synthetic-v1
upi://pay?pa=nikhiliyer503@icici&pn=Anjali%20Khan&am=82000&tn=rent,0,legit_family_large,0,0,0,0,synthetic-v1
upi://pay?pa=paytmqr8648890782@paytm&pn=Sri%20Lakshmi%20Medicals&mc=7538,0,legit_merchant_static,0,0,0,0,synthetic-v1
upi://pay?pa=bbmp.propertytax@sbi&pn=BBMP%20Property%20Tax&am=1335&mc=9311&tr=TXN4714303926&tn=Consumer%20no%204068845,0,legit_biller,0,0,0,0,synthetic-v1
upi://pay?pa=irctc.pay@hdfcbank&pn=Indian%20Railways%20IRCTC&am=10190&mc=9399&tr=TXN5856339914&tn=Property%20tax,0,legit_biller,0,0,0,0,synthetic-v1
upi://pay?pa=mary.kumar@apl&tn=loan%20return,0,legit_p2p,0,0,0,0,synthetic-v1
upi://pay?pa=q713437124@ybl&pn=Balaji%20Fancy%20Store&mc=5732&tn=Payment,0,legit_merchant_static,0,0,0,0,synthetic-v1
upi://pay?pa=user17771223@okaxis&pn=RBI%20Grievance%20Cell&tn=security%20deposit,1,scam_impersonation,5,4,0,1,synthetic-v1
upi://pay?pa=farhan67@dlb&pn=Rohit%20Rao,0,legit_rare_handle,0,0,0,0,synthetic-v1
upi://pay?pa=arjun.singh@cmsidfc&pn=Varun%20Pillai,0,legit_rare_handle,0,0,0,0,synthetic-v1
upi://pay?pa=sneha.gowda@okaxis&pn=Priya%20Mishra&tn=groceries,0,legit_p2p,0,0,0,0,synthetic-v1
upi://pay?pa=lic.premium@axisbank&pn=LIC%20Premium&am=7315.88&mc=9311&tr=TXN6993930763&tn=Consumer%20no%206819866,0,legit_biller,0,0,0,0,synthetic-v1
upi://pay?pa=asha21@rbl&pn=Lakshmi%20Patel&am=2882,0,legit_rare_handle,0,0,0,0,synthetic-v1
upi://pay?pa=mahalakshmistore@hdfcbank&pn=Mahalakshmi%20Stores&am=1943.24&tn=payment,0,legit_small_shop,0,0,0,0,synthetic-v1
upi://pay?pa=anil.sharma@okicici&pn=Anil%20Pillai&am=67000&tn=car%20emi,0,legit_family_large,0,0,0,0,synthetic-v1
upi://pay?pa=sneha900677@sbi&pn=Mega%20Prize%20Claim&am=15787.20&tn=GST%20on%20prize,1,scam_prize,0,0,0,0,synthetic-v1
upi://pay?pa=varun94@yesbank&pn=Prakash%20Menon&am=45000&tn=wedding,0,legit_family_large,0,0,0,0,synthetic-v1
upi://pay?pa=q776276581@ybl&pn=City%20Bakery&mc=5912&tn=Payment,0,legit_merchant_static,0,0,0,0,synthetic-v1
upi://pay?pa=mary.pillai@okicici&pn=Harish%20Bose&am=56000&tn=wedding,0,legit_family_large,0,0,0,0,synthetic-v1
upi://pay?pa=rohitbose918@okhdfcbank&pn=Nikhil%20Iyer,0,legit_p2p,0,0,0,0,synthetic-v1
upi://pay?pa=paytmqr3373372624@paytm&pn=Blue%20Star%20Salon&mc=7230,0,legit_merchant_static,0,0,0,0,synthetic-v1
upi://pay?pa=7568942168@fbl&pn=SBI%20KYC%20Cell&am=1199&tn=KYC%20verification,1,scam_kyc_fee,0,0,0,0,synthetic-v1
upi://pay?pa=8794436178@axl&pn=Kiran%20Menon&am=4000&tn=Get%20cashback%20now,1,scam_refund_receive,6,3,0,0,synthetic-v1
upi://pay?pa=7584719356@paytm&pn=Deepa%20Sharma&tn=tuition,0,legit_p2p,0,0,0,0,synthetic-v1
upi://pay?pa=ayesha.naik@ybl&pn=Ayesha%20Reddy,0,legit_p2p,0,0,1,0,synthetic-v1
upi://pay?pa=10252984@kvb&pn=Asha%20Nair&am=11799&tn=Enter%20PIN%20to%20receive%20money,1,scam_refund_receive,2,1,1,0,synthetic-v1
upi://pay?pa=kirangowda609@pnb&pn=Nikhil%20Mishra,0,legit_p2p,0,0,0,0,synthetic-v1
upi://pay?pa=lic.premium@axisbank&pn=LIC%20Premium&am=7134&mc=4112&tr=TXN4165135330&tn=Bill%20payment,0,legit_biller,0,0,0,0,synthetic-v1
upi://pay?pa=6536827102@oksbi&pn=ICICI%20Bank%20Support&am=7716&tn=call%208581401153%20for%20refund,1,scam_link_in_note,0,0,0,0,synthetic-v1
upi://pay?pa=bharatpe.40610202@fbpe&pn=Green%20Leaf%20Veg&mc=5499,0,legit_merchant_static,0,0,0,0,synthetic-v1
upi://pay?pa=bharatpe.19911694@fbpe&pn=Sri%20Lakshmi%20Medicals&mc=5411,0,legit_merchant_static,0,0,0,0,synthetic-v1
upi://pay?pa=9807089216@kotak&pn=Nikhil%20Gupta&am=42000.17&tn=house%20deposit,0,legit_family_large,0,0,0,0,synthetic-v1
upi://pay?pa=7125654711@barodampay&pn=Sai%20Vegetables,0,legit_small_shop,1,0,1,0,synthetic-v1
upi://pay?pa=pooja.singh@idfcbank&pn=PhonePe%20Cashback&am=2999.82,1,scam_impersonation,0,0,0,0,synthetic-v1
upi://pay?pa=9218763575@okaxis&pn=Kiran%20Naik&am=4501,0,legit_p2p,0,0,0,0,synthetic-v1
upi://pay?pa=q336201778@ybl&pn=Anand%20Sweets&mc=5732,0,legit_merchant_static,0,0,0,0,synthetic-v1
upi://pay?pa=6201967457@upi&pn=Anna%20Idli%20Stall&am=500&tn=bill,0,legit_small_shop,0,0,1,0,synthetic-v1
upi://pay?pa=arun.kumar@hdfcbank&pn=Anil%20Nair,0,legit_p2p,0,0,0,0,synthetic-v1
upi://pay?pa=manojnaik634@ybl&pn=Sunita%20Iyer&am=33278&tn=car%20emi,0,legit_family_large,0,0,0,0,synthetic-v1
upi://pay?pa=upi62323506@kvb&pn=Paytm%20KYC%20Team&am=1535&tn=Re-activation%20charges,1,scam_kyc_fee,6,6,1,0,synthetic-v1
upi://pay?pa=joseph38@idfcbank&pn=Rahul%20Gupta&am=39775.41&tn=trading%20profit,1,scam_quiet,0,0,0,0,synthetic-v1
upi://pay?pa=9938915355@barodampay&pn=HDFC%20Customer%20Care&am=10999&tn=case%20closure,1,scam_impersonation,0,0,0,0,synthetic-v1
upi://pay?pa=pinelabs.636866@hdfcbank&pn=Om%20Sai%20Kirana&am=12969.29&mc=5812&tr=ORD41705392&tn=Invoice%205874,0,legit_merchant_dynamic,0,0,0,0,synthetic-v1
upi://pay?pa=metroshop31@okaxis&pn=City%20Bakery&mc=5411,0,legit_merchant_static,0,0,0,0,synthetic-v1
upi://pay?pa=anil.naik@apl&pn=SBI%20KYC%20Cell&am=2399.33&tn=PAN%20link%20fee,1,scam_kyc_fee,7,5,0,0,synthetic-v1
upi://pay?pa=rahul.sharma@paytm&pn=SBI%20KYC%20Cell&am=699&tn=KYC%20verification,1,scam_kyc_fee,0,0,0,0,synthetic-v1
upi://pay?pa=farhan.naik@dbs&pn=Income%20Tax%20Department&am=9199.21&tn=security%20deposit,1,scam_impersonation,0,0,0,0,synthetic-v1
upi://pay?pa=sneha.patel@upi&pn=Divya%20Rao&am=32000&tn=rent,0,legit_family_large,0,0,0,0,synthetic-v1
upi://pay?pa=tirumala.donations@sbi&pn=CRY%20Donations&mc=8398&am=671,0,legit_temple,0,0,0,0,synthetic-v1
upi://pay?pa=anil.gowda@icici&pn=Prakash%20Gupta&am=34476,1,scam_quiet,5,4,0,0,synthetic-v1
upi://pay?pa=phonepe.cashback28@tjsb&pn=Amazon%20Refund%20Desk&mc=0000&am=8779&tn=refund,0,scam_fake_merchant,0,0,0,0,synthetic-v1
upi://pay?pa=8841613261@fbl&pn=Anjali%20Sharma&tn=gift,0,legit_p2p,0,0,1,0,synthetic-v1
upi://pay?pa=9791987122@okicici&pn=Lucky%20Draw%20Office&am=13894&tn=winner%20registration,1,scam_prize,0,0,0,0,synthetic-v1
upi://pay?pa=deepa.iyer@icici&pn=Pooja%20Nair&am=736&tn=Account%20unblock%20fee,1,scam_kyc_fee,0,0,0,0,synthetic-v1
upi://pay?pa=user45821073@ibl&pn=Police%20Cyber%20Cell&am=21784&tn=security%20deposit,1,scam_impersonation,9,6,0,1,synthetic-v1
upi://pay?pa=q446927037@ybl&pn=Kumar%20Auto%20Works,0,legit_merchant_static,0,0,0,0,synthetic-v1
upi://pay?pa=sai656@apl&pn=Sai%20Vegetables&tn=order,0,legit_small_shop,0,0,0,0,synthetic-v1
upi://pay?pa=rohit@fbl&pn=Kumar%20Xerox&am=4410&tn=bill,0,legit_small_shop,1,0,2,0,synthetic-v1
upi://pay?pa=q670110047@ybl&pn=Green%20Leaf%20Veg&mc=5812,0,legit_merchant_static,0,0,0,0,synthetic-v1
upi://pay?pa=manojshetty464@yesbank&pn=Meera%20Rao&tn=chai,0,legit_p2p,0,0,0,0,synthetic-v1
upi://pay?pa=pinelabs.794751@hdfcbank&pn=Balaji%20Fancy%20Store&am=1121&mc=5912&tr=ORD694613867&tn=Bill,0,legit_merchant_dynamic,0,0,0,0,synthetic-v1
upi://pay?pa=nikhil740831@barodampay&pn=Sanjay%20Gupta&am=34743&tn=task%20payment,1,scam_quiet,1,1,0,0,synthetic-v1
upi://pay?pa=q940765794@ybl&pn=Green%20Leaf%20Veg&mc=5814,0,legit_merchant_static,0,0,0,0,synthetic-v1
upi://collect?pa=deepa192542@upi&pn=SBI%20Refund%20Dept&am=17866,1,scam_collect,7,7,0,0,synthetic-v1
upi://pay?pa=paytmqr7406839281@paytm&pn=Kumar%20Auto%20Works&mc=4121,0,legit_merchant_static,0,0,0,0,synthetic-v1
upi://pay?pa=9557581869@okhdfcbank&pn=Amazon%20Lucky%20Winner&am=16631&tn=lottery%20processing,1,scam_prize,0,0,0,0,synthetic-v1
upi://pay?pa=bharatpe.82681473@fbpe&pn=City%20Bakery,0,legit_merchant_static,0,0,0,0,synthetic-v1
upi://pay?pa=upi51552494@okaxis&pn=Bank%20KYC%20Update&am=2599&tn=Re-activation%20charges,1,scam_kyc_fee,0,0,0,0,synthetic-v1
upi://pay?pa=8718769123@yesbank&pn=Income%20Tax%20Department&am=3210.91&pa=arun.singh@kvb,1,scam_tampered_qr,2,1,0,0,synthetic-v1
upi://pay?pa=upi89193720@sbi&pn=SBI%20KYC%20Cell&am=1860&tn=Re-activation%20charges,1,scam_kyc_fee,3,1,1,0,synthetic-v1
upi://pay?pa=pinelabs.259059@hdfcbank&pn=Balaji%20Fancy%20Store&am=10946.87&mc=5311&tr=ORD746016637&tn=Invoice%209232,0,legit_merchant_dynamic,0,0,1,0,synthetic-v1
upi://pay?pa=nikhil90@axl&pn=Arun%20Iyer&tn=movie,0,legit_p2p,0,0,0,0,synthetic-v1
upi://pay?pa=9799984556@fbl&pn=Customs%20Clearance%20Officer&am=12000.15&tn=Scan%20to%20receive%20your%20refund,1,scam_refund_receive,0,0,0,0,synthetic-v1
upi://pay?pa=8559746339@dbs&pn=Amazon%20Refund%20Desk&am=1633&tn=whatsapp%207961176144,1,scam_link_in_note,0,0,0,0,synthetic-v1
upi://pay?pa=harish.bose@axisbank&pn=Mary%20Nair&am=84000&tn=hospital%20bill,0,legit_family_large,1,0,2,0,synthetic-v1
upi://pay?pa=q664635070@ybl&pn=Sharma%20General%20Store&mc=5814,0,legit_merchant_static,0,0,0,0,synthetic-v1
upi://pay?pa=bharatpe.15397611@fbpe&pn=Blue%20Star%20Salon&mc=5812,0,legit_merchant_static,0,0,0,0,synthetic-v1
upi://pay?pa=9701819358@pnb&pn=Indian%20Army%20Canteen&am=6737&tn=verification%20amount,1,scam_olx_army,3,1,0,0,synthetic-v1
upi://pay?pa=pay98141195@yesbank&pn=Amazon%20Refund%20Desk&am=33582&tn=Cashback%20credited%20on%20scan,1,scam_refund_receive,0,0,0,0,synthetic-v1
upi://pay?pa=manoj.iyer@okicici&am=4000&tn=electricity%20share,0,legit_p2p,0,0,0,0,synthetic-v1
upi://pay?pa=joseph25@oksbi&pn=Pooja%20Das&am=29817&tn=college%20fees,0,legit_family_large,0,0,0,0,synthetic-v1
upi://pay?pa=sneha676912@paytm&am=32959&tn=please%20send%20fast,1,scam_quiet,17,16,0,0,synthetic-v1
upi://pay?pa=paytm.kyc@oksbi&pn=SBI%20Refund%20Dept&mc=0000&am=8399&tn=cashback,1,scam_fake_merchant,0,0,0,0,synthetic-v1
upi://pay?pa=q848699110@ybl&pn=Sri%20Lakshmi%20Medicals,1,legit_merchant_static,0,0,0,0,synthetic-v1
upi://pay?pa=28748720@axl&pn=Manoj%20Rao&am=699&tn=Account%20unblock%20fee,1,scam_kyc_fee,5,2,0,0,synthetic-v1
upi://pay?pa=pooja.pillai@ibl&pn=Army%20Officer%20Rakesh&am=29876&tn=security%20deposit,1,scam_olx_army,0,0,0,1,synthetic-v1
upi://pay?pa=nikhilreddy840@ibl&pn=Rohit%20Joshi&am=2000.81,0,legit_p2p,0,0,0,0,synthetic-v1
upi://pay?pa=sureshiyer148@sbi&pn=Rohit%20Das&am=2600&tn=birthday%20gift,0,legit_p2p,0,0,0,0,synthetic-v1
upi://pay?pa=paytmqr6447151692@paytm&pn=Green%20Leaf%20Veg&mc=5732,0,legit_merchant_static,0,0,0,0,synthetic-v1
upi://collect?pa=divya103657@barodampay&pn=Army%20Officer%20Rakesh&am=9530&tn=Refund%20of%20Rs%205000,1,scam_collect,0,0,0,0,synthetic-v1
upi://pay?pa=9533518383@ibl&pn=Shreya%20Patel&tn=petrol,0,legit_p2p,0,0,0,0,synthetic-v1
upi://pay?pa=iskcon.bangalore@icici&pn=TTD%20Donations&mc=8398,0,legit_temple,0,0,0,0,synthetic-v1
upi://pay?pa=9856514254@jupiteraxis&pn=Nikhil%20Das&am=2333,0,legit_rare_handle,0,0,0,0,synthetic-v1
upi://pay?pa=gpay.reward@cmsidfc&pn=TRAI%20Helpline&tn=offer,1,scam_fake_merchant,1,0,0,0,synthetic-v1
upi://pay?pa=phonepe.cashback@kvb&pn=Electricity%20Board%20Officer&am=4839,1,scam_fake_merchant,20,15,0,1,synthetic-v1
upi://pay?pn=Shop&x=arjun.verma@ybl&pn=Janata%20Hardware,1,scam_tampered_qr,0,0,0,0,synthetic-v1
upi://pay?pa=9378990912@ibl&pn=Shreya%20Verma&tn=fees,0,legit_p2p,0,0,0,0,synthetic-v1
upi://pay?pa=pay11626812@okhdfcbank&pn=ICICI%20Bank%20Support&tn=verification,1,scam_impersonation,3,2,0,0,synthetic-v1
upi://pay?pa=8445089419@barodampay&pn=SBI%20KYC%20Cell&am=599&tn=Re-activation%20charges,1,scam_kyc_fee,0,0,0,0,synthetic-v1
upi://collect?pa=user94058275@okhdfcbank&pn=Govt%20Subsidy%20Office&am=13887.26&tn=Refund%20processing%20-%20scan%20to%20get,1,scam_collect,9,8,0,0,synthetic-v1
upi://mandate?pa=suresh.shetty@pnb&pn=Anjali%20Mishra&am=9099&recur=WEEKLY&tn=subscription,1,scam_autopay,5,2,0,0,synthetic-v1
upi://pay?pa=6418957020@icici&pn=SBI%20Refund%20Dept&am=17945&tn=case%20closure,1,scam_impersonation,0,0,0,0,synthetic-v1
upi://pay?pa=9768954697@kvb&pn=Mega%20Prize%20Claim&am=24899&tn=tax%20on%20winning,1,scam_prize,0,0,0,0,synthetic-v1
upi://pay?pa=upi98685908@upi&pn=PhonePe%20Cashback&tn=details%20http%3A%2F%2Fkyc-522.xyz,1,scam_link_in_note,0,0,0,0,synthetic-v1
upi://pay?pa=snehareddy41@barodampay&pn=Shreya%20Rao&am=4760&tn=trip%20share,0,legit_p2p,0,0,0,0,synthetic-v1
upi://pay?pa=cf.sharma43@axisbank&pn=Janata%20Hardware&am=7293&mc=5311&tr=ORD368175974,0,legit_merchant_dynamic,2,0,3,0,synthetic-v1
upi://pay?pa=snehashetty73@tjsb&pn=Rahul%20Rao&am=1979.94,0,legit_rare_handle,0,0,0,0,synthetic-v1
upi://collect?pa=8794230191@pnb&pn=Army%20Officer%20Rakesh&am=15796&tn=army%20canteen,1,scam_olx_army,0,0,0,0,synthetic-v1
upi://pay?pn=Shop&x=6270984905@barodampay&pn=Electricity%20Board%20Officer&am=7113,1,scam_tampered_qr,0,0,0,0,synthetic-v1
upi://pay?pa=kiran.iyer@paytm&pn=Paytm%20KYC%20Team&am=12000.19&tn=Refund%20of%20Rs%2012000.19,1,scam_refund_receive,0,0,0,0,synthetic-v1
upi://pay?pa=ayesha283@sbi&pn=ABC%20Store&am=300,0,legit_small_shop,0,0,0,0,synthetic-v1
upi://pay?pa=rohit.patel@yesbank&pn=Mary%20Reddy&am=344&tn=birthday%20gift,0,legit_p2p,0,0,0,0,synthetic-v1
upi://pay?pa=bluemart24@okaxis&pn=Royal%20Fruits,0,legit_merchant_static,0,0,0,0,synthetic-v1
upi://pay?pa=8178237228@pnb&tn=electricity%20share,0,legit_p2p,0,0,0,0,synthetic-v1
upi://pay?pa=harish.verma@yesbank&pn=Ayesha%20Rao&am=76000&tn=house%20deposit,0,legit_family_large,0,0,0,0,synthetic-v1
upi://pay?pa=akshayapatra@axisbank&pn=Akshaya%20Patra,0,legit_temple,0,0,0,0,synthetic-v1
upi://pay?pa=newstall@okicici&pn=New%20Style%20Tailors&am=1000,0,legit_small_shop,0,0,0,0,synthetic-v1
upi://pay?pa=iskcon.bangalore@icici&pn=CRY%20Donations&am=2921,0,legit_temple,0,0,0,0,synthetic-v1
upi://pay?pa=phonepe.cashback@ibl&pn=HDFC%20Customer%20Care&tn=refund,1,scam_fake_merchant,5,1,0,0,synthetic-v1
upi://collect?pa=fatima.verma@rbl&pn=Indian%20Army%20Canteen&am=26494&tn=refundable%20deposit,0,scam_olx_army,14,2,0,0,synthetic-v1
upi://pay?pa=pooja77@sbi&pn=Suresh%20Sharma&am=90.64&tn=trip%20share,0,legit_p2p,0,0,0,0,synthetic-v1
upi://pay?pa=paytmqr3188374548@paytm&pn=Raj%20Mobile%20Point&am=8521&mc=4121&tr=ORD281895907,0,legit_merchant_dynamic,0,0,0,0,synthetic-v1
upi://pay?pa=paytmqr8441798208@paytm&pn=Om%20Sai%20Kirana&mc=5311,0,legit_merchant_static,0,0,0,0,synthetic-v1
upi://pay?pa=kumarstore78@okaxis&pn=City%20Bakery&mc=5812,0,legit_merchant_static,1,0,2,0,synthetic-v1
upi://pay?pa=mary547482@apl&pn=Electricity%20Board%20Officer&tn=visit%20bit.ly%2F67491%20to%20claim,1,scam_link_in_note,8,4,0,0,synthetic-v1
upi://pay?pa=fatima47633@axisbank&pn=BSF%20Officer%20Vijay&am=29000.93&tn=advance%20for%20item,1,scam_olx_army,3,1,0,0,synthetic-v1
upi://pay?pa=arun527651@okhdfcbank&pn=HDFC%20Customer%20Care&am=20908&tn=Enter%20PIN%20to%20receive%20money,1,scam_refund_receive,4,3,0,0,synthetic-v1
upi://pay?pa=72304398@pnb&pn=Jio%20Prize%20Department&am=23878.87&tn=winner%20registration,1,scam_prize,0,0,0,0,synthetic-v1
upi://pay?pa=akshayapatra@axisbank&pn=TTD%20Donations&mc=8398,0,legit_temple,0,0,0,0,synthetic-v1
upi://pay?pa=bharatpe.68922331@fbpe&pn=Sri%20Lakshmi%20Medicals,0,legit_merchant_static,0,0,0,0,synthetic-v1
upi://pay?pa=sanjay.khan@fbl&pn=Pooja%20Joshi&am=57000.76&tn=college%20fees,0,legit_family_large,0,0,0,0,synthetic-v1
upi://pay?pa=9601489915@icici&pn=Bank%20KYC%20Update&am=2098&tn=Account%20unblock%20fee,1,scam_kyc_fee,0,0,0,1,synthetic-v1
upi://pay?pa=q463898350@ybl&pn=Hotel%20Annapoorna&mc=5814,0,legit_merchant_static,0,0,0,0,synthetic-v1
upi://pay?pa=6937805997@okhdfcbank&pn=Om%20Paan%20Shop&tn=payment,0,legit_small_shop,1,0,2,0,synthetic-v1
upi://pay?pa=arun.sharma@pnb&pn=Sunita%20Kumar&am=385&tn=rent,0,legit_p2p,0,0,0,0,synthetic-v1
upi://pay?pa=meerabose771@okaxis&am=2469,0,legit_p2p,0,0,0,0,synthetic-v1
upi://pay?pa=cf.fresh37@axisbank&pn=Kumar%20Auto%20Works&am=9258&mc=5331&tr=ORD17795487&tn=Order%20payment,0,legit_merchant_dynamic,0,0,0,0,synthetic-v1
upi://pay?pa=94752085@axl&pn=Paytm%20KYC%20Team&am=31378&tn=Scan%20to%20receive%20your%20refund,1,scam_refund_receive,3,1,0,0,synthetic-v1
upi://mandate?pa=6525160597@apl&pn=Electricity%20Board&am=3899.46&recur=MONTHLY&tn=KYC,1,scam_autopay,7,1,0,0,synthetic-v1
upi://pay?pa=upi21442067@hdfcbank&pn=Army%20Officer%20Rakesh&am=7000&tn=verification%20amount,1,scam_olx_army,0,0,0,0,synthetic-v1
upi://pay?pa=pinelabs.128730@hdfcbank&pn=Sri%20Lakshmi%20Medicals&am=16563&mc=5942&tr=ORD425065473,0,legit_merchant_dynamic,0,0,0,0,synthetic-v1
upi://pay?pa=cf.janata160@axisbank&pn=Anand%20Sweets&am=9012&mc=7230&tr=ORD537484653&tn=Invoice%204450,0,legit_merchant_dynamic,0,0,0,0,synthetic-v1
upi//pay?pa=acc71285822@ibl&pn=Blue%20Star%20Salon,1,scam_tampered_qr,0,0,0,0,synthetic-v1
upi://pay?pa=8259010541@axisbank&pn=CRPF%20Jawan%20Sunil&am=15695&tn=advance%20for%20item,1,scam_olx_army,5,5,0,0,synthetic-v1
upi://pay?pa=8182970828@ybl&pn=Govt%20Subsidy%20Office&am=17356.69&tn=Get%20cashback%20now,1,scam_refund_receive,0,0,0,0,synthetic-v1
upi://pay?pa=gurpreet87@okaxis&pn=Joseph%20Menon&am=87000.69&tn=college%20fees,0,legit_family_large,1,0,3,0,synthetic-v1
upi://pay?pa=nikhilsingh18@oksbi&pn=Fatima%20Mishra&tn=rent,0,legit_p2p,0,0,0,0,synthetic-v1
upi://collect?pa=6295042909@hdfcbank&pn=Indian%20Army%20Canteen&am=8000&tn=army%20canteen,1,scam_olx_army,14,5,0,0,synthetic-v1
upi://pay?pa=7766530214@@rbl&pn=Green%20Leaf%20Veg,1,scam_tampered_qr,5,2,0,0,synthetic-v1
upi://pay?pa=7506063494@axisbank&pn=Joseph%20Gowda&am=742.44&tn=KYC%20update%20charge,1,scam_kyc_fee,0,0,0,0,synthetic-v1
upi://pay?pa=kavyajoshi939@yesbank&pn=Anil%20Gupta&am=1938&tn=rent,0,legit_p2p,0,0,0,0,synthetic-v1
upi://pay?pa=neha68@oksbi&pn=Kavya%20Bose&am=2000&tn=dinner,0,legit_p2p,2,0,3,0,synthetic-v1
upi://pay?pa=poojareddy653@okhdfcbank&pn=Harish%20Sharma&am=15000&tn=car%20emi,0,legit_family_large,0,0,0,0,synthetic-v1
upi://pay?pa=bbmp.propertytax@sbi&pn=BBMP%20Property%20Tax&am=14196.33&mc=9311&tr=TXN3149189694&tn=Bill%20payment,0,legit_biller,0,0,1,0,synthetic-v1
upi://pay?pa=blueshop65@okaxis&pn=Balaji%20Fancy%20Store&mc=5499,0,legit_merchant_static,0,0,0,0,synthetic-v1
upi://pay?pa=9699877257@hdfcbank&pn=Sai%20Vegetables&am=1000,0,legit_small_shop,0,0,0,0,synthetic-v1
upi://pay?pa=ashasharma569@upi&pn=Harish%20Joshi&am=4163&tn=trip%20share,0,legit_p2p,0,0,0,0,synthetic-v1
upi://pay?pa=q240643086@ybl&pn=Om%20Sai%20Kirana&mc=5499,0,legit_merchant_static,0,0,0,0,synthetic-v1
upi://pay?pa=rahul.shetty@paytm&pn=Arjun%20Gupta&am=52000&tn=rent,0,legit_family_large,0,0,0,0,synthetic-v1
upi://pay?pa=sneha560636@paytm&pn=SBI%20KYC%20Cell&am=33&tn=PAN%20link%20fee,1,scam_kyc_fee,12,4,0,0,synthetic-v1
upi://pay?pa=6960544882@pnb&pn=Krishna%20Bakery&am=200,0,legit_small_shop,0,0,0,0,synthetic-v1
upi://pay?pa=7900844426@sbi&pn=New%20Style%20Tailors&tn=bill,0,legit_small_shop,0,0,0,0,synthetic-v1
upi://pay?pa=bharatpe.15775239@fbpe&pn=City%20Bakery&mc=5311,0,legit_merchant_static,0,0,0,0,synthetic-v1
upi://pay?pa=sneha.shetty@icici&pn=Sanjay%20Reddy&am=57&tn=birthday%20gift,0,legit_p2p,0,0,0,0,synthetic-v1
upi://pay?pa=6561016737@okhdfcbank&pn=Harish%20Bose&tn=chai,0,legit_p2p,0,0,0,0,synthetic-v1
upi://pay?pa=8960485938@fbl&pn=Income%20Tax%20Department&am=13299&tn=pending%20bill,1,scam_impersonation,0,0,0,0,synthetic-v1
upi://pay?pa=9809542796@idfcbank&pn=Sai%20Vegetables&am=200&tn=order,0,legit_small_shop,0,0,0,1,synthetic-v1
upi://pay?pa=sureshkumar994@okhdfcbank&pn=Divya%20Sharma&tn=tuition,0,legit_p2p,0,0,0,0,synthetic-v1
upi://mandate?pa=divya179604@kotak&pn=Deepa%20Singh&am=3445&recur=WEEKLY&tn=KYC,1,scam_autopay,2,1,0,0,synthetic-v1
upi://pay?pa=9218822817@apl&pn=Army%20Officer%20Rakesh&am=16155&tn=advance%20for%20item,1,scam_olx_army,0,0,0,0,synthetic-v1
upi://pay?pa=pay77918599@apl&pn=HDFC%20Customer%20Care&am=7328&tn=pending%20bill,0,scam_impersonation,0,0,0,0,synthetic-v1
upi://pay?pa=9528329827@icici&pn=SBI%20KYC%20Cell&am=1445&tn=Account%20unblock%20fee,1,scam_kyc_fee,0,0,0,0,synthetic-v1
upi://pay?pa=acc27419693@rbl&pn=Bank%20KYC%20Update&am=299.58&tn=KYC%20verification,1,scam_kyc_fee,15,9,0,0,synthetic-v1
upi://pay?pa=arun.kumar@oksbi&pn=Prakash%20Shetty&tn=petrol,0,legit_p2p,0,0,0,0,synthetic-v1
upi://pay?pa=7474326411@apl&pn=Bank%20KYC%20Update&am=99&tn=KYC%20update%20charge,0,scam_kyc_fee,5,3,0,0,synthetic-v1
upi://pay?pa=acc43323383@oksbi&pn=RBI%20Grievance%20Cell&tn=verification,1,scam_impersonation,0,0,0,0,synthetic-v1
upi://pay?pa=9580821671@ybl&pn=Priya%20Shetty&am=4000,0,legit_p2p,0,0,0,0,synthetic-v1
upi://pay?pa=q748450443@ybl&pn=City%20Bakery&mc=5814&tn=Payment,0,legit_merchant_static,0,0,0,0,synthetic-v1
upi://pay?pa=waterboard.collect@icici&pn=Municipal%20Water%20Board&am=343.33&mc=9399&tr=TXN4491291656&tn=Property%20tax,0,legit_biller,0,0,0,0,synthetic-v1
upi://pay?pa=pay62170376@pnb&pn=Amazon%20Lucky%20Winner&am=12799&tn=winner%20registration,1,scam_prize,0,0,0,0,synthetic-v1
upi://pay?pa=razorpay.6040259@icici&pn=Sharma%20General%20Store&am=2684&mc=5331&tr=ORD762499294,0,legit_merchant_dynamic,0,0,0,0,synthetic-v1
upi://pay?pa=divyapatel971@rbl&pn=Rohit%20Gowda&am=719,0,legit_rare_handle,0,0,0,0,synthetic-v1
upi://pay?pa=anilrao578@axisbank&pn=Sunita%20Naik&am=3374,0,legit_p2p,0,0,0,0,synthetic-v1
upi://pay?pa=8230459843@kotak&pn=BSF%20Officer%20Vijay&am=8686.89&tn=army%20canteen,1,scam_olx_army,0,0,0,0,synthetic-v1
upi://pay?pa=sbi.kyc.update@oksbi&pn=Police%20Cyber%20Cell&am=8299&tn=offer,1,scam_fake_merchant,0,0,0,0,synthetic-v1
upi://pay?pa=bescom.billdesk@hdfcbank&pn=BESCOM%20Bill%20Payment&am=3693.87&mc=6300&tr=TXN9740607413&tn=Property%20tax,0,legit_biller,0,0,0,0,synthetic-v1
upi://pay?pa=anil.naik@idfcbank&pn=Anjali%20Mishra&am=1000.02,0,legit_p2p,0,0,0,0,synthetic-v1
upi://pay?pa=8317621788@barodampay&pn=KBC%20Lottery%20Winner&am=23099.47&tn=winner%20registration,1,scam_prize,12,1,0,0,synthetic-v1
upi://pay?pa=varun.joshi@oksbi&pn=Arun%20Rao&am=43566&tn=urgent,1,scam_quiet,0,0,0,0,synthetic-v1
upi://pay?pa=rahul.kumar@icici&pn=SBI%20KYC%20Cell&am=2999&tn=Re-activation%20charges,1,scam_kyc_fee,2,2,0,0,synthetic-v1
upi://pay?pa=paytmqr3097096417@paytm&pn=Sri%20Lakshmi%20Medicals&mc=5812,0,legit_merchant_static,1,0,3,0,synthetic-v1
upi://pay?pa=deepa.mishra@kotak&pn=Arun%20Khan&am=23000,0,legit_p2p,0,0,0,0,synthetic-v1
upi://pay?pa=joseph.nair@axisbank&pn=Ravi%20Iyer&am=2866,0,legit_p2p,0,0,0,0,synthetic-v1
upi://pay?pa=ravikhan432@upi&pn=Ravi%20Singh&tn=loan%20return,0,legit_p2p,0,0,0,0,synthetic-v1
upi://pay?pa=deepaiyer510@icici&am=1752.30&tn=dinner,1,legit_p2p,0,0,0,0,synthetic-v1
upi://pay?pa=bescom.billdesk@hdfcbank&pn=BESCOM%20Bill%20Payment&am=14983&mc=6300&tr=TXN3621624808&tn=Bill%20payment,0,legit_biller,0,0,0,0,synthetic-v1
upi://pay?pa=cf.royal350@axisbank&pn=Metro%20Tailors&am=1211.97&mc=5732&tr=ORD16724256&tn=Bill,0,legit_merchant_dynamic,0,0,0,0,synthetic-v1
upi://pay?pa=sanjay22@axl&pn=Lakshmi%20Kumar&am=64000&tn=hospital%20bill,0,legit_family_large,0,0,0,0,synthetic-v1
upi://pay?pa=shiva@okaxis&pn=Shiva%20Flowers&tn=payment,0,legit_small_shop,0,0,0,0,synthetic-v1
upi://pay?pa=7937640911@idfcbank&am=3305.53&tn=maid%20salary,0,legit_p2p,0,0,0,0,synthetic-v1
upi://pay?pa=q977683311@ybl&pn=Blue%20Star%20Salon&tn=Payment,0,legit_merchant_static,0,0,0,0,synthetic-v1
upi://pay?pa=swati@apl&am=7688,0,legit_small_shop,0,0,0,0,synthetic-v1
upi://pay?pa=kavya.khan@okhdfcbank&pn=Gurpreet%20Naik&am=14000&tn=investment,1,scam_quiet,9,7,0,0,synthetic-v1
upi://pay?pa=fatimasingh721@ybl&pn=Mary%20Shetty&tn=movie,0,legit_p2p,1,0,0,0,synthetic-v1
upi://pay?pa=8598485742@ibl&pn=Fatima%20Khan&am=49000.99&tn=hospital%20bill,0,legit_family_large,0,0,1,0,synthetic-v1
upi://pay?pa=anil.verma@pnb&pn=Pooja%20Singh&am=2000,0,legit_p2p,2,0,2,0,synthetic-v1
upi://pay?pa=8257687753@oksbi&pn=City%20Laundry,0,legit_small_shop,0,0,0,0,synthetic-v1
upi://pay?pa=greenmart92@okaxis&pn=Anand%20Sweets&mc=5942,0,legit_merchant_static,0,0,0,0,synthetic-v1
upi://pay?pa=7297336866@okicici&pn=Varun%20Mishra&tn=dinner,0,legit_p2p,0,0,0,0,synthetic-v1
upi://pay?pa=suresh.naik@ibl&pn=Kavya%20Pillai&am=12000&tn=rent,0,legit_family_large,0,0,0,0,synthetic-v1
upi://pay?pa=user57931756@okaxis&pn=Jio%20Prize%20Department&am=2499.53&tn=winner%20registration,1,scam_prize,1,0,0,0,synthetic-v1
upi://pay?pa=8492409987@ibl&pn=Joseph%20Patel&am=4046,0,legit_p2p,0,0,0,0,synthetic-v1
upi://collect?pa=pay83852704@kvb&pn=RBI%20Grievance%20Cell&am=18505&tn=Refund%20of%20Rs%205000,1,scam_collect,3,1,0,0,synthetic-v1
upi://pay?pa=kavya.mishra@icici&pn=Lakshmi%20Das&am=53000&tn=hospital%20bill,0,legit_family_large,0,0,1,0,synthetic-v1
upi://pay?pa=tirumala.donations@sbi&pn=Gurudwara%20Seva&mc=8398,0,legit_temple,0,0,0,0,synthetic-v1
upi://pay?pa=7774259433@oksbi&pn=Divya%20Naik&tn=tuition,0,legit_p2p,1,0,1,0,synthetic-v1
upi://pay?pa=sai@apl&pn=Sai%20Vegetables&tn=order,0,legit_small_shop,0,0,0,0,synthetic-v1
upi://pay?pa=paytmqr1715359668@paytm&pn=City%20Bakery,0,legit_merchant_static,0,0,0,0,synthetic-v1
upi://pay?pa=paytmqr5824534858@paytm&pn=Green%20Leaf%20Veg&am=9164&mc=7538&tr=ORD643248433&tn=Invoice%207593,0,legit_merchant_dynamic,0,0,0,0,synthetic-v1
upi://pay?pa=paytmqr9026070582@paytm&pn=City%20Bakery&am=3793&mc=5814&tr=ORD610283272&sign=MEUCIQ562178XdYfZ6baeZZ7Y1,0,legit_merchant_dynamic,0,0,0,0,synthetic-v1
upi://pay?pa=8872518970@okhdfcbank&pn=Rahul%20Iyer,0,legit_p2p,0,0,0,0,synthetic-v1
upi://pay?pa=anil.shetty@fbl&pn=Paytm%20KYC%20Team&am=1099.42&tn=PAN%20link%20fee,1,scam_kyc_fee,13,3,0,0,synthetic-v1
upi://mandate?pa=sneha697911@paytm&pn=Ravi%20Menon&am=6588&recur=DAILY&tn=verify%20account,1,scam_autopay,12,6,0,0,synthetic-v1
upi://pay?pa=swati.das@kotak&pn=Fatima%20Verma&am=24000&tn=house%20deposit,0,legit_family_large,0,0,0,0,synthetic-v1
upi://collect?pa=upi53963577@ybl&pn=PhonePe%20Cashback&am=11522,1,scam_collect,0,0,0,0,synthetic-v1
upi://pay?pa=bharatpe.40991132@fbpe&pn=Metro%20Tailors&mc=5311&tn=Payment,0,legit_merchant_static,0,0,0,0,synthetic-v1
upi://pay?pa=7527584147@okaxis&pn=Lakshmi%20Verma&tn=fees,1,legit_p2p,0,0,0,0,synthetic-v1
upi://collect?pa=7358204377@idfcbank&pn=Flipkart%20Refund%20Team&am=14404&tn=Get%20cashback%20now,1,scam_collect,0,0,0,0,synthetic-v1
upi://pay?pa=farhan40@axisbank&pn=Sneha%20Patel&tn=chai,0,legit_p2p,0,0,0,0,synthetic-v1
upi://pay?pa=6397324403@upi&pn=Bank%20KYC%20Update&am=320&tn=Account%20unblock%20fee,1,scam_kyc_fee,0,0,0,0,synthetic-v1
upi://pay?pa=paytmqr5379928538@paytm&pn=Blue%20Star%20Salon&mc=5411,0,legit_merchant_static,0,0,0,0,synthetic-v1
upi://pay?pa=kavya@hdfcbank&pn=New%20Style%20Tailors&am=2757,0,legit_small_shop,0,0,0,0,synthetic-v1
upi://pay?pa=razorpay.5318584@icici&pn=Janata%20Hardware&am=3547&mc=5411&tr=ORD746238764&tn=Invoice%204654,0,legit_merchant_dynamic,0,0,0,0,synthetic-v1
upi://pay?pa=8177980849@axl&pn=Neha%20Khan&am=20000&tn=house%20deposit,0,legit_family_large,0,0,0,0,synthetic-v1
upi://pay?pa=pinelabs.526275@hdfcbank&pn=Sharma%20General%20Store&am=9956&mc=5732&tr=ORD323332350&tn=Invoice%206221,0,legit_merchant_dynamic,0,0,0,0,synthetic-v1
upi://pay?pa=6133038834@barodampay&pn=Raju%20Juice%20Corner,0,legit_small_shop,0,0,0,0,synthetic-v1
upi://pay?pa=paytmqr1164134010@paytm&pn=Blue%20Star%20Salon&mc=5812,0,legit_merchant_static,0,0,0,0,synthetic-v1
upi://pay?pa=incometax.refund@idfcbank&pn=ICICI%20Bank%20Support&mc=0000&am=9806&tn=refund,1,scam_fake_merchant,0,0,0,0,synthetic-v1
upi://pay?pa=kavyashetty431@yesbank&pn=Sunita%20Naik&am=1908.74&tn=gift,0,legit_p2p,1,0,0,0,synthetic-v1
upi://pay?pa=7924203659@paytm&pn=Jio%20Prize%20Department&am=3499.14&tn=tax%20on%20winning,1,scam_prize,7,1,0,1,synthetic-v1
upi://pay?pa=pinelabs.356757@hdfcbank&pn=Om%20Sai%20Kirana&am=7662.80&mc=5411&tr=ORD104056617,0,legit_merchant_dynamic,0,0,0,0,synthetic-v1
upi://pay?pa=anjali86@ibl&pn=Manoj%20Khan&am=57116&tn=hospital%20bill,0,legit_family_large,0,0,0,0,synthetic-v1
upi://pay?pa=7795002173@apl&pn=Harish%20Bose&am=13000&tn=car%20emi,0,legit_family_large,0,0,0,0,synthetic-v1
upi://pay?pa=paytmqr1529912244@paytm&pn=Anand%20Sweets&am=14562&mc=7538&tr=ORD912936929&tn=Bill,0,legit_merchant_dynamic,0,0,0,0,synthetic-v1
upi://pay?pa=ganesh@okicici&pn=Ganesh%20Tea%20Stall&am=4976&tn=payment,0,legit_small_shop,0,0,0,0,synthetic-v1
upi://pay?pa=akshayapatra@axisbank&pn=Gurudwara%20Seva&mc=8661,0,legit_temple,0,0,0,0,synthetic-v1
upi://pay?pa=swatimishra141@hdfcbank&pn=Sanjay%20Sharma,0,legit_p2p,0,0,0,0,synthetic-v1
upi://pay?pa=bescom.billdesk@hdfcbank&pn=BESCOM%20Bill%20Payment&am=12661&mc=4900&tr=TXN4391432379&tn=Consumer%20no%205966319,0,legit_biller,1,0,1,0,synthetic-v1
upi://pay?pa=razorpay.5724752@icici&pn=Raj%20Mobile%20Point&am=16624&mc=5411&tr=ORD868538188&tn=Invoice%202764,0,legit_merchant_dynamic,0,0,0,0,synthetic-v1
upi://pay?pa=sneha.pillai@axisbank&pn=Rohit%20Shetty&tn=chai,0,legit_p2p,1,0,0,0,synthetic-v1
upi://pay?pa=manoj.reddy@icici&pn=PhonePe%20Cashback&am=23000&tn=Refund%20processing%20-%20scan%20to%20get,1,scam_refund_receive,0,0,0,0,synthetic-v1
upi://pay?pa=paytmqr8087067964@paytm&pn=Royal%20Fruits&tn=Payment,0,legit_merchant_static,0,0,0,0,synthetic-v1
upi://pay?pa=poojagupta386@ibl&pn=Priya%20Gowda&am=1000.27,0,legit_p2p,1,0,1,0,synthetic-v1
upi://pay?pa=gurpreet887767@rbl&pn=Vikram%20Reddy&am=17000&tn=investment,1,scam_quiet,0,0,0,0,synthetic-v1
upi://pay?pa=mary.shetty@sbi&pn=Amazon%20Refund%20Desk&am=23420,1,scam_impersonation,10,8,0,0,synthetic-v1
upi://pay?pa=varun97@okaxis&tn=groceries,0,legit_p2p,0,0,0,0,synthetic-v1
upi://pay?pa=kavyakhan776@sbi&pn=Anil%20Gupta&am=4395.86&tn=chai,0,legit_p2p,0,0,0,0,synthetic-v1
upi://pay?pa=sureshsingh59@pnb&pn=Harish%20Naik&am=4960&tn=rent,0,legit_p2p,0,0,0,0,synthetic-v1
upi://pay?pa=neha.nair@okicici&pn=Manoj%20Gowda&am=1000&tn=dinner,0,legit_p2p,0,0,0,0,synthetic-v1
upi://pay?pa=sunita458132@okhdfcbank&pn=Mega%20Prize%20Claim&am=2899&tn=winner%20registration,1,scam_prize,0,0,0,0,synthetic-v1
upi://pay?pa=paytmqr7831851928@paytm&pn=Anand%20Sweets&mc=4121&tn=Payment,0,legit_merchant_static,0,0,0,0,synthetic-v1
upi://pay?pa=paytmqr7511096173@paytm&pn=Balaji%20Fancy%20Store&am=14200&mc=5331&tr=ORD117091999&tn=Bill,0,legit_merchant_dynamic,0,0,0,0,synthetic-v1
upi://pay?pa=sanjay.nair@hdfcbank&pn=Kiran%20Shetty&am=690,0,legit_p2p,0,0,0,0,synthetic-v1
upi://pay?pa=ravi730@barodampay&pn=City%20Laundry&tn=payment,0,legit_small_shop,0,0,0,0,synthetic-v1
upi://pay?pa=arun72@icici&pn=Arjun%20Patel&am=37000.99&tn=college%20fees,0,legit_family_large,0,0,0,0,synthetic-v1
upi://pay?pa=kavya53@kotak&pn=Gurpreet%20Kumar&tn=electricity%20share,0,legit_p2p,0,0,0,0,synthetic-v1
upi://collect?pa=mary.pillai@rbl&pn=Customs%20Clearance%20Officer&am=7747&tn=Refund%20of%20Rs%205000,1,scam_collect,0,0,0,0,synthetic-v1
upi://collect?pa=7410410050@barodampay&pn=TRAI%20Helpline&am=8501&tn=Cashback%20credited%20on%20scan,1,scam_collect,8,3,0,0,synthetic-v1
upi://pay?pa=q737597583@ybl&pn=City%20Bakery&mc=7230,0,legit_merchant_static,0,0,0,0,synthetic-v1
upi://pay?pa=arun91@kvb&pn=Meera%20Gowda&am=1165,0,legit_rare_handle,0,0,0,0,synthetic-v1
upi://pay?pa=anil95@yesbank&tn=cab%20share,0,legit_p2p,0,0,0,0,synthetic-v1
upi://pay?pa=6975071156@paytm&pn=Flipkart%20Refund%20Team&am=16099.07&tn=Cashback%20credited%20on%20scan,1,scam_refund_receive,5,2,0,0,synthetic-v1
upi://pay?pa=gurpreet.iyer@ybl&pn=Gurpreet%20Iyer,0,legit_p2p,0,0,0,0,synthetic-v1
upi://pay?pa=paytmqr2721121804@paytm&pn=City%20Bakery&mc=5311&tn=Payment,0,legit_merchant_static,0,0,0,0,synthetic-v1
upi://pay?pa=arjunnair727@okicici&pn=Farhan%20Bose&am=4470&tn=cab%20share,0,legit_p2p,0,0,0,0,synthetic-v1
upi://pay?pa=irctc.pay@hdfcbank&pn=Indian%20Railways%20IRCTC&am=1194.31&mc=4112&tr=TXN7055179269&tn=Consumer%20no%209138967,0,legit_biller,0,0,0,0,synthetic-v1
upi://pay?pa=kiran.menon@rbl&pn=Harish%20Iyer&am=2603,0,legit_rare_handle,0,0,0,0,synthetic-v1
upi://pay?pa=6807926563@okhdfcbank&pn=Deepa%20Naik&am=4698&tn=petrol,0,legit_p2p,0,0,0,0,synthetic-v1
upi://collect?pa=9237317126@yesbank&pn=Indian%20Army%20Canteen&am=6000&tn=security%20deposit,1,scam_olx_army,0,0,0,0,synthetic-v1
upi://pay?pa=6752918487@kvb&pn=RBI%20Grievance%20Cell&am=21000&tn=Enter%20PIN%20to%20receive%20money,1,scam_refund_receive,1,0,0,0,synthetic-v1
upi://pay?pa=meeraiyer653@apl&pn=Joseph%20Sharma&am=2126.87,0,legit_p2p,0,0,0,0,synthetic-v1
upi://pay?pa=waterboard.collect@icici&pn=Municipal%20Water%20Board&am=12558&mc=4900&tr=TXN8785620831&tn=Bill%20payment,0,legit_biller,0,0,0,0,synthetic-v1
upi://pay?pa=kavya32@paytm&pn=Sanjay%20Nair&am=1698&tn=electricity%20share,0,legit_p2p,0,0,0,0,synthetic-v1
upi://pay?pa=pooja.pillai@upi&pn=Anjali%20Reddy&am=2305,1,legit_p2p,0,0,0,0,synthetic-v1
upi://pay?pa=mary.sharma@ybl&pn=Customs%20Clearance%20Officer&tn=details%20http%3A%2F%2Fkyc-736.xyz,1,scam_link_in_note,0,0,0,0,synthetic-v1
upi://pay?pa=cityshop@axl&am=500&tn=bill,0,legit_small_shop,0,0,0,0,synthetic-v1
upi://pay?pa=cf.anand681@axisbank&pn=Raj%20Mobile%20Point&am=7266&mc=5814&tr=ORD869863619&tn=Bill,0,legit_merchant_dynamic,0,0,0,0,synthetic-v1
upi://pay?pa=rahul.pillai@pnb&pn=Rohit%20Patel&tn=maid%20salary,0,legit_p2p,0,0,0,0,synthetic-v1
upi://pay?pa=61538226@fbl&pn=Income%20Tax%20Department&am=7167&tn=details%20http%3A%2F%2Fkyc-585.xyz,1,scam_link_in_note,0,0,0,0,synthetic-v1
upi://pay?pa=lakshmi84@axisbank&pn=Priya%20Verma&am=35432&tn=fees,0,legit_p2p,0,0,0,0,synthetic-v1
upi://pay?pa=kavya85@tjsb&pn=Arjun%20Menon,0,legit_rare_handle,0,0,0,0,synthetic-v1
upi://pay?pa=anil91@okicici&pn=Manoj%20Singh&tn=dinner,0,legit_p2p,0,0,0,0,synthetic-v1
upi://pay?pa=gurudwara.seva@pnb&pn=ISKCON%20Temple&am=144.91,0,legit_temple,0,0,1,0,synthetic-v1
upi://pay?pa=arjun18@axl&pn=Manoj%20Gowda&tn=movie,0,legit_p2p,0,0,0,0,synthetic-v1
upi://pay?pa=9294163607@oksbi&pn=Neha%20Reddy&am=48000.66&tn=house%20deposit,0,legit_family_large,0,0,0,0,synthetic-v1
upi://pay?pa=6371363587@kotak&pn=New%20Style%20Tailors&tn=bill,0,legit_small_shop,0,0,0,0,synthetic-v1
upi://pay?pa=anjali.rao@okhdfcbank&pn=Bank%20KYC%20Update&am=299.31&tn=Re-activation%20charges,1,scam_kyc_fee,6,3,1,0,synthetic-v1
upi://pay?pa=shivashop@sbi&tn=payment,0,legit_small_shop,0,0,0,0,synthetic-v1
upi://pay?pa=waterboard.collect@icici&pn=Municipal%20Water%20Board&am=4222&mc=4112&tr=TXN3785507243&tn=Consumer%20no%202774095,0,legit_biller,1,0,1,0,synthetic-v1
upi://pay?pa=pay78402901@dbs&pn=Income%20Tax%20Department&am=3799.84&tn=Cashback%20credited%20on%20scan,1,scam_refund_receive,0,0,0,0,synthetic-v1
upi://pay?pa=bbmp.propertytax@sbi&pn=BBMP%20Property%20Tax&am=765&mc=9399&tr=TXN7440311405&tn=Consumer%20no%204793172,0,legit_biller,0,0,0,0,synthetic-v1
upi://pay?pa=arun39@okhdfcbank&am=2732&tn=maid%20salary,0,legit_p2p,0,0,0,0,synthetic-v1
upi://pay?pa=rohit.kumar@okaxis&pn=PhonePe%20Cashback&am=14898.70&tn=verification,1,scam_impersonation,2,1,0,0,synthetic-v1
upi://pay?pa=pooja102538@axl&pn=TRAI%20Helpline&am=9645&tn=case%20closure,1,scam_impersonation,4,4,0,0,synthetic-v1
upi://pay?pa=tirumala.donations@sbi&pn=Gurudwara%20Seva,0,legit_temple,0,0,0,0,synthetic-v1
upi://pay?pa=asha.das@idfcbank&pn=Neha%20Iyer&am=1000&tn=cab%20share,0,legit_p2p,0,0,0,0,synthetic-v1
upi://pay?pa=divya.sharma@pnb&pn=Customs%20Clearance%20Officer&am=14929&tn=processing%20fee,1,scam_impersonation,7,3,0,0,synthetic-v1
upi://pay?pa=paytmqr9794505373@paytm&pn=Raj%20Mobile%20Point&mc=7538,0,legit_merchant_static,0,0,0,0,synthetic-v1
upi://pay?pa=ravisharma249@rbl&pn=Ravi%20Rao,0,legit_rare_handle,0,0,0,0,synthetic-v1
upi://pay?pa=neha.rao@ybl&pn=Anil%20Gowda&am=1000&tn=movie,0,legit_p2p,0,0,0,0,synthetic-v1
upi://pay?pa=fatima88@ybl&pn=Vikram%20Rao&tn=cab%20share,0,legit_p2p,0,0,0,0,synthetic-v1
upi://pay?pa=joseph78721@okaxis&pn=Paytm%20KYC%20Team&am=1641&tn=KYC%20verification,1,scam_kyc_fee,9,4,0,0,synthetic-v1
upi://pay?pa=divyamenon122@upi&pn=Suresh%20Joshi&am=31000.41&tn=college%20fees,0,legit_family_large,0,0,0,0,synthetic-v1
upi://pay?pa=sunita.joshi@oksbi&pn=Manoj%20Sharma&am=4938.96&tn=maid%20salary,0,legit_p2p,0,0,0,0,synthetic-v1
upi://pay?pa=bharatpe.15587117@fbpe&pn=Kumar%20Auto%20Works&mc=7538,0,legit_merchant_static,0,0,0,0,synthetic-v1
upi://pay?pa=joseph.bose@okicici&pn=Rahul%20Kumar&am=33000&tn=task%20payment,1,scam_quiet,2,2,0,0,synthetic-v1
upi://pay?pa=7572797537@barodampay&pn=Police%20Cyber%20Cell&am=2615&tn=check%20www.refund-status.online,1,scam_link_in_note,4,1,0,0,synthetic-v1
upi://pay?pa=gurpreet.shetty@kvb&pn=TRAI%20Helpline,1,scam_impersonation,0,0,0,0,synthetic-v1
upi:/pay?pa=9519985963@barodampay&pn=Hotel%20Annapoorna,1,scam_tampered_qr,10,4,0,0,synthetic-v1
upi://pay?pa=paytmqr1907780837@paytm&pn=Green%20Leaf%20Veg&mc=5732&tn=Payment,0,legit_merchant_static,0,0,0,0,synthetic-v1
upi://pay?pa=deepashetty715@idfcbank&pn=Vikram%20Naik&am=1032,0,legit_p2p,0,0,0,0,synthetic-v1
upi://pay?pa=sbi.kyc.update17@yesbank&pn=Customs%20Clearance%20Officer&am=9069&tn=refund,1,scam_fake_merchant,1,1,0,0,synthetic-v1
upi://pay?pa=69098031@kvb&pn=Flipkart%20Refund%20Team&am=1794&tn=verification,1,scam_impersonation,3,1,1,0,synthetic-v1
upi://pay?pa=9413432897@yesbank&pn=ICICI%20Bank%20Support&am=6302.08&tn=processing%20fee,1,scam_impersonation,15,5,0,0,synthetic-v1
upi://pay?pa=meera93@axisbank&pn=Rahul%20Gowda&am=1618&tn=chai,0,legit_p2p,0,0,0,0,synthetic-v1
upi://pay?pa=sanjaysharma632@axl&pn=Varun%20Sharma,0,legit_p2p,0,0,0,0,synthetic-v1
upi://pay?pa=harishshetty609@dlb&pn=Asha%20Shetty,0,legit_rare_handle,0,0,0,0,synthetic-v1
upi://pay?pa=razorpay.3104249@icici&pn=Royal%20Fruits&am=17630.79&mc=5411&tr=ORD812309259&tn=Order%20payment&sign=MEUCIQa738b7117Y54ca39242a,0,legit_merchant_dynamic,0,0,0,0,synthetic-v1
upi://mandate?pa=6575241917@kotak&pn=Electricity%20Board&am=4699&recur=WEEKLY&tn=verify%20account,1,scam_autopay,9,6,0,1,synthetic-v1
upi://pay?pa=cf.blue52@axisbank&pn=Royal%20Fruits&am=6503&mc=5812&tr=ORD713829841&tn=Order%20payment,0,legit_merchant_dynamic,0,0,0,0,synthetic-v1
upi://collect?pa=9290956549@hdfcbank&pn=BSF%20Officer%20Vijay&am=5813&tn=advance%20for%20item,1,scam_olx_army,5,3,0,1,synthetic-v1
upi://pay?pa=8505698847@fbl&pn=Sanjay%20Shetty&am=16799&tn=cab%20share,0,legit_p2p,1,0,0,0,synthetic-v1
upi://pay?pa=9738580038@upi&pn=Anna%20Idli%20Stall,0,legit_small_shop,0,0,0,0,synthetic-v1
upi://collect?pa=96939947@hdfcbank&pn=ICICI%20Bank%20Support&am=4659&tn=Enter%20PIN%20to%20receive%20money,1,scam_collect,0,0,0,0,synthetic-v1
upi://pay?pa=treasury.ker@sbi&pn=Kerala%20Govt%20Treasury&am=14318&mc=9399&tr=TXN3087088289&tn=Consumer%20no%202309630,0,legit_biller,0,0,0,0,synthetic-v1
upi://pay?pa=razorpay.9197944@icici&pn=Royal%20Fruits&am=12636&mc=5499&tr=ORD580948939&tn=Order%20payment,0,legit_merchant_dynamic,0,0,0,0,synthetic-v1
upi://pay?pa=7819592083@apl&pn=Krishna%20Bakery&am=1607,0,legit_small_shop,0,0,0,0,synthetic-v1
upi://pay?pa=arunsingh185@axisbank&pn=Meera%20Kumar&am=4053&tn=birthday%20gift,0,legit_p2p,0,0,0,0,synthetic-v1
upi://pay?pa=treasury.ker@sbi&pn=Kerala%20Govt%20Treasury&am=2225.77&mc=4900&tr=TXN9746385447&tn=Consumer%20no%204307441,0,legit_biller,0,0,0,0,synthetic-v1
upi://pay?pa=86485797@kotak&pn=CRPF%20Jawan%20Sunil&am=29357&tn=army%20canteen,1,scam_olx_army,1,1,0,0,synthetic-v1
upi://pay?pa=sanjay.pillai@kotak&pn=Suresh%20Sharma,0,legit_p2p,0,0,0,0,synthetic-v1
upi://pay?pa=farhan611059@okaxis&pn=Mega%20Prize%20Claim&am=7699.61&tn=tax%20on%20winning,1,scam_prize,12,5,0,0,synthetic-v1
upi://pay?pa=paytmqr6021465294@paytm&pn=Janata%20Hardware&am=8764&mc=7230&tr=ORD626986247,0,legit_merchant_dynamic,0,0,0,0,synthetic-v1
upi://pay?pa=shreya31@icici&pn=Ayesha%20Singh&am=1319,0,legit_p2p,0,0,0,0,synthetic-v1
upi://pay?pa=bharatpe.65569566@fbpe&pn=City%20Bakery&mc=5499,0,legit_merchant_static,1,1,2,0,synthetic-v1
upi://pay?pa=vikram22@idfcbank&pn=Rohit%20Rao&am=53000&tn=hospital%20bill,0,legit_family_large,0,0,0,0,synthetic-v1
upi://pay?pa=pinelabs.922655@hdfcbank&pn=Kumar%20Auto%20Works&am=6837&mc=5499&tr=ORD542812957&tn=Invoice%204320&sign=MEUCIQ120afedeYecY9X7Xb6f5,0,legit_merchant_dynamic,1,1,0,0,synthetic-v1
upi://pay?pa=9805004962@pnb&pn=Pooja%20Iyer&am=42000&tn=house%20deposit,0,legit_family_large,0,0,0,0,synthetic-v1
upi://pay?pa=kiran52@barodampay&pn=Sneha%20Kumar&am=384&tn=chai,0,legit_p2p,0,0,0,0,synthetic-v1
upi://pay?pa=7930719966@yesbank&pn=Meera%20Naik&tn=electricity%20share,0,legit_p2p,0,0,0,0,synthetic-v1
upi://pay?pa=7164259638@apl&pn=SBI%20Refund%20Dept&am=14799,1,scam_impersonation,0,0,0,0,synthetic-v1
upi://pay?pa=irctc.pay@hdfcbank&pn=Indian%20Railways%20IRCTC&am=6756&mc=9399&tr=TXN8169756884&tn=Bill%20payment,0,legit_biller,0,0,0,0,synthetic-v1
upi://pay?pa=user10028577@ybl&pn=TRAI%20Helpline&am=16068&tn=pending%20bill,1,scam_impersonation,0,0,0,0,synthetic-v1
upi://pay?pa=pooja51@fbl&pn=Harish%20Shetty&am=21000&tn=trading%20profit,1,scam_quiet,1,1,0,0,synthetic-v1
upi://pay?pa=newstore@oksbi&pn=New%20Style%20Tailors&am=5000&tn=payment,0,legit_small_shop,2,0,2,0,synthetic-v1
upi://pay?pa=bharatpe.34555212@fbpe&pn=Balaji%20Fancy%20Store&mc=5331&tn=Payment,0,legit_merchant_static,0,0,0,0,synthetic-v1
upi://pay?pa=9388848497@upi&pn=Paytm%20KYC%20Team&am=41799&tn=Get%20cashback%20now,1,scam_refund_receive,3,1,0,0,synthetic-v1
upi://pay?pa=7389136848@kotak&pn=RBI%20Grievance%20Cell&am=630&tn=check%20www.refund-status.online,1,scam_link_in_note,0,0,0,0,synthetic-v1
upi://pay?pa=razorpay.5804997@icici&pn=Hotel%20Annapoorna&am=690&mc=5732&tr=ORD6928632&tn=Bill,0,legit_merchant_dynamic,0,0,0,0,synthetic-v1
upi://pay?pa=8932170084@yesbank&pn=Swati%20Mishra&am=40000.25&tn=wedding,0,legit_family_large,0,0,0,0,synthetic-v1
upi://pay?pa=fatimapillai936@paytm&pn=Pooja%20Naik&am=4000&tn=dinner,0,legit_p2p,0,0,0,0,synthetic-v1
upi://pay?pa=sunitajoshi492@barodampay&pn=Shreya%20Kumar&am=36000&tn=urgent,1,scam_quiet,6,6,0,0,synthetic-v1
upi://pay?pa=upi6391967@barodampay&pn=Customs%20Clearance%20Officer&am=12699.45&tn=processing%20fee,1,scam_impersonation,0,0,0,0,synthetic-v1
upi://pay?pa=rahul629516@icici&pn=Vikram%20Gowda&am=5000&tn=urgent,1,scam_quiet,1,1,0,1,synthetic-v1
upi://pay?pa=prakash.rao@idfcbank&pn=Mary%20Naik&am=35316&tn=wedding,0,legit_family_large,0,0,0,0,synthetic-v1
upi://pay?pa=suresh.kumar@axisbank&pn=PhonePe%20Cashback&tn=call%207330216856%20for%20refund,1,scam_link_in_note,0,0,0,0,synthetic-v1
upi://pay?pa=mahalakshmishop@axisbank&pn=Mahalakshmi%20Stores&am=200&tn=payment,0,legit_small_shop,0,0,0,0,synthetic-v1
upi://pay?pa=rohit27@barodampay&pn=Meera%20Joshi&tn=movie,0,legit_p2p,0,0,0,0,synthetic-v1
upi://pay?pa=q624584626@ybl&pn=Anand%20Sweets&mc=5814&tn=Payment,0,legit_merchant_static,0,0,0,0,synthetic-v1
upi://pay?pa=vikram68@icici&pn=Sneha%20Singh&am=32000.91&tn=house%20deposit,0,legit_family_large,0,0,0,0,synthetic-v1
upi://pay?pa=fatimakumar894@sbi&am=4666,0,legit_p2p,0,0,0,0,synthetic-v1
upi://pay?pa=9901245969@tjsb&pn=Deepa%20Iyer,0,legit_rare_handle,0,0,0,0,synthetic-v1
upi://pay?pa=shreya.gowda@okhdfcbank&pn=Kiran%20Menon&am=4796&tn=fees,0,legit_p2p,0,0,0,0,synthetic-v1
upi://pay?pa=pooja73@oksbi&pn=Sneha%20Verma&am=48952.34&tn=please%20send%20fast,1,scam_quiet,14,3,0,0,synthetic-v1
upi://pay?pa=6850304730@pnb&pn=Pooja%20Singh&am=3489.96&tn=gift,0,legit_p2p,0,0,0,0,synthetic-v1
upi://pay?pa=6801866216@oksbi&pn=Lakshmi%20Tiffin%20Centre&tn=order,0,legit_small_shop,0,0,0,0,synthetic-v1
upi://pay?pa=paytmqr7614554119@paytm&pn=Janata%20Hardware&mc=5331&tn=Payment,0,legit_merchant_static,0,0,0,0,synthetic-v1
upi://pay?pa=manojverma225@axisbank&am=798,0,legit_p2p,0,0,0,0,synthetic-v1
upi://collect?pa=35917973@hdfcbank&pn=Gurpreet%20Patel&am=6626&tn=Claim%20your%20reward,1,scam_collect,1,1,0,0,synthetic-v1
upi://pay?pa=razorpay.8949854@icici&pn=Blue%20Star%20Salon&am=19711&mc=7230&tr=ORD812611412&tn=Bill,0,legit_merchant_dynamic,0,0,0,0,synthetic-v1
upi://pay?pa=gurpreet44@barodampay&pn=Nikhil%20Sharma&am=30000.79&tn=college%20fees,0,legit_family_large,0,0,0,0,synthetic-v1
upi://pay?pa=anjalipatel853@idfcbank&pn=Kavya%20Naik&tn=dinner,0,legit_p2p,0,0,0,0,synthetic-v1
upi://collect?pa=9468706465@apl&pn=Flipkart%20Refund%20Team&am=7009&tn=Refund%20of%20Rs%205000,1,scam_collect,1,0,0,0,synthetic-v1
upi://pay?pa=deepanair160@hdfcbank&pn=Meera%20Khan&am=16000&tn=hospital,1,scam_quiet,0,0,0,0,synthetic-v1
upi://pay?pa=28416894@hdfcbank&pn=SBI%20Refund%20Dept&am=6405&tn=Prize%20money%20credit,1,scam_refund_receive,12,5,1,0,synthetic-v1
upi://pay?pa=asha.reddy@timecosmos&pn=Sanjay%20Iyer&am=2685,0,legit_rare_handle,0,0,0,0,synthetic-v1
upi://pay?pa=arun.sharma@apl&pn=Deepa%20Naik&tn=movie,0,legit_p2p,0,0,0,0,synthetic-v1
upi://pay?pa=paytm.kyc55@oksbi&pn=Electricity%20Board%20Officer&am=899&tn=offer,1,scam_fake_merchant,1,1,0,0,synthetic-v1
upi://pay?pa=8508325644@sbi&pn=Amazon%20Lucky%20Winner&am=13399&tn=lottery%20processing,1,scam_prize,0,0,0,0,synthetic-v1
upi://pay?pa=paytmqr2800567129@paytm&pn=Hotel%20Annapoorna&am=7806.84&mc=7538&tr=ORD214937734&tn=Order%20payment,0,legit_merchant_dynamic,0,0,0,0,synthetic-v1
upi://pay?pa=8250169791@barodampay&pn=Lucky%20Draw%20Office&am=23299&tn=tax%20on%20winning,1,scam_prize,10,8,0,0,synthetic-v1
upi://pay?pa=lic.premium@axisbank&pn=LIC%20Premium&am=2674&mc=9311&tr=TXN220166022&tn=Consumer%20no%209445520,0,legit_biller,0,0,0,0,synthetic-v1
upi://autopay?pa=acc28463249@icici&pn=Amazon%20Prime&am=4199&recur=WEEKLY&tn=cashback%20activation,1,scam_autopay,0,0,0,0,synthetic-v1
upi://pay?pa=bharatpe.12719121@fbpe&pn=Sri%20Lakshmi%20Medicals,0,legit_merchant_static,0,0,0,0,synthetic-v1
upi://pay?pa=sanjay60@icici&pn=Deepa%20Iyer&am=73000&tn=wedding,0,legit_family_large,0,0,0,0,synthetic-v1
upi://pay?pa=8440427270@kotak&pn=Swati%20Das&tn=tuition,0,legit_p2p,0,0,0,0,synthetic-v1
upi://pay?pa=amazon.refund@apl&pn=Govt%20Subsidy%20Office&am=6206.93&tn=refund,1,scam_fake_merchant,0,0,0,0,synthetic-v1
upi://pay?pa=deepagupta795@oksbi&pn=Rahul%20Reddy&am=12000&tn=car%20emi,0,legit_family_large,0,0,0,0,synthetic-v1
upi://pay?pa=8675730995@idfcbank&pn=Amazon%20Refund%20Desk&pa=6568263105@ybl,1,scam_tampered_qr,1,0,0,0,synthetic-v1
upi://pay?pa=anjali208466@yesbank&pn=RBI%20Grievance%20Cell&am=44799&tn=Receive%20payment%20from%20buyer,1,scam_refund_receive,5,3,0,0,synthetic-v1
upi://pay?pa=6381422120@apl&tn=birthday%20gift,0,legit_p2p,0,0,0,0,synthetic-v1
upi://pay?pa=7161869522@apl&am=2013&tn=bill,0,legit_small_shop,0,0,0,0,synthetic-v1
upi://pay?pa=7538325430@fbl&pn=PhonePe%20Cashback&am=4499.20,1,scam_impersonation,0,0,0,1,synthetic-v1
upi://pay?pa=user14869193@barodampay&pn=Amazon%20Refund%20Desk&am=6572&tn=pending%20bill,1,scam_impersonation,0,0,0,0,synthetic-v1
upi://pay?pa=swatinaik436@ybl&pn=Harish%20Pillai&am=37000.92&tn=wedding,0,legit_family_large,0,0,0,0,synthetic-v1
upi://pay?pa=arjun.mishra@okicici&pn=Govt%20Subsidy%20Office&tn=visit%20bit.ly%2F16699%20to%20claim,1,scam_link_in_note,4,1,0,0,synthetic-v1
upi://pay?pa=varunbose755@kotak&pn=Mary%20Nair&tn=maid%20salary,0,legit_p2p,1,1,1,0,synthetic-v1
upi://pay?pa=divya.sharma@axisbank&pn=Anil%20Singh&am=398.78&tn=trip%20share,0,legit_p2p,0,0,0,0,synthetic-v1
upi://pay?pa=cf.blue166@axisbank&pn=Green%20Leaf%20Veg&am=17113&mc=5942&tr=ORD313251837&tn=Order%20payment&sign=MEUCIQ8YaZ9ff54f0cb546fX9a,0,legit_merchant_dynamic,0,0,0,0,synthetic-v1
upi://pay?pa=customer.care.help@dbs&pn=HDFC%20Customer%20Care,1,scam_fake_merchant,4,1,0,0,synthetic-v1
upi://pay?pa=phonepe.cashback62@jupiteraxis&pn=Govt%20Subsidy%20Office&am=4089&tn=cashback,1,scam_fake_merchant,9,2,0,0,synthetic-v1
upi://pay?pa=7880221762@fbl&pn=RBI%20Grievance%20Cell&tn=visit%20bit.ly%2F4979%20to%20claim,1,scam_link_in_note,6,3,0,0,synthetic-v1
upi://pay?pa=swati.das@barodampay&pn=TRAI%20Helpline&am=9272&tn=details%20http%3A%2F%2Fkyc-315.xyz,1,scam_link_in_note,0,0,0,0,synthetic-v1
upi://pay?pa=lakshmistall@axl&pn=Lakshmi%20Tiffin%20Centre,0,legit_small_shop,0,0,0,0,synthetic-v1
upi://pay?pa=9784202534@kvb&pn=Swati%20Kumar&am=43215&tn=Prize%20money%20credit,1,scam_refund_receive,6,1,0,0,synthetic-v1
upi://pay?pa=paytmqr1796948335@paytm&pn=Sharma%20General%20Store&mc=5812&tn=Payment,0,legit_merchant_static,0,0,0,0,synthetic-v1
upi://pay?pa=9469325053@barodampay&pn=Sunita%20Naik&am=34836&tn=tuition,0,legit_p2p,0,0,0,0,synthetic-v1
upi://pay?pa=sbi.kyc.update@okaxis&pn=PhonePe%20Cashback&am=6622,1,scam_fake_merchant,3,2,0,0,synthetic-v1
upi://pay?pa=q650679205@ybl&pn=Sri%20Lakshmi%20Medicals&mc=5499,0,legit_merchant_static,1,1,1,0,synthetic-v1
upi://pay?pa=kavya.patel@axl&pn=HDFC%20Customer%20Care&am=429&tn=check%20www.refund-status.online,1,scam_link_in_note,0,0,0,0,synthetic-v1
upi://pay?pa=arunpillai682@pnb&pn=Nikhil%20Sharma&am=83000&tn=wedding,0,legit_family_large,1,0,0,0,synthetic-v1
upi://pay?pa=6610775970@kvb&pn=ICICI%20Bank%20Support&am=5899&tn=Refund%20of%20Rs%205899,1,scam_refund_receive,0,0,0,0,synthetic-v1
upi://pay?pa=divyagupta579@kotak&pn=Sanjay%20Gowda&tn=movie,0,legit_p2p,1,1,1,0,synthetic-v1
upi://collect?pa=92726764@dbs&pn=HDFC%20Customer%20Care&am=7441&tn=Get%20cashback%20now,1,scam_collect,0,0,0,0,synthetic-v1
upi://pay?pa=nikhilpillai980@kotak&pn=Farhan%20Gupta&am=108,0,legit_p2p,0,0,0,0,synthetic-v1
upi://pay?pa=anjalisharma279@okicici&tn=electricity%20share,0,legit_p2p,0,0,0,0,synthetic-v1
upi://pay?pa=farhan.reddy@idfcbank&pn=Divya%20Pillai&tn=maid%20salary,0,legit_p2p,1,0,0,0,synthetic-v1
upi://pay?pa=paytmqr2409401839@paytm&pn=Om%20Sai%20Kirana&tn=Payment,0,legit_merchant_static,0,0,0,0,synthetic-v1
upi://pay?pa=cf.sri794@axisbank&pn=Om%20Sai%20Kirana&am=4508.45&mc=5311&tr=ORD33181172&tn=Bill,0,legit_merchant_dynamic,0,0,0,0,synthetic-v1
upi://pay?pa=8665324630@yesbank&pn=HDFC%20Customer%20Care&am=49399&tn=Refund%20of%20Rs%2049399,1,scam_refund_receive,5,1,0,0,synthetic-v1
upi://pay?pa=6114502005@oksbi&pn=Manoj%20Verma&am=15685.86&tn=hospital%20bill,0,legit_family_large,0,0,0,0,synthetic-v1
upi://pay?pa=7191515898@axisbank&pn=Amazon%20Refund%20Desk&am=7647&tn=pending%20bill,1,scam_impersonation,0,0,0,0,synthetic-v1
upi://pay?pa=q100411586@ybl&pn=Royal%20Fruits&mc=5814,0,legit_merchant_static,0,0,0,0,synthetic-v1
upi://pay?pa=pay19984026@axl&pn=CRPF%20Jawan%20Sunil&am=16435&tn=verification%20amount,1,scam_olx_army,0,0,0,0,synthetic-v1
upi://pay?pa=acc76337176@ibl&pn=Police%20Cyber%20Cell&am=8000&tn=Cashback%20credited%20on%20scan,1,scam_refund_receive,2,2,0,0,synthetic-v1
upi://collect?pa=ravi371497@okaxis&pn=Income%20Tax%20Department&am=1094&tn=Cashback%20credited%20on%20scan,1,scam_collect,6,1,0,0,synthetic-v1
upi://pay?pa=razorpay.2684326@icici&pn=Raj%20Mobile%20Point&am=18010&mc=7230&tr=ORD447130126&tn=Bill,0,legit_merchant_dynamic,0,0,0,0,synthetic-v1
upi://pay?pa=harish@upi&pn=Mahalakshmi%20Stores&am=2000&tn=payment,0,legit_small_shop,0,0,0,0,synthetic-v1
upi://pay?pa=nikhil83418@hdfcbank&pn=SBI%20Refund%20Dept&am=35599&tn=Receive%20payment%20from%20buyer,1,scam_refund_receive,17,15,0,0,synthetic-v1
upi://pay?pa=anjalinaik59@icici&pn=Pooja%20Menon&am=40000&tn=wedding,0,legit_family_large,0,0,0,0,synthetic-v1
upi://pay?pa=irctc.pay@hdfcbank&pn=Indian%20Railways%20IRCTC&am=3553&mc=4112&tr=TXN8787108411&tn=Consumer%20no%205173848,0,legit_biller,0,0,0,0,synthetic-v1
upi://pay?pa=suresh.menon@okaxis&pn=Harish%20Sharma&am=4000.33,0,legit_p2p,0,0,0,0,synthetic-v1
upi://pay?pa=cf.royal561@axisbank&pn=Om%20Sai%20Kirana&am=12908.97&mc=5411&tr=ORD543300441&tn=Order%20payment&sign=MEUCIQY0daXa2X8Zb48Y6bffb9,0,legit_merchant_dynamic,0,0,0,0,synthetic-v1
upi://pay?pa=divya70@axisbank&pn=Arun%20Verma&am=2891&tn=dinner,0,legit_p2p,1,0,1,0,synthetic-v1
upi://pay?pa=upi24211576@yesbank&pn=Amazon%20Refund%20Desk&tn=whatsapp%207428439617,1,scam_link_in_note,0,0,0,0,synthetic-v1
upi://pay?pa=9302690998@hdfcbank&pn=Fatima%20Verma&am=32000&tn=wedding,0,legit_family_large,0,0,0,0,synthetic-v1
upi://pay?pa=cf.fresh664@axisbank&pn=Green%20Leaf%20Veg&am=12894&mc=4121&tr=ORD340705362&tn=Order%20payment,0,legit_merchant_dynamic,0,0,0,0,synthetic-v1
upi://pay?pa=akshayapatra@axisbank&pn=ISKCON%20Temple&mc=8398,0,legit_temple,0,0,0,0,synthetic-v1
upi://pay?pa=prakash44@hdfcbank&pn=Varun%20Das&am=4499&tn=rent,0,legit_p2p,1,0,0,0,synthetic-v1
upi://pay?pa=arunbose795@okicici&pn=Rohit%20Pillai&am=84000&tn=house%20deposit,0,legit_family_large,0,0,0,0,synthetic-v1
upi://pay?pa=mary.pillai@rbl&pn=Kiran%20Patel,0,legit_rare_handle,0,0,0,0,synthetic-v1
upi://pay?pa=pinelabs.425782@hdfcbank&pn=Sri%20Lakshmi%20Medicals&am=8997&mc=7538&tr=ORD459054717,0,legit_merchant_dynamic,0,0,0,0,synthetic-v1
upi://pay?pa=8262720459@pnb&pn=CRPF%20Jawan%20Sunil&am=17448.73&tn=army%20canteen,1,scam_olx_army,7,7,1,0,synthetic-v1
upi://pay?pa=iskcon.bangalore@icici&pn=TTD%20Donations&mc=8398,0,legit_temple,0,0,0,0,synthetic-v1
upi://pay?pa=8642102829@okaxis&pn=SBI%20Refund%20Dept&tn=check%20www.refund-status.online,1,scam_link_in_note,2,1,0,0,synthetic-v1
upi://pay?pa=rahul158565@paytm&pn=TRAI%20Helpline&am=46299&tn=Refund%20of%20Rs%2046299,1,scam_refund_receive,13,4,0,1,synthetic-v1
upi://pay?pa=lakshmi216@ybl&pn=Om%20Paan%20Shop&am=100&tn=payment,0,legit_small_shop,0,0,0,0,synthetic-v1
upi://pay?pa=manoj.nair@oksbi&pn=Lucky%20Draw%20Office&am=2644&tn=winner%20registration,1,scam_prize,0,0,0,0,synthetic-v1
upi://pay?pa=q198253215@ybl&pn=Green%20Leaf%20Veg&mc=5732&tn=Payment,0,legit_merchant_static,0,0,0,0,synthetic-v1
upi://pay?pa=8731784813@ibl&pn=Balaji%20Stores,0,legit_small_shop,0,0,0,0,synthetic-v1
upi:/pay?pa=pay42159556@icici&pn=Sharma%20General%20Store&am=272.88,1,scam_tampered_qr,4,4,0,0,synthetic-v1
upi://pay?pa=9257532702@icici&pn=TRAI%20Helpline&am=23387.56&tn=Enter%20PIN%20to%20receive%20money,1,scam_refund_receive,0,0,0,0,synthetic-v1
upi://pay?pa=irctc.pay@hdfcbank&pn=Indian%20Railways%20IRCTC&am=5443&mc=4900&tr=TXN318983794&tn=Consumer%20no%201055675,0,legit_biller,2,0,2,0,synthetic-v1
"upi://pay?pa=acc65361253@axl&pn=Anand%20Sweets&am=4178.39&am=1,00,000",1,scam_tampered_qr,0,0,0,0,synthetic-v1
upi://pay?pa=raju@fbl&pn=Raju%20Juice%20Corner&am=1190,0,legit_small_shop,0,0,0,0,synthetic-v1
upi://pay?pa=phonepe.cashback@fbl&pn=Electricity%20Board%20Officer&am=8399,1,scam_fake_merchant,0,0,0,0,synthetic-v1
upi://pay?pa=aruniyer259@okaxis&pn=Sanjay%20Patel&tn=tuition,0,legit_p2p,0,0,0,0,synthetic-v1
upi://pay?pa=7811180210@axl&pn=Flipkart%20Refund%20Team&tn=check%20www.refund-status.online,1,scam_link_in_note,4,1,1,0,synthetic-v1
upi://pay?pa=6784168504@idfcbank&pn=Divya%20Nair&am=17000&tn=hospital%20bill,0,legit_family_large,0,0,0,0,synthetic-v1
upi://pay?pa=cf.city387@axisbank&pn=Hotel%20Annapoorna&am=3127.54&mc=5912&tr=ORD736339145&tn=Order%20payment,0,legit_merchant_dynamic,0,0,0,0,synthetic-v1
upi://pay?pa=ravi.verma@upi&pn=Income%20Tax%20Department&am=30000&tn=Refund%20of%20Rs%2030000,1,scam_refund_receive,0,0,0,0,synthetic-v1
upi://pay?pa=q625438560@ybl&pn=City%20Bakery&tn=Payment,1,legit_merchant_static,0,0,0,0,synthetic-v1
upi://autopay?pa=7450291809@kotak&pn=Amazon%20Prime&am=7053&recur=DAILY&tn=cashback%20activation,1,scam_autopay,0,0,0,0,synthetic-v1
upi://pay?pa=cry.donate@hdfcbank&pn=Gurudwara%20Seva,0,legit_temple,0,0,0,0,synthetic-v1
upi://pay?pa=rahul12@okhdfcbank&am=1000,0,legit_p2p,0,0,0,0,synthetic-v1
upi://pay?pa=paytmqr9240450452@paytm&pn=Fresh%20Mart&am=3938&mc=7538&tr=ORD749850688,0,legit_merchant_dynamic,0,0,0,0,synthetic-v1
upi://pay?pa=rohitkhan1@pnb&pn=Arun%20Gupta&am=4000&tn=birthday%20gift,0,legit_p2p,0,0,0,0,synthetic-v1
upi://pay?pa=ravijoshi466@pnb&pn=Anjali%20Sharma&am=15136&tn=help,1,scam_quiet,0,0,0,0,synthetic-v1
upi://pay?pa=shreya.khan@ibl&pn=Prakash%20Verma&am=4858&tn=electricity%20share,0,legit_p2p,0,0,0,0,synthetic-v1
upi://pay?pa=paytmqr3421452341@paytm&pn=City%20Bakery&mc=7538&tn=Payment,0,legit_merchant_static,0,0,0,0,synthetic-v1
upi://pay?pa=8752253937@axl&pn=Army%20Officer%20Rakesh&am=15000&tn=advance%20for%20item,1,scam_olx_army,0,0,0,0,synthetic-v1
upi://pay?pa=7787200952@idfcbank&pn=TRAI%20Helpline&am=9899&tn=pending%20bill,1,scam_impersonation,1,0,0,0,synthetic-v1
upi://pay?pa=ayesha36@pnb&pn=Fatima%20Patel&am=2000&tn=electricity%20share,0,legit_p2p,0,0,0,0,synthetic-v1
upi://pay?pa=razorpay.9740567@icici&pn=Sri%20Lakshmi%20Medicals&am=14499&mc=5812&tr=ORD945548895,0,legit_merchant_dynamic,0,0,1,0,synthetic-v1
upi://pay?pa=arun56@okicici&am=4386&tn=dinner,0,legit_p2p,0,0,0,0,synthetic-v1
upi://pay?pa=9591935700@apl&pn=Flipkart%20Refund%20Team&am=17057&tn=security%20deposit,1,scam_impersonation,0,0,0,0,synthetic-v1
upi://pay?pa=8417033587@icici&pn=Paytm%20KYC%20Team&am=18699.97&tn=Enter%20PIN%20to%20receive%20money,1,scam_refund_receive,7,3,0,0,synthetic-v1
upi://pay?pa=7181997718@idfcbank&pn=BSF%20Officer%20Vijay&am=25858&tn=refundable%20deposit,1,scam_olx_army,0,0,0,0,synthetic-v1
upi://pay?pa=ganeshshop@pnb&pn=Ganesh%20Tea%20Stall&am=4766&tn=payment,0,legit_small_shop,0,0,0,0,synthetic-v1
upi://pay?pa=amazon.refund96@okhdfcbank&pn=PhonePe%20Cashback&mc=0000&am=480,1,scam_fake_merchant,0,0,0,0,synthetic-v1
upi://pay?pa=paytmqr9410479233@paytm&pn=City%20Bakery&mc=7230,0,legit_merchant_static,0,0,0,0,synthetic-v1
upi://pay?pa=rahulreddy906@axisbank&pn=Asha%20Gowda&am=14614.85&tn=maid%20salary,0,legit_p2p,0,0,0,0,synthetic-v1
upi://pay?pa=pinelabs.935133@hdfcbank&pn=Om%20Sai%20Kirana&am=17302.90&mc=5942&tr=ORD496740691&tn=Order%20payment&sign=MEUCIQ97386Xb655X4Ycd1f1f0,0,legit_merchant_dynamic,1,0,0,0,synthetic-v1
upi://collect?pa=8597293044@axl&pn=Income%20Tax%20Department&am=14050&tn=Prize%20money%20credit,1,scam_collect,2,1,0,0,synthetic-v1
upi://pay?pa=9617927921@yesbank&pn=Sanjay%20Khan&am=16000&tn=please%20send%20fast,1,scam_quiet,0,0,0,0,synthetic-v1
upi://pay?pa=paytmqr3717444395@paytm&pn=Anand%20Sweets&mc=5912,0,legit_merchant_static,0,0,0,0,synthetic-v1
upi://pay?pa=paytmqr9342830040@paytm&pn=Anand%20Sweets&mc=5331,0,legit_merchant_static,0,0,0,0,synthetic-v1
upi://pay?pa=treasury.ker@sbi&pn=Kerala%20Govt%20Treasury&am=2629&mc=4900&tr=TXN6591215592&tn=Consumer%20no%207148546,0,legit_biller,0,0,0,0,synthetic-v1
upi://pay?pa=cf.anand375@axisbank&pn=Janata%20Hardware&am=19152&mc=5499&tr=ORD858007733,0,legit_merchant_dynamic,0,0,0,0,synthetic-v1
upi:/pay?pa=upi63334935@oksbi&pn=Royal%20Fruits,1,scam_tampered_qr,0,0,0,0,synthetic-v1
upi://pay?pa=lakshmikhan83@okaxis&pn=Priya%20Pillai&am=1546.02&tn=tuition,0,legit_p2p,0,0,0,0,synthetic-v1
upi://pay?pa=kiran.khan@kvb&pn=Bank%20KYC%20Update&am=1653&tn=Account%20unblock%20fee,1,scam_kyc_fee,8,1,0,0,synthetic-v1
upi://pay?pa=rbi.claim5@okicici&pn=HDFC%20Customer%20Care&mc=0000&am=2499,1,scam_fake_merchant,3,2,0,0,synthetic-v1
upi://pay?pa=anna993@kotak&pn=Anna%20Idli%20Stall&am=500&tn=order,0,legit_small_shop,0,0,0,0,synthetic-v1
upi://pay?pa=anjali.naik@barodampay&am=2815&tn=loan%20return,0,legit_p2p,0,0,0,0,synthetic-v1
upi://pay?pa=fatimashetty108@yesbank&pn=Varun%20Bose&am=447.38&tn=rent,0,legit_p2p,0,0,0,0,synthetic-v1
upi://pay?pa=6600785324@okicici&pn=Lucky%20Draw%20Office&am=16699&tn=tax%20on%20winning,1,scam_prize,0,0,0,0,synthetic-v1
upi://pay?pa=19021841@okaxis&pn=Electricity%20Board%20Officer&am=17599&tn=case%20closure,1,scam_impersonation,0,0,0,0,synthetic-v1
upi://pay?pa=hdfc.care52@paytm&pn=ICICI%20Bank%20Support,1,scam_fake_merchant,6,2,0,0,synthetic-v1
upi://pay?pa=prakash37@apl&pn=Arun%20Joshi,0,legit_p2p,0,0,0,0,synthetic-v1
upi://pay?pa=9508723420@axisbank&pn=Kavya%20Shetty&am=13000&tn=college%20fees,0,legit_family_large,1,0,1,0,synthetic-v1
upi://pay?pa=razorpay.1684938@icici&pn=Raj%20Mobile%20Point&am=10449&mc=4121&tr=ORD336966368&tn=Order%20payment,0,legit_merchant_dynamic,0,0,0,0,synthetic-v1
upi://collect?pa=acc37835438@yesbank&pn=SBI%20Refund%20Dept&am=6668&tn=Scan%20to%20receive%20your%20refund,1,scam_collect,0,0,0,0,synthetic-v1
upi://pay?pa=vikram.singh@yesbank&pn=Police%20Cyber%20Cell&am=5999&tn=Claim%20your%20reward,1,scam_refund_receive,2,2,0,0,synthetic-v1
upi://pay?pa=8527364109@okhdfcbank&pn=TRAI%20Helpline&am=49299.21&tn=Enter%20PIN%20to%20receive%20money,1,scam_refund_receive,0,0,0,0,synthetic-v1
upi://pay?pa=acc45151114@barodampay&pn=Flipkart%20Refund%20Team&am=22399.51&tn=Cashback%20credited%20on%20scan,0,scam_refund_receive,7,2,0,0,synthetic-v1
upi://pay?pa=kiran25@oksbi&pn=Rohit%20Das&am=18000&tn=help,1,scam_quiet,5,3,0,0,synthetic-v1
upi://pay?pa=shreya44@rbl&pn=Meera%20Khan&am=1723,0,legit_rare_handle,0,0,0,0,synthetic-v1
upi://pay?pa=priya.pillai@fbl&pn=Deepa%20Khan&am=2606&tn=gift,0,legit_p2p,0,0,0,0,synthetic-v1
upi://pay?pa=nikhilpillai359@hdfcbank&pn=Mary%20Iyer&tn=tuition,0,legit_p2p,0,0,0,0,synthetic-v1
upi://pay?pa=7477203021@paytm&am=28386.19,1,scam_quiet,0,0,0,0,synthetic-v1
upi://pay?pa=priyareddy599@oksbi&pn=Kiran%20Menon&tn=birthday%20gift,0,legit_p2p,0,0,0,0,synthetic-v1
upi://pay?pa=vikramsingh753@kotak&pn=Varun%20Singh&am=1000&tn=birthday%20gift,0,legit_p2p,0,0,0,0,synthetic-v1
upi://pay?pa=varun.patel@kotak&pn=Paytm%20KYC%20Team&am=28499&tn=Claim%20your%20reward,1,scam_refund_receive,0,0,0,0,synthetic-v1
upi://pay?pa=ommart9@okaxis&pn=City%20Bakery&tn=Payment,0,legit_merchant_static,0,0,0,0,synthetic-v1
upi://pay?pa=lic.premium@axisbank&pn=LIC%20Premium&am=9440&mc=9399&tr=TXN1294205425&tn=Consumer%20no%203367307,0,legit_biller,0,0,0,0,synthetic-v1
upi://pay?pa=paytmqr4912668622@paytm&pn=Balaji%20Fancy%20Store&tn=Payment,0,legit_merchant_static,0,0,0,0,synthetic-v1
upi://pay?pa=joseph.nair@hdfcbank&pn=Sneha%20Iyer&am=15000.16&tn=rent,0,legit_p2p,0,0,0,0,synthetic-v1
upi://pay?pa=7981826802@okicici&am=4000,0,legit_p2p,0,0,0,0,synthetic-v1
upi://pay?pa=gurpreet@axisbank&am=1000&tn=order,0,legit_small_shop,0,0,0,0,synthetic-v1
upi://pay?pa=7169318007@okicici&pn=Amazon%20Refund%20Desk&am=14037,1,scam_impersonation,0,0,0,0,synthetic-v1
upi://pay?pa=pinelabs.470640@hdfcbank&pn=Hotel%20Annapoorna&am=3230&mc=5912&tr=ORD169577342&tn=Invoice%202279,0,legit_merchant_dynamic,0,0,0,0,synthetic-v1
upi://pay?pa=farhan341282@hdfcbank&pn=Paytm%20KYC%20Team&am=2965&tn=KYC%20verification,1,scam_kyc_fee,8,1,0,0,synthetic-v1
upi://pay?pa=paytmqr9661649261@paytm&pn=Sri%20Lakshmi%20Medicals&mc=7538,0,legit_merchant_static,0,0,0,0,synthetic-v1
upi://pay?pa=q420178338@ybl&pn=Royal%20Fruits&mc=5499&tn=Payment,0,legit_merchant_static,0,0,0,0,synthetic-v1
upi://pay?pa=paytm.kyc95@barodampay&pn=Customs%20Clearance%20Officer&tn=cashback,1,scam_fake_merchant,0,0,0,0,synthetic-v1
upi://pay?pa=bharatpe.16178422@fbpe&pn=Green%20Leaf%20Veg&mc=5411,0,legit_merchant_static,0,0,0,0,synthetic-v1
upi://pay?pa=gurpreet878118@oksbi&pn=Police%20Cyber%20Cell&am=21599,0,scam_impersonation,8,5,1,0,synthetic-v1
upi://pay?pa=gpay.reward63@sbi&pn=Paytm%20KYC%20Team&mc=0000&am=1299&tn=refund,1,scam_fake_merchant,23,22,0,0,synthetic-v1
upi://pay?pa=q324105383@ybl&pn=Balaji%20Fancy%20Store&mc=5942,0,legit_merchant_static,0,0,0,0,synthetic-v1
upi://pay?pa=pay65762834@kotak&am=38000.48&tn=task%20payment,1,scam_quiet,8,5,0,0,synthetic-v1
upi://pay?pa=acc73768967@apl&pn=SBI%20Refund%20Dept&am=48499&tn=Get%20cashback%20now,1,scam_refund_receive,0,0,0,0,synthetic-v1
upi://pay?pa=anil.pillai@okhdfcbank&pn=CRPF%20Jawan%20Sunil&am=25000&tn=advance%20for%20item,1,scam_olx_army,1,0,0,0,synthetic-v1
upi://pay?pa=7344258102@paytm&pn=Police%20Cyber%20Cell&tn=case%20closure,1,scam_impersonation,2,1,0,0,synthetic-v1
upi://mandate?pa=8876409470@upi&pn=Electricity%20Board&am=9667&recur=MONTHLY&tn=subscription,1,scam_autopay,0,0,0,0,synthetic-v1
upi://pay?pa=8949668850@axl&pn=Amazon%20Refund%20Desk&am=9675&tn=whatsapp%209239454269,1,scam_link_in_note,0,0,0,0,synthetic-v1
upi://pay?pa=6301459865@ybl&pn=CRPF%20Jawan%20Sunil&am=8675&tn=security%20deposit,1,scam_olx_army,0,0,0,0,synthetic-v1
upi://pay?pa=7923124653@axl&pn=Rohit%20Khan&am=4701,0,legit_p2p,0,0,0,0,synthetic-v1
upi://pay?pa=swati.bose@hdfcbank&pn=Deepa%20Kumar&am=19000&tn=trip%20share,0,legit_p2p,1,0,2,0,synthetic-v1
upi://pay?pa=harish.nair@axl&pn=Divya%20Das&am=33000&tn=rent,0,legit_family_large,0,0,0,0,synthetic-v1
upi://pay?pa=cf.city857@axisbank&pn=Sri%20Lakshmi%20Medicals&am=17295&mc=7230&tr=ORD888232381&tn=Invoice%202448,0,legit_merchant_dynamic,0,0,0,0,synthetic-v1
upi://pay?pa=9567023803@upi&pn=Flipkart%20Refund%20Team&am=18353&tn=processing%20fee,1,scam_impersonation,3,3,0,0,synthetic-v1
upi:/pay?pa=6135358104@barodampay&pn=Balaji%20Fancy%20Store,1,scam_tampered_qr,9,9,0,0,synthetic-v1
upi://pay?pa=ravi89@sbi&pn=Ayesha%20Nair&am=3000.88&tn=maid%20salary,0,legit_p2p,0,0,0,0,synthetic-v1
upi://pay?pa=7469204405@yesbank&pn=Jio%20Prize%20Department&am=8296.04&tn=prize%20claim%20fee,1,scam_prize,5,3,0,0,synthetic-v1
upi://pay?pa=8251955492@upi&pn=Army%20Officer%20Rakesh&am=5961&tn=advance%20for%20item,1,scam_olx_army,1,1,0,0,synthetic-v1
upi://pay?pa=cf.janata334@axisbank&pn=City%20Bakery&am=8646&mc=5732&tr=ORD661443076&tn=Bill,0,legit_merchant_dynamic,0,0,0,0,synthetic-v1
upi://pay?pa=sanjay.gowda@okicici&pn=Ayesha%20Rao&am=4672&tn=maid%20salary,0,legit_p2p,0,0,0,0,synthetic-v1
upi://pay?pa=gurudwara.seva@pnb&pn=TTD%20Donations&mc=8398&am=4003,0,legit_temple,0,0,0,0,synthetic-v1
upi://pay?pa=neha840436@kvb&pn=Lucky%20Draw%20Office&am=21899&tn=winner%20registration,1,scam_prize,0,0,0,0,synthetic-v1
upi://pay?pa=6644613573@yesbank&pn=Govt%20Subsidy%20Office&am=8262&tn=call%206390793148%20for%20refund,1,scam_link_in_note,4,1,0,0,synthetic-v1
upi://pay?pa=razorpay.2057380@icici&pn=Kumar%20Auto%20Works&am=4000&mc=5812&tr=ORD912559801&tn=Order%20payment,0,legit_merchant_dynamic,0,0,0,0,synthetic-v1
upi://pay?pa=paytmqr8844126176@paytm&pn=Sharma%20General%20Store&mc=7538,0,legit_merchant_static,0,0,0,0,synthetic-v1
upi://pay?pa=9612431557@idfcbank&pn=Farhan%20Joshi&am=302&tn=movie,0,legit_p2p,0,0,0,0,synthetic-v1
upi://pay?pa=suresh.naik@axisbank&tn=tuition,0,legit_p2p,0,0,0,0,synthetic-v1
upi://mandate?pa=6430811441@okicici&pn=Electricity%20Board&am=8999.26&recur=WEEKLY&tn=subscription,1,scam_autopay,7,3,0,0,synthetic-v1
upi://pay?pa=sneha.pillai@yesbank&pn=PhonePe%20Cashback&am=27399&tn=Scan%20to%20receive%20your%20refund,1,scam_refund_receive,18,10,0,0,synthetic-v1
upi://pay?pa=8775650776@upi&pn=Kiran%20Joshi&tn=dinner,0,legit_p2p,0,0,0,0,synthetic-v1
upi://pay?pa=paytmqr5732501488@paytm&pn=Metro%20Tailors&mc=5331,0,legit_merchant_static,0,0,0,0,synthetic-v1
upi://pay?pa=gpay.reward@okicici&pn=Paytm%20KYC%20Team&tn=offer,1,scam_fake_merchant,0,0,0,0,synthetic-v1
upi://pay?pa=cf.green338@axisbank&pn=Om%20Sai%20Kirana&am=19421&mc=5499&tr=ORD740753974&tn=Order%20payment,0,legit_merchant_dynamic,0,0,0,0,synthetic-v1
upi://mandate?pa=6186855450@upi&pn=Suresh%20Verma&am=1299&recur=MONTHLY&tn=KYC,1,scam_autopay,0,0,0,0,synthetic-v1
upi://pay?pa=acc79889420@hdfcbank&pn=Paytm%20KYC%20Team&am=789&tn=Re-activation%20charges,1,scam_kyc_fee,1,1,0,0,synthetic-v1
upi://pay?pa=pinelabs.640118@hdfcbank&pn=Om%20Sai%20Kirana&am=11049&mc=5912&tr=ORD611816835&tn=Invoice%208220&sign=MEUCIQXe7cf2Z64842eX8afeZf,0,legit_merchant_dynamic,0,0,0,0,synthetic-v1
upi://pay?pa=8350894070@sbi&pn=Electricity%20Board%20Officer&pa=upi13139018@barodampay,0,scam_tampered_qr,0,0,0,0,synthetic-v1
upi://pay?pa=6721084271@okhdfcbank&pn=Fresh%20Fish%20Stall,0,legit_small_shop,0,0,0,0,synthetic-v1
upi://pay?pa=paytmqr8814078623@paytm&pn=Sri%20Lakshmi%20Medicals&am=10048&mc=5499&tr=ORD653451689&tn=Invoice%205808,0,legit_merchant_dynamic,0,0,0,0,synthetic-v1
upi://pay?pa=irctc.pay@hdfcbank&pn=Indian%20Railways%20IRCTC&am=5509&mc=9399&tr=TXN4011070535&tn=Property%20tax,0,legit_biller,0,0,0,0,synthetic-v1
upi://pay?pa=6628901165@oksbi&pn=Suresh%20Shetty&am=26000&tn=house%20deposit,0,legit_family_large,0,0,0,0,synthetic-v1
upi://pay?pa=6818394240@ibl&am=3797&tn=petrol,0,legit_p2p,0,0,0,0,synthetic-v1
upi://pay?pa=cf.metro811@axisbank&pn=Royal%20Fruits&am=11363&mc=5814&tr=ORD106622846&tn=Invoice%202211&sign=MEUCIQ2d3133207c691Z4551e5,0,legit_merchant_dynamic,0,0,0,0,synthetic-v1
upi://pay?pa=8689633807@idfcbank&pn=Army%20Officer%20Rakesh&am=28290&tn=security%20deposit,1,scam_olx_army,3,1,0,0,synthetic-v1
upi://pay?pa=7840183104@okhdfcbank&pn=Lakshmi%20Singh&tn=chai,0,legit_p2p,1,1,3,0,synthetic-v1
upi://pay?pa=ayesha.shetty@axisbank&pn=Rahul%20Shetty&am=51000.20&tn=house%20deposit,0,legit_family_large,0,0,0,0,synthetic-v1
upi://pay?pa=ayeshagowda485@oksbi&pn=Rohit%20Menon&am=30000&tn=hospital%20bill,0,legit_family_large,0,0,0,0,synthetic-v1
upi://pay?pa=9775195496@fbl&pn=RBI%20Grievance%20Cell&am=28749.23&tn=Claim%20your%20reward,1,scam_refund_receive,5,1,1,0,synthetic-v1
upi://pay?pa=sanjay.kumar@kvb&pn=Arjun%20Naik&am=29000&tn=trading%20profit,1,scam_quiet,0,0,0,0,synthetic-v1
upi://pay?pa=7282083196@paytm&pn=BSF%20Officer%20Vijay&am=10817.97&tn=army%20canteen,1,scam_olx_army,1,1,1,0,synthetic-v1
upi://pay?pa=sbi.kyc.update63@dlb&pn=Income%20Tax%20Department&mc=0000&am=4754,1,scam_fake_merchant,0,0,0,0,synthetic-v1
upi://pay?pa=sanjaysingh133@hdfcbank&pn=Prakash%20Mishra&am=1000.91,0,legit_p2p,0,0,0,0,synthetic-v1
upi://pay?pa=q246362730@ybl&pn=Janata%20Hardware&tn=Payment,0,legit_merchant_static,0,0,0,0,synthetic-v1
upi://pay?pa=6764068766@apl&pn=Fatima%20Pillai&am=32125&tn=trading%20profit,1,scam_quiet,4,3,0,0,synthetic-v1
upi://pay?pa=7804024614@oksbi&pn=ABC%20Store&tn=payment,0,legit_small_shop,0,0,0,0,synthetic-v1
upi://pay?pa=pay78303734@pnb&pn=Income%20Tax%20Department&am=4000.80&tn=Get%20cashback%20now,1,scam_refund_receive,2,2,0,0,synthetic-v1
upi://pay?pa=6463521971@axl&tn=maid%20salary,0,legit_p2p,0,0,0,0,synthetic-v1
upi://pay?pa=divya.kumar@okaxis&pn=Divya%20Rao&tn=petrol,0,legit_p2p,0,0,0,0,synthetic-v1
upi://pay?pa=sbi.kyc.update99@pnb&pn=TRAI%20Helpline&mc=0000&am=3499,1,scam_fake_merchant,0,0,0,0,synthetic-v1
upi://pay?pa=hdfc.care@oksbi&pn=Govt%20Subsidy%20Office&am=247.13&tn=cashback,1,scam_fake_merchant,0,0,0,0,synthetic-v1
upi://pay?pa=arjun.patel@upi&pn=Shreya%20Iyer&am=2061&tn=movie,0,legit_p2p,0,0,0,0,synthetic-v1
upi://pay?pa=razorpay.1294473@icici&pn=Sharma%20General%20Store&am=13347&mc=5499&tr=ORD913152769&tn=Invoice%207130,0,legit_merchant_dynamic,0,0,0,0,synthetic-v1
upi://pay?pa=6692112394@fbl&pn=SBI%20Refund%20Dept&am=20938&tn=case%20closure,1,scam_impersonation,3,1,0,0,synthetic-v1
upi://mandate?pa=9720463895@dbs&pn=Jio%20Recharge&am=8706&recur=MONTHLY&tn=verify%20account,1,scam_autopay,3,3,0,1,synthetic-v1
upi://pay?pa=7779008833@pnb&pn=Amazon%20Refund%20Desk&am=18000&tn=Scan%20to%20receive%20your%20refund,1,scam_refund_receive,0,0,0,0,synthetic-v1
upi://pay?pa=upi2649495@sbi&am=3817&tn=please%20send%20fast,1,scam_quiet,4,1,0,0,synthetic-v1
upi://pay?pa=harish47@okaxis&pn=Sanjay%20Gupta&am=82000&tn=college%20fees,0,legit_family_large,0,0,0,0,synthetic-v1
upi://pay?pa=9651612568@fbl&pn=Balaji%20Stores,0,legit_small_shop,0,0,0,0,synthetic-v1
upi://collect?pa=9446258253@okaxis&pn=BSF%20Officer%20Vijay&am=14821&tn=Prize%20money%20credit,1,scam_collect,0,0,0,0,synthetic-v1
upi://pay?pa=pay88384066@paytm&pn=Amazon%20Refund%20Desk&am=637&tn=visit%20bit.ly%2F67074%20to%20claim,1,scam_link_in_note,0,0,0,1,synthetic-v1
upi://pay?pa=7205209728@kotak&pn=Anil%20Iyer&am=4000&tn=maid%20salary,0,legit_p2p,0,0,0,0,synthetic-v1
upi://pay?pa=8697936588@pnb&pn=PhonePe%20Cashback&am=3220&tn=security%20deposit,1,scam_impersonation,1,1,0,0,synthetic-v1
upi://pay?pa=pinelabs.838925@hdfcbank&pn=Blue%20Star%20Salon&am=19388&mc=7230&tr=ORD497770799&tn=Bill,0,legit_merchant_dynamic,0,0,0,0,synthetic-v1
upi://pay?pa=cf.city200@axisbank&pn=Sharma%20General%20Store&am=8658&mc=5814&tr=ORD36079515&tn=Order%20payment,0,legit_merchant_dynamic,0,0,0,0,synthetic-v1
upi://pay?pa=pinelabs.194402@hdfcbank&pn=Fresh%20Mart&am=1657&mc=5331&tr=ORD738896571&tn=Order%20payment,0,legit_merchant_dynamic,0,0,0,0,synthetic-v1
upi://pay?pa=9179050427@sbi&pn=Electricity%20Board%20Officer&am=16699&tn=Scan%20to%20receive%20your%20refund,1,scam_refund_receive,0,0,0,0,synthetic-v1
upi://pay?pa=phonepe.cashback13@dlb&pn=Customs%20Clearance%20Officer&am=3668.92&tn=cashback,1,scam_fake_merchant,0,0,0,0,synthetic-v1
upi://pay?pa=ashagowda568@okhdfcbank&pn=Anjali%20Patel&am=554&tn=chai,0,legit_p2p,0,0,0,0,synthetic-v1
upi://pay?pa=user15902020@idfcbank&pn=Paytm%20KYC%20Team&am=1699&tn=Re-activation%20charges,1,scam_kyc_fee,4,3,0,0,synthetic-v1
upi://pay?pa=hdfc.care44@timecosmos&pn=Paytm%20KYC%20Team&am=2394&tn=offer,1,scam_fake_merchant,0,0,0,0,synthetic-v1
upi://pay?pa=rahul.menon@sbi&pn=Manoj%20Nair&tn=birthday%20gift,0,legit_p2p,0,0,0,0,synthetic-v1
upi://pay?pa=manojshetty49@rbl&pn=Anil%20Sharma,0,legit_rare_handle,0,0,0,0,synthetic-v1
upi://pay?pa=icici.helpdesk68@apl&pn=SBI%20Refund%20Dept&mc=0000,1,scam_fake_merchant,0,0,0,0,synthetic-v1
upi://pay?pa=farhannaik285@okicici&tn=fees,0,legit_p2p,0,0,0,0,synthetic-v1
upi://pay?pa=7487621689@idfcbank&pn=Paytm%20KYC%20Team&am=11.13&tn=KYC%20verification,1,scam_kyc_fee,0,0,0,0,synthetic-v1
upi://pay?pa=deepa.kumar@okicici&pn=Suresh%20Naik&am=84971&tn=car%20emi,0,legit_family_large,0,0,0,0,synthetic-v1
upi://pay?pa=paytmqr3619233834@paytm&pn=Sharma%20General%20Store&am=17870&mc=5732&tr=ORD941365331,0,legit_merchant_dynamic,0,0,0,0,synthetic-v1
upi://pay?pa=9163668342@rbl&pn=Prakash%20Kumar&am=13000&tn=Refund%20of%20Rs%2013000,1,scam_refund_receive,9,9,0,0,synthetic-v1
upi://pay?pa=priyastore@okicici&pn=Priya%20Beauty%20Parlour&tn=payment,0,legit_small_shop,0,0,0,0,synthetic-v1
upi://pay?pa=acc45916009@paytm&pn=HDFC%20Customer%20Care&am=22000.49&tn=Enter%20PIN%20to%20receive%20money,0,scam_refund_receive,0,0,0,0,synthetic-v1
upi://pay?pa=paytmqr7838815445@paytm&pn=Balaji%20Fancy%20Store&am=104&mc=5814&tr=ORD261581629&tn=Invoice%20469,0,legit_merchant_dynamic,0,0,0,0,synthetic-v1
upi://collect?pa=rahul981167@ibl&pn=Govt%20Subsidy%20Office&am=15374&tn=Cashback%20credited%20on%20scan,1,scam_collect,9,4,0,0,synthetic-v1
upi://pay?pa=9466675173@icici&pn=RBI%20Grievance%20Cell&am=20618.54&tn=security%20deposit,1,scam_impersonation,5,2,1,0,synthetic-v1
upi://pay?pa=acc96869593@kotak&pn=Govt%20Subsidy%20Office&tn=case%20closure,1,scam_impersonation,0,0,0,0,synthetic-v1
upi://pay?pa=iskcon.bangalore@icici&pn=CRY%20Donations&mc=8398&am=2774,0,legit_temple,0,0,0,0,synthetic-v1
upi://pay?pa=cf.royal210@axisbank&pn=Kumar%20Auto%20Works&am=10939&mc=5411&tr=ORD443682322&tn=Invoice%20207,0,legit_merchant_dynamic,0,0,0,0,synthetic-v1
upi://pay?pa=user65966925@okicici&pn=Amazon%20Refund%20Desk&am=24517&tn=Scan%20to%20receive%20your%20refund,1,scam_refund_receive,0,0,0,0,synthetic-v1
upi://pay?pa=cf.metro653@axisbank&pn=Green%20Leaf%20Veg&am=8114&mc=4121&tr=ORD1142847,0,legit_merchant_dynamic,0,0,0,0,synthetic-v1
upi://pay?pa=7697414713@kvb&pn=Govt%20Subsidy%20Office&am=12000&tn=Scan%20to%20receive%20your%20refund,1,scam_refund_receive,4,4,0,0,synthetic-v1
upi://pay?pa=paytmqr4628348320@paytm&pn=Blue%20Star%20Salon,0,legit_merchant_static,0,0,0,0,synthetic-v1
upi://pay?pa=9991662269@axl&pn=Swati%20Menon&am=86000.96&tn=college%20fees,0,legit_family_large,0,0,0,0,synthetic-v1
upi:/pay?pa=pay78178175@kotak&pn=TRAI%20Helpline,1,scam_tampered_qr,0,0,0,0,synthetic-v1
upi://pay?pa=6838415425@apl&pn=Electricity%20Board%20Officer&am=1899&tn=security%20deposit,1,scam_impersonation,0,0,0,0,synthetic-v1
upi://pay?pa=farhan151@okicici&pn=Om%20Paan%20Shop&tn=order,0,legit_small_shop,0,0,0,0,synthetic-v1
upi://pay?pa=8420720010@hdfcbank&pn=Kumar%20Xerox&am=6165.83&tn=payment,0,legit_small_shop,0,0,0,0,synthetic-v1
upi://pay?pa=bharatpe.42281150@fbpe&pn=Janata%20Hardware&mc=5732,0,legit_merchant_static,0,0,0,0,synthetic-v1
upi://pay?pa=q595780306@ybl&pn=Janata%20Hardware&mc=5499&tn=Payment,0,legit_merchant_static,0,0,0,0,synthetic-v1
upi://pay?pa=lic.premium@axisbank&pn=LIC%20Premium&am=7650&mc=6300&tr=TXN2408096081&tn=Bill%20payment,0,legit_biller,0,0,0,1,synthetic-v1
upi://pay?pa=8546290981@axl&pn=Anjali%20Sharma&am=4908&tn=rent,0,legit_p2p,0,0,0,0,synthetic-v1
upi://pay?pa=paytmqr5611205320@paytm&pn=Fresh%20Mart&mc=5311,0,legit_merchant_static,1,1,3,0,synthetic-v1
upi://pay?pa=razorpay.1636753@icici&pn=Om%20Sai%20Kirana&am=9132&mc=5411&tr=ORD194458903&sign=MEUCIQY437dfaZ6a75X3e1a935,0,legit_merchant_dynamic,0,0,0,0,synthetic-v1
upi://pay?pa=srishop47@okaxis&pn=Balaji%20Fancy%20Store&mc=5411,0,legit_merchant_static,0,0,0,0,synthetic-v1
upi://pay?pa=sneha.gupta@hdfcbank&pn=Jio%20Prize%20Department&am=7499&tn=winner%20registration,1,scam_prize,0,0,0,0,synthetic-v1
upi://pay?pa=fatimakhan177@axl&pn=Fatima%20Nair&am=1996,0,legit_p2p,0,0,0,0,synthetic-v1
upi://pay?pa=q156016285@ybl&pn=Sharma%20General%20Store,0,legit_merchant_static,0,0,0,0,synthetic-v1
upi://pay?pa=cry.donate@hdfcbank&pn=Akshaya%20Patra,0,legit_temple,0,0,0,0,synthetic-v1
upi://pay?pa=8377635500@barodampay&pn=Army%20Officer%20Rakesh&am=23961&tn=refundable%20deposit,1,scam_olx_army,0,0,0,0,synthetic-v1
upi://pay?pa=farhanpillai44@okicici&pn=Sanjay%20Verma&tn=chai,0,legit_p2p,0,0,0,0,synthetic-v1
upi://pay?pa=ayesha.pillai@sbi&pn=Ayesha%20Verma&am=3922.71&tn=cab%20share,0,legit_p2p,0,0,0,0,synthetic-v1
upi://pay?pa=9402891054@idfcbank&pn=Rohit%20Sharma&am=4359&tn=groceries,0,legit_p2p,0,0,0,0,synthetic-v1
upi://pay?pa=acc51117111@idfcbank&pn=Rahul%20Kumar&am=2000&tn=investment,1,scam_quiet,5,2,0,1,synthetic-v1
upi://pay?pa=8137588828@idfcbank&pn=Flipkart%20Refund%20Team&pa=9962943188@ybl,1,scam_tampered_qr,0,0,0,0,synthetic-v1
upi://pay?pa=pay32688152@paytm&pn=Income%20Tax%20Department&am=24599&tn=Receive%20payment%20from%20buyer,1,scam_refund_receive,1,1,0,0,synthetic-v1
upi://pay?pa=gurudwara.seva@pnb&pn=TTD%20Donations,0,legit_temple,0,0,0,0,synthetic-v1
upi://collect?pa=68422613@hdfcbank&pn=Flipkart%20Refund%20Team&am=3256&tn=Cashback%20credited%20on%20scan,1,scam_collect,5,1,0,1,synthetic-v1
upi://pay?pa=customer.care.help@axisbank&pn=Police%20Cyber%20Cell&mc=0000&am=7625.95&tn=refund,1,scam_fake_merchant,0,0,0,1,synthetic-v1
upi://pay?pa=josephnair529@paytm&pn=Harish%20Gupta&am=18806&tn=rent,0,legit_family_large,0,0,0,0,synthetic-v1
upi://pya?pa=sunita834314@oksbi&pn=Sharma%20General%20Store,1,scam_tampered_qr,0,0,0,0,synthetic-v1
upi://pay?pa=q721303862@ybl&pn=Sharma%20General%20Store&mc=5311,0,legit_merchant_static,0,0,0,0,synthetic-v1
upi://pay?pa=6895946548@axisbank&pn=HDFC%20Customer%20Care&am=29358&tn=Get%20cashback%20now,1,scam_refund_receive,0,0,0,0,synthetic-v1
upi://pay?pa=9900191542@sbi&pn=Nikhil%20Bose&am=50000.40&tn=hospital%20bill,0,legit_family_large,0,0,0,0,synthetic-v1
upi://pay?pa=fatima15@axisbank&pn=Ayesha%20Gupta&am=2703&tn=gift,0,legit_p2p,0,0,0,0,synthetic-v1
upi://pay?pa=7487151420@icici&am=250&tn=bill,0,legit_small_shop,0,0,0,0,synthetic-v1
upi://collect?pa=6328338916@pnb&pn=Flipkart%20Refund%20Team&am=9303&tn=Refund%20processing%20-%20scan%20to%20get,1,scam_collect,0,0,0,0,synthetic-v1
upi://pay?pa=icici.helpdesk@cmsidfc&pn=SBI%20Refund%20Dept&am=2170,1,scam_fake_merchant,0,0,0,0,synthetic-v1
upi://pay?pa=8328929223@fbl&pn=Amazon%20Refund%20Desk&am=23299.33&tn=case%20closure,1,scam_impersonation,3,1,1,1,synthetic-v1
upi://pay?pa=arjun@apl&pn=Priya%20Beauty%20Parlour&am=3000,0,legit_small_shop,1,1,0,0,synthetic-v1
upi://pay?pa=arjun.sharma@sbi&pn=PhonePe%20Cashback&am=4399&tn=pending%20bill,1,scam_impersonation,0,0,0,0,synthetic-v1
upi://pay?pa=cf.fresh751@axisbank&pn=Raj%20Mobile%20Point&am=4642.59&mc=7230&tr=ORD226009367&tn=Bill&sign=MEUCIQe29e8ae75Xa9a5Zf59e5,0,legit_merchant_dynamic,0,0,1,0,synthetic-v1
upi://pay?pa=paytmqr7537143298@paytm&pn=Janata%20Hardware&am=7836&mc=5942&tr=ORD583247008,0,legit_merchant_dynamic,0,0,0,0,synthetic-v1
upi://pay?pa=anjali.rao@kvb&pn=Lucky%20Draw%20Office&am=13284.60&tn=prize%20claim%20fee,0,scam_prize,0,0,0,0,synthetic-v1
upi://pay?pa=cf.metro639@axisbank&pn=Sharma%20General%20Store&am=6387&mc=5411&tr=ORD187112074&tn=Invoice%203667,0,legit_merchant_dynamic,0,0,0,0,synthetic-v1
upi://pay?pa=treasury.ker@sbi&pn=Kerala%20Govt%20Treasury&am=13034&mc=6300&tr=TXN4001168732&tn=Consumer%20no%203358676,0,legit_biller,0,0,0,0,synthetic-v1
upi://pay?pa=pinelabs.793687@hdfcbank&pn=Janata%20Hardware&am=12303.65&mc=5411&tr=ORD129021795&tn=Bill,0,legit_merchant_dynamic,0,0,0,0,synthetic-v1
upi://pay?pa=tirumala.donations@sbi&pn=TTD%20Donations,0,legit_temple,0,0,0,0,synthetic-v1
upi://pay?pa=shivastore@okaxis&pn=Shiva%20Flowers&am=6148.73&tn=payment,0,legit_small_shop,0,0,0,0,synthetic-v1
upi://pay?pa=8383479477@jupiteraxis&pn=Suresh%20Menon,0,legit_rare_handle,0,0,0,0,synthetic-v1
upi://pay?pa=pinelabs.473796@hdfcbank&pn=City%20Bakery&am=19554.94&mc=5411&tr=ORD181616684&tn=Bill,0,legit_merchant_dynamic,0,0,1,0,synthetic-v1
upi://pay?pa=42650176@okicici&pn=Mary%20Shetty&am=15000,1,scam_quiet,9,1,0,0,synthetic-v1
upi://pay?pa=hdfc.care69@upi&pn=Govt%20Subsidy%20Office&tn=refund,1,scam_fake_merchant,0,0,0,0,synthetic-v1
upi://pay?pa=manojpatel31@idfcbank&pn=Kavya%20Shetty&am=60000&tn=wedding,0,legit_family_large,1,0,3,0,synthetic-v1
upi://pay?pa=divya.khan@yesbank&pn=Farhan%20Reddy&am=3959&tn=loan%20return,0,legit_p2p,0,0,0,0,synthetic-v1
upi://pay?pa=arjun.bose@kotak&pn=Gurpreet%20Singh&am=1232&tn=trip%20share,0,legit_p2p,0,0,0,0,synthetic-v1
upi://pay?pa=q959841411@ybl&pn=Green%20Leaf%20Veg&mc=7230,0,legit_merchant_static,0,0,0,0,synthetic-v1
upi://pay?pa=anil47@barodampay&pn=Ayesha%20Reddy&am=3769&tn=rent,0,legit_p2p,1,0,1,0,synthetic-v1
upi://pay?pa=bbmp.propertytax@sbi&pn=BBMP%20Property%20Tax&am=1148&mc=4112&tr=TXN1471971258&tn=Property%20tax,0,legit_biller,0,0,0,0,synthetic-v1
upi://pay?pa=q548211810@ybl&pn=Fresh%20Mart&mc=5499&tn=Payment,0,legit_merchant_static,3,1,2,0,synthetic-v1
upi://pay?pa=sneha451857@sbi&pn=Army%20Officer%20Rakesh&am=16000&tn=advance%20for%20item,1,scam_olx_army,34,28,0,0,synthetic-v1
upi://pay?pa=freshstall@okhdfcbank&pn=Fresh%20Fish%20Stall&tn=payment,0,legit_small_shop,0,0,0,0,synthetic-v1
upi://pay?pa=hotelshop98@okaxis&pn=Kumar%20Auto%20Works,0,legit_merchant_static,0,0,0,0,synthetic-v1
upi://pay?pa=q316137018@ybl&pn=City%20Bakery&mc=5411,0,legit_merchant_static,0,0,0,0,synthetic-v1
upi://pay?pa=meera71@rbl&pn=Kavya%20Gowda&am=1505,0,legit_rare_handle,0,0,0,0,synthetic-v1
upi://pay?pa=waterboard.collect@icici&pn=Municipal%20Water%20Board&am=310&mc=4112&tr=TXN19092915&tn=Bill%20payment,0,legit_biller,0,0,0,0,synthetic-v1
upi://pay?pa=6917388496@axl&pn=Customs%20Clearance%20Officer,1,scam_impersonation,0,0,0,0,synthetic-v1
upi://pay?pa=ayesha.mishra@kotak&am=193&tn=maid%20salary,0,legit_p2p,0,0,0,0,synthetic-v1
upi://pay?pa=icici.helpdesk@icici&pn=Govt%20Subsidy%20Office&mc=0000&tn=cashback,1,scam_fake_merchant,0,0,0,0,synthetic-v1
upi://pay?pa=swati.mishra@paytm&pn=Asha%20Rao&am=69000&tn=rent,0,legit_family_large,0,0,0,0,synthetic-v1
upi://pay?pa=ayeshasingh862@idfcbank&pn=Joseph%20Bose&am=14211&tn=hospital%20bill,0,legit_family_large,0,0,0,0,synthetic-v1
upi://pay?pa=farhan56@yesbank&pn=Anjali%20Singh&tn=dinner,0,legit_p2p,1,0,3,0,synthetic-v1
upi://pay?pa=8637554885@upi&pn=ICICI%20Bank%20Support&am=16096,1,scam_impersonation,3,3,0,0,synthetic-v1
upi://pay?pa=6472488450@barodampay&pn=PhonePe%20Cashback&tn=processing%20fee,1,scam_impersonation,1,0,0,0,synthetic-v1
upi://collect?pa=divya188077@okicici&pn=Army%20Officer%20Rakesh&am=25633&tn=advance%20for%20item,1,scam_olx_army,0,0,0,0,synthetic-v1
upi://pay?pa=bharatpe.62739027@fbpe&pn=Janata%20Hardware&mc=5311,0,legit_merchant_static,0,0,0,0,synthetic-v1
upi://pay?pa=bharatpe.85322215@fbpe&pn=Royal%20Fruits&mc=5912,0,legit_merchant_static,0,0,1,0,synthetic-v1
upi://pay?pa=7749577970@paytm&pn=Amazon%20Refund%20Desk&am=14334&tn=Refund%20processing%20-%20scan%20to%20get,1,scam_refund_receive,3,1,1,0,synthetic-v1
upi://pay?pa=paytm.kyc@axl&pn=Govt%20Subsidy%20Office&mc=0000&am=1199&tn=refund,1,scam_fake_merchant,0,0,0,0,synthetic-v1
upi://pay?pa=pinelabs.576761@hdfcbank&pn=Green%20Leaf%20Veg&am=14082.84&mc=5942&tr=ORD378687265,0,legit_merchant_dynamic,0,0,0,0,synthetic-v1
upi://pay?pa=vikram.patel@fbl&am=1000&tn=rent,0,legit_p2p,0,0,0,0,synthetic-v1
upi://pay?pa=pinelabs.146718@hdfcbank&pn=Green%20Leaf%20Veg&am=5123&mc=4121&tr=ORD804445509&tn=Bill,0,legit_merchant_dynamic,0,0,0,0,synthetic-v1
upi://pay?pa=arunpillai986@paytm&pn=Prakash%20Mishra&am=2990.95&tn=dinner,0,legit_p2p,0,0,0,0,synthetic-v1
upi://pay?pa=razorpay.6331845@icici&pn=Kumar%20Auto%20Works&am=1793&mc=5942&tr=ORD175946629&tn=Invoice%201657,0,legit_merchant_dynamic,0,0,0,0,synthetic-v1
upi://pay?pa=9711784392@axisbank&pn=Amazon%20Lucky%20Winner&am=18299&tn=winner%20registration,1,scam_prize,0,0,0,0,synthetic-v1
upi://pay?pa=pay21188211@ybl&pn=Sri%20Lakshmi%20Medicals&pa=suresh761035@yesbank,1,scam_tampered_qr,0,0,0,0,synthetic-v1
upi://pay?pa=9785572374@okicici&pn=Om%20Paan%20Shop&am=2000,0,legit_small_shop,0,0,0,0,synthetic-v1
upi://pay?pa=anil59@icici&pn=Ayesha%20Verma&am=3384&tn=gift,0,legit_p2p,0,0,0,0,synthetic-v1
upi://pay?pa=8329247155@apl&pn=Paytm%20KYC%20Team&am=1973&tn=KYC%20update%20charge,1,scam_kyc_fee,0,0,0,0,synthetic-v1
upi://pay?pa=paytmqr1027225378@paytm&pn=Sri%20Lakshmi%20Medicals&mc=5732&tn=Payment,0,legit_merchant_static,0,0,0,0,synthetic-v1
upi://pay?pa=cf.janata955@axisbank&pn=Royal%20Fruits&am=16525&mc=7538&tr=ORD553066132&tn=Bill,0,legit_merchant_dynamic,0,0,0,0,synthetic-v1
upi://pay?pa=7266334746@oksbi&pn=Income%20Tax%20Department&am=34000&tn=Claim%20your%20reward,1,scam_refund_receive,3,3,0,0,synthetic-v1
upi://pay?pa=sureshpillai830@dlb&pn=Sunita%20Das,0,legit_rare_handle,0,0,0,0,synthetic-v1
upi://pay?pa=8823918992@fbl&pn=Anil%20Reddy&am=59000&tn=rent,0,legit_family_large,0,0,0,0,synthetic-v1
upi://pay?pa=paytmqr4914392303@paytm&pn=Metro%20Tailors&am=5893&mc=5331&tr=ORD284735711&tn=Order%20payment,0,legit_merchant_dynamic,0,0,0,0,synthetic-v1
upi://pay?pa=paytmqr9380930098@paytm&pn=Sri%20Lakshmi%20Medicals&am=7832&mc=5814&tr=ORD12970119&tn=Bill,0,legit_merchant_dynamic,0,0,0,0,synthetic-v1
upi://pay?pa=waterboard.collect@icici&pn=Municipal%20Water%20Board&am=14185&mc=9311&tr=TXN3767476432&tn=Property%20tax,0,legit_biller,0,0,0,0,synthetic-v1
upi://pay?pa=varun@hdfcbank&pn=Kumar%20Xerox&am=10000&tn=bill,0,legit_small_shop,0,0,0,0,synthetic-v1
upi://pay?pa=waterboard.collect@icici&pn=Municipal%20Water%20Board&am=9345.29&mc=4900&tr=TXN5364841841&tn=Property%20tax,0,legit_biller,0,0,0,0,synthetic-v1
upi://pay?pa=6321751118@axisbank&pn=PhonePe%20Cashback&am=30867&tn=Prize%20money%20credit,1,scam_refund_receive,5,1,0,0,synthetic-v1
upi://pay?pa=7887318160@okicici&am=9000&tn=trading%20profit,1,scam_quiet,2,1,0,0,synthetic-v1
upi://pay?pa=7678787785@ibl&pn=Asha%20Gowda&tn=tuition,0,legit_p2p,0,0,0,0,synthetic-v1
upi://pay?pa=q123257832@ybl&pn=City%20Bakery&mc=7538&tn=Payment,0,legit_merchant_static,3,0,2,0,synthetic-v1
upi://pay?pa=balajistore@barodampay&pn=Balaji%20Stores&am=6356&tn=bill,0,legit_small_shop,0,0,0,0,synthetic-v1
upi://collect?pa=farhan596367@idfcbank&pn=PhonePe%20Cashback&am=1163&tn=Claim%20your%20reward,1,scam_collect,14,13,0,0,synthetic-v1
upi://pay?pa=paytmqr2031085496@paytm&pn=Fresh%20Mart&mc=5311,0,legit_merchant_static,0,0,0,0,synthetic-v1
upi://pay?pa=pinelabs.190183@hdfcbank&pn=Green%20Leaf%20Veg&am=10866.75&mc=7538&tr=ORD953876571&tn=Order%20payment,0,legit_merchant_dynamic,0,0,0,0,synthetic-v1
upi://pay?pa=rbi.claim57@rbl&pn=Paytm%20KYC%20Team&mc=0000&am=3928.39,1,scam_fake_merchant,8,8,0,0,synthetic-v1
upi://pay?pa=7871295059@paytm&pn=SBI%20KYC%20Cell&am=1461.28&tn=KYC%20verification,1,scam_kyc_fee,11,6,0,0,synthetic-v1
upi://pay?pa=9869777724@ybl&pn=City%20Laundry&tn=payment,0,legit_small_shop,0,0,0,0,synthetic-v1
upi://pay?pa=8673168026@barodampay&pn=Paytm%20KYC%20Team&am=8870&tn=call%208287902403%20for%20refund,1,scam_link_in_note,1,0,1,0,synthetic-v1
upi://pay?pa=neha.reddy@dbs&pn=PhonePe%20Cashback&am=5053&tn=visit%20bit.ly%2F91272%20to%20claim,0,scam_link_in_note,0,0,0,0,synthetic-v1
upi://pay?pa=suresh844@sbi&pn=Fresh%20Fish%20Stall&tn=payment,0,legit_small_shop,0,0,0,0,synthetic-v1
upi://pay?pa=anjalipillai735@hdfcbank&am=1744&tn=groceries,0,legit_p2p,0,0,0,0,synthetic-v1
upi://pay?pa=priya635204@axisbank&pn=Amazon%20Refund%20Desk&am=1399&tn=Receive%20payment%20from%20buyer,1,scam_refund_receive,0,0,0,0,synthetic-v1
upi://pay?pa=6169430960@axisbank&am=13000&tn=urgent,1,scam_quiet,1,1,0,0,synthetic-v1
upi://pay?pa=swati.nair@axl&pn=TRAI%20Helpline&am=20499&tn=Refund%20processing%20-%20scan%20to%20get,1,scam_refund_receive,10,9,0,0,synthetic-v1
upi://pay?pa=sanjay51@kotak&pn=Mary%20Menon&am=2000.99&tn=groceries,0,legit_p2p,0,0,0,0,synthetic-v1
upi://autopay?pa=9956497608@kvb&pn=Amazon%20Prime&am=2899&recur=DAILY&tn=cashback%20activation,1,scam_autopay,0,0,0,0,synthetic-v1
upi://pay?pa=shreyareddy455@okhdfcbank&pn=Meera%20Mishra&am=17000&tn=house%20deposit,0,legit_family_large,0,0,0,0,synthetic-v1
upi://pay?pa=anjali@oksbi&pn=Fresh%20Fish%20Stall,0,legit_small_shop,0,0,0,0,synthetic-v1
upi://collect?pa=9538810594@ibl&pn=Indian%20Army%20Canteen&am=22000&tn=refundable%20deposit,1,scam_olx_army,23,21,0,0,synthetic-v1
upi://pay?pa=9382430182@pnb&pn=PhonePe%20Cashback&am=10605&tn=pending%20bill,1,scam_impersonation,4,3,0,0,synthetic-v1
upi://pay?pa=joseph.bose@ibl&pn=Flipkart%20Refund%20Team&am=24499&tn=Cashback%20credited%20on%20scan,1,scam_refund_receive,0,0,0,0,synthetic-v1
upi://pay?pa=6228199006@sbi&pn=ICICI%20Bank%20Support&am=18699&tn=processing%20fee,1,scam_impersonation,0,0,0,0,synthetic-v1
upi://pay?pa=6660024198@okaxis&pn=SBI%20Refund%20Dept&am=18299&tn=Refund%20of%20Rs%2018299,1,scam_refund_receive,7,3,0,0,synthetic-v1
upi://pay?pa=7102564061@kotak&pn=Metro%20Chaat&am=300,0,legit_small_shop,0,0,0,0,synthetic-v1
upi://pay?pa=paytm.kyc@dbs&pn=Income%20Tax%20Department&tn=cashback,1,scam_fake_merchant,3,3,1,0,synthetic-v1
upi://pay?pa=8880518791@axl&pn=Prakash%20Sharma&tn=electricity%20share,0,legit_p2p,0,0,0,0,synthetic-v1
upi://pay?pa=q216915874@ybl&pn=Janata%20Hardware&mc=5812,0,legit_merchant_static,0,0,0,0,synthetic-v1
upi://pay?pa=6145347401@pnb&pn=ICICI%20Bank%20Support&am=11000.08&tn=Claim%20your%20reward,1,scam_refund_receive,1,0,0,0,synthetic-v1
upi://pay?pa=anil.shetty@idfcbank&pn=Arjun%20Patel&am=66000.52&tn=rent,0,legit_family_large,0,0,0,0,synthetic-v1
upi://pay?pa=arjun.singh@apl&pn=Customs%20Clearance%20Officer&am=6406&tn=details%20http%3A%2F%2Fkyc-309.xyz,1,scam_link_in_note,3,1,1,0,synthetic-v1
upi://pay?pa=deepa.iyer@sbi&pn=Ravi%20Gowda&tn=groceries,0,legit_p2p,0,0,0,0,synthetic-v1
upi://pay?pa=sneha701342@yesbank&pn=Amazon%20Lucky%20Winner&am=17499&tn=prize%20claim%20fee,1,scam_prize,0,0,0,0,synthetic-v1
upi://pay?pa=swati735186@axl&pn=Income%20Tax%20Department&am=41000&tn=Scan%20to%20receive%20your%20refund,1,scam_refund_receive,6,3,0,0,synthetic-v1
upi://pay?pa=customer.care.help46@kotak&pn=RBI%20Grievance%20Cell&mc=0000&am=5731&tn=cashback,1,scam_fake_merchant,3,3,0,0,synthetic-v1
upi://pay?pa=anjali47@cmsidfc&pn=Nikhil%20Sharma,0,legit_rare_handle,0,0,0,0,synthetic-v1
upi://pay?pa=acc88976900@axl&pn=Amazon%20Refund%20Desk&am=43399&tn=Scan%20to%20receive%20your%20refund,1,scam_refund_receive,3,3,0,0,synthetic-v1
upi://pay?pa=pooja.mishra@okicici&pn=Fatima%20Shetty&am=1008&tn=petrol,0,legit_p2p,0,0,0,0,synthetic-v1
upi://pay?pa=prakash.bose@kotak&pn=Janata%20Hardware&am=7109&pa=9652329034@upi,1,scam_tampered_qr,0,0,0,0,synthetic-v1
upi://pay?pa=7365697492@okaxis&pn=Om%20Paan%20Shop&am=2546&tn=payment,1,legit_small_shop,0,0,0,0,synthetic-v1
upi://pay?pa=farhan159768@paytm&pn=Nikhil%20Kumar&am=25000.13&tn=task%20payment,1,scam_quiet,5,2,0,0,synthetic-v1
upi://mandate?pa=manoj.naik@sbi&pn=Amazon%20Prime&am=199&recur=WEEKLY&tn=subscription,1,scam_autopay,0,0,0,0,synthetic-v1
upi://pay?pa=kiran@idfcbank&pn=Metro%20Chaat,0,legit_small_shop,0,0,0,0,synthetic-v1
upi://pay?pa=bbmp.propertytax@sbi&pn=BBMP%20Property%20Tax&am=6031&mc=6300&tr=TXN3520359257&tn=Bill%20payment,0,legit_biller,0,0,0,0,synthetic-v1
upi://pay?pa=pinelabs.453357@hdfcbank&pn=Sri%20Lakshmi%20Medicals&am=5341.30&mc=5814&tr=ORD463466210,0,legit_merchant_dynamic,0,0,0,0,synthetic-v1
upi://pay?pa=bbmp.propertytax@sbi&pn=BBMP%20Property%20Tax&am=10783&mc=4900&tr=TXN2887672814&tn=Bill%20payment,0,legit_biller,1,0,0,0,synthetic-v1
upi://pay?pa=paytmqr9711589608@paytm&pn=City%20Bakery&mc=5812,0,legit_merchant_static,0,0,0,0,synthetic-v1
upi://pay?pa=icici.helpdesk69@idfcbank&pn=Customs%20Clearance%20Officer&am=6599&tn=refund,1,scam_fake_merchant,0,0,0,0,synthetic-v1
upi://pay?pa=paytmqr9239973694@paytm&pn=Fresh%20Mart&am=324.41&mc=5732&tr=ORD180986125&tn=Order%20payment&sign=MEUCIQdefZ08e3c2c80fb4e6c0,0,legit_merchant_dynamic,0,0,0,0,synthetic-v1
upi://pay?pa=8163066122@hdfcbank&pn=Anna%20Idli%20Stall&tn=payment,0,legit_small_shop,0,0,1,1,synthetic-v1
upi://pay?pa=swati74@rbl&pn=Divya%20Das&am=2809,0,legit_rare_handle,0,0,0,0,synthetic-v1
upi://pay?pa=rohit42@okaxis&pn=Priya%20Joshi,0,legit_p2p,0,0,0,0,synthetic-v1
upi://pay?pa=iskcon.bangalore@icici&pn=ISKCON%20Temple&mc=8661,0,legit_temple,1,0,0,0,synthetic-v1
upi://pay?pa=deepa826028@@kvb&pn=Green%20Leaf%20Veg&am=1547,1,scam_tampered_qr,0,0,0,0,synthetic-v1
upi://pay?pa=7126044852@axl&pn=ICICI%20Bank%20Support&am=8099.16,1,scam_impersonation,14,1,0,0,synthetic-v1
upi://pay?pa=anil18@jupiteraxis&pn=Mary%20Rao&am=2259,0,legit_rare_handle,2,1,1,0,synthetic-v1
upi://pay?pa=7900213026@apl&pn=KBC%20Lottery%20Winner&am=10699&tn=GST%20on%20prize,1,scam_prize,4,2,0,0,synthetic-v1
upi://pay?pa=cry.donate@hdfcbank&pn=CRY%20Donations&mc=8398,0,legit_temple,0,0,0,0,synthetic-v1
upi://pay?pa=mahalakshmi@ybl&pn=Mahalakshmi%20Stores&am=500&tn=bill,0,legit_small_shop,0,0,0,0,synthetic-v1
upi://pay?pa=akshayapatra@axisbank&pn=ISKCON%20Temple&mc=8398,0,legit_temple,1,0,1,0,synthetic-v1
upi://pay?pa=prakash.gupta@axisbank&pn=Harish%20Reddy&am=574&tn=groceries,0,legit_p2p,0,0,0,0,synthetic-v1
upi://pay?pa=shreya@axisbank&pn=Rahul%20Mobile%20Repair&am=7942&tn=order,0,legit_small_shop,0,0,0,0,synthetic-v1
upi://autopay?pa=21275884@ybl&pn=Amazon%20Prime&am=899&recur=DAILY&tn=subscription,1,scam_autopay,5,2,1,0,synthetic-v1
upi://pay?pa=6323576592@hdfcbank&pn=Sai%20Vegetables&am=10000,0,legit_small_shop,0,0,0,0,synthetic-v1
upi://pay?pa=8605786875@kotak&pn=Kumar%20Xerox&tn=payment,0,legit_small_shop,0,0,0,1,synthetic-v1
upi://pay?pa=paytmqr6458863725@paytm&pn=Hotel%20Annapoorna&mc=5912,0,legit_merchant_static,0,0,0,0,synthetic-v1
upi://pay?pa=deepa.gupta@okaxis&pn=Divya%20Khan&am=3956&tn=groceries,0,legit_p2p,0,0,0,0,synthetic-v1
upi://pay?pa=sbi.refund24@okaxis&pn=Govt%20Subsidy%20Office&tn=offer,1,scam_fake_merchant,0,0,0,0,synthetic-v1
upi://pay?pa=ashamishra386@sbi&pn=Lakshmi%20Menon&am=3467&tn=rent,0,legit_p2p,0,0,0,0,synthetic-v1
upi://collect?pa=upi22211039@pnb&pn=TRAI%20Helpline&am=14699&tn=Get%20cashback%20now,1,scam_collect,8,5,0,0,synthetic-v1
upi://pay?pa=bluestore82@okaxis&pn=Sri%20Lakshmi%20Medicals&mc=5912&tn=Payment,0,legit_merchant_static,0,0,1,0,synthetic-v1
upi://pay?pa=nikhil27@idfcbank&pn=Ayesha%20Iyer&am=751&tn=tuition,0,legit_p2p,0,0,0,0,synthetic-v1
upi://autopay?pa=vikram948590@ibl&pn=Netflix&am=2841&recur=MONTHLY&tn=cashback%20activation,1,scam_autopay,0,0,0,0,synthetic-v1
upi://pay?pa=harish84@okaxis&pn=Arjun%20Gupta&am=74000&tn=house%20deposit,0,legit_family_large,0,0,0,0,synthetic-v1
upi://pay?pa=6345467945@ybl&pn=Mega%20Prize%20Claim&am=19499.38&tn=tax%20on%20winning,1,scam_prize,0,0,0,0,synthetic-v1
upi://pay?pa=irctc.pay@hdfcbank&pn=Indian%20Railways%20IRCTC&am=10262&mc=6300&tr=TXN8242685698&tn=Consumer%20no%201462991,0,legit_biller,0,0,0,0,synthetic-v1
upi://pay?pa=8731704668@apl&pn=Lakshmi%20Verma&tn=movie,0,legit_p2p,0,0,0,0,synthetic-v1
upi://pay?pa=6499282666@dbs&pn=Deepa%20Menon&am=29992&tn=trading%20profit,1,scam_quiet,3,1,0,0,synthetic-v1
upi://pay?pa=bharatpe.46699370@fbpe&pn=Royal%20Fruits&mc=5814,0,legit_merchant_static,0,0,0,0,synthetic-v1
upi://pay?pa=rahulmishra241@fbl&pn=Sneha%20Reddy&am=1000&tn=rent,0,legit_p2p,0,0,0,0,synthetic-v1
upi://pay?pa=mary861566@dbs&pn=Paytm%20KYC%20Team&am=347&tn=KYC%20verification,1,scam_kyc_fee,0,0,0,1,synthetic-v1
upi://pay?pa=paytmqr6044522591@paytm&pn=Blue%20Star%20Salon&mc=5311,0,legit_merchant_static,0,0,0,0,synthetic-v1
upi://pay?pa=cf.city998@axisbank&pn=Anand%20Sweets&am=828&mc=5331&tr=ORD657440084,0,legit_merchant_dynamic,0,0,0,1,synthetic-v1
upi://pay?pa=incometax.refund@yesbank&pn=Electricity%20Board%20Officer&mc=0000&am=5199&tn=refund,1,scam_fake_merchant,0,0,0,0,synthetic-v1
upi://pay?pa=saistall@okicici&pn=Sai%20Vegetables&am=5731&tn=payment,0,legit_small_shop,0,0,0,0,synthetic-v1
upi://pay?pa=6606640916@oksbi&pn=SBI%20Refund%20Dept&am=45000&tn=Claim%20your%20reward,1,scam_refund_receive,0,0,0,0,synthetic-v1
upi://pay?pa=pay96433255@rbl&pn=BSF%20Officer%20Vijay&am=19520&tn=security%20deposit,1,scam_olx_army,0,0,0,0,synthetic-v1
upi://pay?pa=pinelabs.680509@hdfcbank&pn=Royal%20Fruits&am=4621&mc=5331&tr=ORD887903477,0,legit_merchant_dynamic,0,0,0,0,synthetic-v1
upi://pay?pa=9453136818@yesbank&tn=gift,0,legit_p2p,0,0,0,0,synthetic-v1
upi://pay?pa=divya.naik@dbs&pn=Swati%20Bose&am=1968,0,legit_rare_handle,0,0,0,0,synthetic-v1
upi://collect?pa=user72491564@oksbi&pn=Electricity%20Board%20Officer&am=1639&tn=Prize%20money%20credit,1,scam_collect,0,0,0,0,synthetic-v1
upi://collect?pa=6396888769@ibl&pn=BSF%20Officer%20Vijay&am=20902&tn=refundable%20deposit,1,scam_olx_army,7,6,0,0,synthetic-v1
upi://pay?pa=q259713683@ybl&pn=Janata%20Hardware&mc=5942,0,legit_merchant_static,0,0,0,0,synthetic-v1
upi://pay?pa=bharatpe.95050135@fbpe&pn=Fresh%20Mart&tn=Payment,0,legit_merchant_static,0,0,0,0,synthetic-v1
upi://pay?pa=6680463968@ibl,0,legit_p2p,0,0,0,0,synthetic-v1
upi://pay?pa=treasury.ker@sbi&pn=Kerala%20Govt%20Treasury&am=4255&mc=9399&tr=TXN3425885367&tn=Bill%20payment,0,legit_biller,1,1,3,0,synthetic-v1
upi://pay?pa=paytmqr4092864338@paytm&pn=Royal%20Fruits&mc=5411&tn=Payment,0,legit_merchant_static,0,0,0,0,synthetic-v1
upi://pay?pa=customer.care.help@kvb&pn=Paytm%20KYC%20Team&am=734&tn=offer,1,scam_fake_merchant,0,0,0,0,synthetic-v1
upi://pay?pa=treasury.ker@sbi&pn=Kerala%20Govt%20Treasury&am=1518&mc=4112&tr=TXN6646335979&tn=Property%20tax,0,legit_biller,0,0,0,0,synthetic-v1
upi://pay?pa=razorpay.1544524@icici&pn=Om%20Sai%20Kirana&am=19045&mc=5942&tr=ORD415594331&tn=Invoice%204155,0,legit_merchant_dynamic,0,0,0,0,synthetic-v1
upi://pay?pa=shreya.naik@pnb&pn=SBI%20Refund%20Dept&tn=pending%20bill,1,scam_impersonation,8,2,0,0,synthetic-v1
upi://pay?pa=mary81@okhdfcbank&pn=Asha%20Khan&tn=cab%20share,0,legit_p2p,0,0,0,0,synthetic-v1
upi://pay?pa=paytmqr7159808152@paytm&pn=City%20Bakery&mc=5732&tn=Payment,0,legit_merchant_static,0,0,0,0,synthetic-v1
upi://pay?pa=swati.sharma@dbs&pn=Ravi%20Khan&am=2160,0,legit_rare_handle,0,0,1,1,synthetic-v1
upi://pay?pa=sbi.refund@hdfcbank&pn=PhonePe%20Cashback&am=2599,1,scam_fake_merchant,0,0,0,0,synthetic-v1
upi://pay?pa=varunnair81@hdfcbank&pn=Swati%20Pillai&am=2061&tn=loan%20return,0,legit_p2p,0,0,0,0,synthetic-v1
upi://pay?pa=manoj47@okaxis&pn=Fatima%20Iyer&am=528,0,legit_p2p,0,0,0,0,synthetic-v1
upi://pay?pa=acc63217656@okaxis&pn=Swati%20Reddy&am=7000&tn=Get%20cashback%20now,1,scam_refund_receive,6,1,0,0,synthetic-v1
upi://pay?pa=anil145177@okicici&pn=Royal%20Fruits&pa=acc3854836@okhdfcbank,1,scam_tampered_qr,0,0,0,0,synthetic-v1
upi://pay?pa=q653562640@ybl&pn=Anand%20Sweets&mc=5942&tn=Payment,0,legit_merchant_static,0,0,0,0,synthetic-v1
upi://pay?pa=cityshop@upi&pn=City%20Laundry&tn=order,0,legit_small_shop,0,0,0,0,synthetic-v1
upi://pay?pa=paytmqr8771042120@paytm&pn=Anand%20Sweets&am=5446&mc=5411&tr=ORD539140947&sign=MEUCIQYe7eb46910dcX1eab531,0,legit_merchant_dynamic,0,0,0,0,synthetic-v1
upi://pay?pa=shreyamishra829@rbl&pn=Sneha%20Kumar,0,legit_rare_handle,1,1,3,0,synthetic-v1
upi://pay?pa=razorpay.2551688@icici&pn=Om%20Sai%20Kirana&am=12640.48&mc=5411&tr=ORD299239588&sign=MEUCIQ29Yf9727Z5f0Y118b6Yf,0,legit_merchant_dynamic,0,0,0,0,synthetic-v1
upi://pay?pa=treasury.ker@sbi&pn=Kerala%20Govt%20Treasury&am=12744&mc=4900&tr=TXN3791969986&tn=Bill%20payment,0,legit_biller,0,0,0,0,synthetic-v1
upi://pay?pa=9107829239@okhdfcbank&pn=Electricity%20Board%20Officer&am=1015&tn=security%20deposit,1,scam_impersonation,0,0,0,0,synthetic-v1
upi://pay?pa=9646117506@barodampay&pn=Indian%20Army%20Canteen&am=25347&tn=advance%20for%20item,1,scam_olx_army,0,0,0,0,synthetic-v1
upi://collect?pa=9473359416@kotak&pn=Army%20Officer%20Rakesh&am=16000&tn=army%20canteen,1,scam_olx_army,0,0,0,0,synthetic-v1
upi://pay?pa=6534506341@yesbank&pn=Divya%20Kumar&am=68000.67&tn=car%20emi,0,legit_family_large,0,0,1,0,synthetic-v1
upi://pay?pa=6723188405@idfcbank&pn=Bank%20KYC%20Update&am=1587&tn=Re-activation%20charges,1,scam_kyc_fee,0,0,0,0,synthetic-v1
upi://collect?pa=ayesha686929@dbs&pn=Amazon%20Refund%20Desk&am=18047&tn=Refund%20processing%20-%20scan%20to%20get,1,scam_collect,0,0,0,1,synthetic-v1
upi://pay?pa=6671444507@icici&pn=Anna%20Idli%20Stall&tn=payment,0,legit_small_shop,0,0,0,0,synthetic-v1
upi://pay?pa=razorpay.9480158@icici&pn=Om%20Sai%20Kirana&am=13115&mc=4121&tr=ORD485157132&tn=Bill,0,legit_merchant_dynamic,0,0,0,0,synthetic-v1
upi://pay?pa=8619127010@apl&pn=Sneha%20Pillai&am=2556&tn=PAN%20link%20fee,1,scam_kyc_fee,5,5,0,0,synthetic-v1
upi://pay?pa=vikram286544@ibl&pn=Sunita%20Nair&am=36000.88&tn=please%20send%20fast,1,scam_quiet,1,1,0,0,synthetic-v1
upi://collect?pa=mary.nair@paytm&pn=Customs%20Clearance%20Officer&am=16176&tn=Refund%20processing%20-%20scan%20to%20get,1,scam_collect,0,0,0,0,synthetic-v1
upi://pay?pa=iskcon.bangalore@icici&pn=ISKCON%20Temple&mc=8398,0,legit_temple,0,0,0,0,synthetic-v1
upi://pay?pa=upi25989640@icici&pn=Govt%20Subsidy%20Office&am=37299&tn=Claim%20your%20reward,1,scam_refund_receive,6,5,0,0,synthetic-v1
upi://pay?pa=manojgupta260@axl&pn=Farhan%20Rao&am=4234&tn=tuition,0,legit_p2p,0,0,0,0,synthetic-v1
upi://pay?pa=8703166249@ybl&pn=PhonePe%20Cashback&am=4704&tn=security%20deposit,1,scam_impersonation,0,0,0,0,synthetic-v1
upi://pay?pa=prakashpillai930@ybl&pn=Asha%20Sharma&am=13000&tn=rent,0,legit_family_large,0,0,0,0,synthetic-v1
upi://pay?pa=rahul.kumar@okicici&pn=Kiran%20Khan&am=49000&tn=trading%20profit,1,scam_quiet,7,4,0,1,synthetic-v1
upi://pay?pa=fatimapatel834@kvb&pn=Rahul%20Gupta,0,legit_rare_handle,0,0,0,0,synthetic-v1
upi://pay?pa=harish38@axisbank&tn=movie,0,legit_p2p,0,0,0,0,synthetic-v1
upi://pay?pa=treasury.ker@sbi&pn=Kerala%20Govt%20Treasury&am=4369&mc=4112&tr=TXN1751967048&tn=Bill%20payment,0,legit_biller,0,0,0,0,synthetic-v1
upi://pay?pa=upi77525998@rbl&pn=Police%20Cyber%20Cell&am=4000&tn=Receive%20payment%20from%20buyer,1,scam_refund_receive,5,3,0,0,synthetic-v1
upi://pay?pa=9566527153@icici&pn=Sunita%20Kumar&am=34345.73,0,legit_p2p,0,0,0,0,synthetic-v1
upi://pay?pa=bharatpe.72059566@fbpe&pn=Blue%20Star%20Salon,0,legit_merchant_static,0,0,0,0,synthetic-v1
upi://pay?pa=ayesha46@okicici&pn=Pooja%20Mishra&tn=trip%20share,0,legit_p2p,0,0,0,0,synthetic-v1
upi://pay?pa=paytmqr6719520122@paytm&pn=Om%20Sai%20Kirana&mc=7538&tn=Payment,0,legit_merchant_static,0,0,0,0,synthetic-v1
upi://pay?pa=suresh922593@hdfcbank&pn=Bank%20KYC%20Update&am=1799&tn=Account%20unblock%20fee,1,scam_kyc_fee,14,11,0,0,synthetic-v1
upi://pay?pa=upi75284698@okicici&pn=Shreya%20Sharma&am=35056,1,scam_quiet,13,7,0,0,synthetic-v1
upi://pay?pa=q211825528@ybl&pn=Kumar%20Auto%20Works&mc=7538,0,legit_merchant_static,0,0,0,0,synthetic-v1
upi://collect?pa=nikhil496016@upi&pn=HDFC%20Customer%20Care&am=1251&tn=Refund%20of%20Rs%205000,0,scam_collect,11,7,0,0,synthetic-v1
upi://pay?pa=6749682252@dbs&pn=Paytm%20KYC%20Team&am=1899.37&tn=Re-activation%20charges,1,scam_kyc_fee,4,1,0,0,synthetic-v1
upi://pay?pa=paytmqr8580556852@paytm&pn=Janata%20Hardware&am=13246&mc=5942&tr=ORD618017234&tn=Invoice%201035,0,legit_merchant_dynamic,0,0,0,0,synthetic-v1
upi://pya?pa=pay47979675@yesbank&pn=Balaji%20Fancy%20Store,1,scam_tampered_qr,0,0,0,0,synthetic-v1
upi://pay?pa=pooja365549@@okaxis&pn=Blue%20Star%20Salon,1,scam_tampered_qr,13,4,0,0,synthetic-v1
upi://pay?pa=q585043312@ybl&pn=Om%20Sai%20Kirana&mc=5331&tn=Payment,0,legit_merchant_static,0,0,0,0,synthetic-v1
upi://pay?pa=ayesha.kumar@barodampay&pn=Jio%20Prize%20Department&am=23853&tn=winner%20registration,1,scam_prize,0,0,0,0,synthetic-v1
upi://pay?pa=varun26@paytm&pn=Joseph%20Menon&am=3000&tn=fees,0,legit_p2p,0,0,0,0,synthetic-v1
upi://pay?pa=paytmqr1885691478@paytm&pn=Metro%20Tailors&mc=5499,0,legit_merchant_static,0,0,0,0,synthetic-v1
upi://collect?pa=8901048782@dbs&pn=Indian%20Army%20Canteen&am=8143&tn=advance%20for%20item,1,scam_olx_army,19,7,0,0,synthetic-v1
upi://pay?pa=6383336901@barodampay&pn=Lakshmi%20Tiffin%20Centre&tn=bill,0,legit_small_shop,0,0,0,0,synthetic-v1
upi://pay?pa=bharatpe.68823181@fbpe&pn=Kumar%20Auto%20Works&mc=5812,0,legit_merchant_static,0,0,0,0,synthetic-v1
upi://pay?pa=pay96174138@axl&pn=Amazon%20Refund%20Desk&am=6820&tn=pending%20bill,1,scam_impersonation,0,0,0,0,synthetic-v1
upi://pay?pa=farhan55@hdfcbank&pn=Deepa%20Gowda,0,legit_p2p,0,0,0,0,synthetic-v1
upi://pay?pa=sanjayshetty772@ibl&pn=Kiran%20Bose&am=4666&tn=birthday%20gift,0,legit_p2p,0,0,0,0,synthetic-v1
upi://pay?pa=acc14944395@pnb&pn=Amazon%20Refund%20Desk&am=20388,1,scam_impersonation,0,0,0,0,synthetic-v1
upi://pay?pa=pay13254077@kotak&pn=Mega%20Prize%20Claim&am=12799&tn=winner%20registration,1,scam_prize,2,1,0,0,synthetic-v1
upi://pay?pa=swati.singh@rbl&pn=PhonePe%20Cashback&tn=verification,1,scam_impersonation,40,3,0,0,synthetic-v1
upi://pay?pa=divya.das@idfcbank&pn=Ravi%20Khan&am=74000.85&tn=college%20fees,0,legit_family_large,1,0,1,0,synthetic-v1
upi://pay?pa=8633069793@okicici&pn=Priya%20Gowda,0,legit_p2p,0,0,0,0,synthetic-v1
upi://pay?pa=6522675657@fbl&pn=Sneha%20Mishra&tn=maid%20salary,0,legit_p2p,3,1,1,0,synthetic-v1
upi://pay?pa=paytmqr2055051804@paytm&pn=Blue%20Star%20Salon&mc=5331,0,legit_merchant_static,0,0,0,0,synthetic-v1
upi://pay?pa=8160650630@@dbs&pn=RBI%20Grievance%20Cell&am=9230,1,scam_tampered_qr,0,0,0,0,synthetic-v1
upi://pay?pa=gurpreetmenon504@okaxis&pn=Rahul%20Naik&tn=cab%20share,0,legit_p2p,0,0,0,0,synthetic-v1
upi://pay?pa=meeragupta963@yesbank&pn=Joseph%20Verma&am=2231.56&tn=loan%20return,0,legit_p2p,0,0,0,0,synthetic-v1
upi://pay?pa=cf.raj801@axisbank&pn=Blue%20Star%20Salon&am=19489&mc=5814&tr=ORD105046675&tn=Order%20payment,0,legit_merchant_dynamic,0,0,0,0,synthetic-v1
upi://pay?pa=anandshop37@okaxis&pn=Om%20Sai%20Kirana&mc=5732,0,legit_merchant_static,0,0,0,0,synthetic-v1
upi://pay?pa=9111482460@icici&pn=Sanjay%20Kumar&tn=cab%20share,0,legit_p2p,0,0,0,0,synthetic-v1
upi://pay?pa=ayesha49@kvb&pn=Kiran%20Mishra,0,legit_rare_handle,0,0,0,0,synthetic-v1
upi://pay?pa=paytmqr4839301532@paytm&pn=Janata%20Hardware&am=11884&mc=5732&tr=ORD380341992,0,legit_merchant_dynamic,0,0,0,0,synthetic-v1
upi://pay?pa=7968003106@barodampay&pn=Paytm%20KYC%20Team&am=1593&tn=PAN%20link%20fee,1,scam_kyc_fee,0,0,0,1,synthetic-v1
upi://pay?pa=bbmp.propertytax@sbi&pn=BBMP%20Property%20Tax&am=11124&mc=4900&tr=TXN3157763900&tn=Bill%20payment,0,legit_biller,0,0,0,0,synthetic-v1
upi://pay?pa=6879152340@idfcbank&pn=Bank%20KYC%20Update&am=2144.90&tn=KYC%20verification,1,scam_kyc_fee,20,10,0,0,synthetic-v1
upi://pay?pa=anil20@sbi&pn=Mary%20Mishra&am=15000&tn=college%20fees,0,legit_family_large,0,0,0,0,synthetic-v1
upi://pay?pa=pooja.sharma@okicici&pn=Priya%20Rao&am=1932&tn=trip%20share,0,legit_p2p,0,0,0,0,synthetic-v1
upi://pay?pa=kumarstore71@okaxis&pn=City%20Bakery&mc=5311,0,legit_merchant_static,0,0,0,0,synthetic-v1
upi://pay?pa=mahalakshmistore@sbi&pn=Mahalakshmi%20Stores&am=1500,0,legit_small_shop,0,0,0,0,synthetic-v1
upi://pay?pa=paytmqr3341216698@paytm&pn=Sharma%20General%20Store&am=11517&mc=5812&tr=ORD858125039&tn=Invoice%203258,0,legit_merchant_dynamic,0,0,0,0,synthetic-v1
upi://pay?pa=7397015740@icici&pn=SBI%20Refund%20Dept&tn=processing%20fee,1,scam_impersonation,4,2,0,0,synthetic-v1
upi://pay?pa=shreyabose204@icici&pn=Harish%20Sharma&tn=groceries,0,legit_p2p,0,0,0,0,synthetic-v1
upi://pay?pa=6545017315@hdfcbank&pn=PhonePe%20Cashback,1,scam_impersonation,1,0,0,0,synthetic-v1
upi://pay?pa=amazon.refund67@yesbank&pn=PhonePe%20Cashback&mc=0000&am=5067&tn=cashback,1,scam_fake_merchant,15,1,0,0,synthetic-v1
upi://pay?pa=bescom.billdesk@hdfcbank&pn=BESCOM%20Bill%20Payment&am=2116&mc=6300&tr=TXN6972339865&tn=Property%20tax,0,legit_biller,0,0,0,0,synthetic-v1
upi://pay?pa=cf.city652@axisbank&pn=City%20Bakery&am=3557&mc=5732&tr=ORD905579684&tn=Invoice%206374,0,legit_merchant_dynamic,0,0,0,0,synthetic-v1
upi://pay?pa=harish.reddy@hdfcbank&pn=Manoj%20Verma&tn=electricity%20share,0,legit_p2p,0,0,0,0,synthetic-v1
upi://mandate?pa=7445337337@kotak&pn=Netflix&am=599&recur=MONTHLY&tn=subscription,1,scam_autopay,0,0,0,0,synthetic-v1
upi://pay?pa=8752635474@dbs&pn=Bank%20KYC%20Update&am=2899&tn=KYC%20update%20charge,1,scam_kyc_fee,0,0,0,0,synthetic-v1
upi://pay?pa=sunita.shetty@okicici&pn=SBI%20Refund%20Dept&tn=security%20deposit,1,scam_impersonation,0,0,0,0,synthetic-v1
upi://pay?pa=upi28499494@icici&pn=Army%20Officer%20Rakesh&am=28921.99&tn=advance%20for%20item,1,scam_olx_army,5,2,0,0,synthetic-v1
upi://pay?pa=paytmqr4769347068@paytm&pn=Fresh%20Mart&mc=7538&tn=Payment,0,legit_merchant_static,1,1,1,0,synthetic-v1
upi://pay?pa=treasury.ker@sbi&pn=Kerala%20Govt%20Treasury&am=3352.10&mc=4112&tr=TXN1441571990&tn=Bill%20payment,0,legit_biller,0,0,0,0,synthetic-v1
upi://pay?pa=8350453826@sbi&pn=Prakash%20Reddy&am=1699.72&tn=Refund%20of%20Rs%201699.72,1,scam_refund_receive,1,0,1,1,synthetic-v1
upi://pay?pa=farhan.gowda@ybl&pn=Arjun%20Gupta&am=68000&tn=car%20emi,0,legit_family_large,0,0,0,0,synthetic-v1
upi://pay?pa=cf.sharma258@axisbank&pn=Fresh%20Mart&am=15899&mc=7230&tr=ORD20589594&tn=Bill,0,legit_merchant_dynamic,1,0,2,0,synthetic-v1
upi://pay?pa=deepa645144@yesbank&pn=Swati%20Pillai&am=358&tn=PAN%20link%20fee,1,scam_kyc_fee,0,0,0,0,synthetic-v1
upi://pay?pa=deepa.singh@sbi&pn=RBI%20Grievance%20Cell&am=4349.24&tn=pending%20bill,1,scam_impersonation,1,0,0,0,synthetic-v1
upi://pay?pa=9944352799@sbi&pn=KBC%20Lottery%20Winner&am=10499.61&tn=lottery%20processing,1,scam_prize,0,0,0,0,synthetic-v1
upi://pay?pa=kavya60@pnb,0,legit_p2p,0,0,0,0,synthetic-v1
upi://pay?pa=7261673425@pnb&pn=Income%20Tax%20Department&am=39000&tn=Cashback%20credited%20on%20scan,1,scam_refund_receive,0,0,0,0,synthetic-v1
upi://pay?pa=9415130877@sbi&pn=Sai%20Vegetables&tn=order,0,legit_small_shop,0,0,0,0,synthetic-v1
upi://collect?pa=ayesha.gupta@kotak&pn=CRPF%20Jawan%20Sunil&am=7000.42&tn=advance%20for%20item,1,scam_olx_army,0,0,0,0,synthetic-v1
upi://pay?pa=sbi.refund85@fbl&pn=RBI%20Grievance%20Cell&mc=0000&tn=offer,1,scam_fake_merchant,8,2,1,0,synthetic-v1
upi://pay?pa=bharatpe.24885792@fbpe&pn=Sharma%20General%20Store,0,legit_merchant_static,0,0,0,0,synthetic-v1
upi://pay?pa=varun91@axisbank&am=3400&tn=birthday%20gift,0,legit_p2p,0,0,0,0,synthetic-v1
upi://pay?pa=acc72623875@paytm&pn=Farhan%20Rao&am=24000&tn=hospital,1,scam_quiet,5,1,0,0,synthetic-v1
upi://pay?pa=manojiyer650@rbl&pn=Farhan%20Gowda&am=1058,0,legit_rare_handle,0,0,0,0,synthetic-v1
upi://pay?pa=lakshmi@fbl&pn=Shiva%20Flowers&am=2906.14,0,legit_small_shop,0,0,0,0,synthetic-v1
upi://pay?pa=razorpay.4889343@icici&pn=Raj%20Mobile%20Point&am=7285&mc=5311&tr=ORD246972935&tn=Order%20payment,0,legit_merchant_dynamic,0,0,0,0,synthetic-v1
upi://pay?pa=bharatpe.37475522@fbpe&pn=Sharma%20General%20Store&mc=4121&tn=Payment,0,legit_merchant_static,0,0,0,0,synthetic-v1
upi://pay?pa=7382954282@yesbank&pn=Customs%20Clearance%20Officer&tn=pending%20bill,1,scam_impersonation,0,0,0,0,synthetic-v1
upi://pay?pa=bescom.billdesk@hdfcbank&pn=BESCOM%20Bill%20Payment&am=13312&mc=4112&tr=TXN7074568942&tn=Consumer%20no%20992187,0,legit_biller,0,0,0,0,synthetic-v1
upi://pay?pa=snehamishra851@kotak&am=654.65&tn=gift,0,legit_p2p,0,0,0,0,synthetic-v1
upi://pay?pa=6111775423@kotak&pn=Sunita%20Rao&am=67334&tn=rent,0,legit_family_large,0,0,0,0,synthetic-v1
upi://autopay?pa=suresh850890@ybl&pn=Nikhil%20Reddy&am=5099&recur=DAILY&tn=verify%20account,1,scam_autopay,6,6,0,0,synthetic-v1
upi://pay?pa=manoj408141@upi&pn=SBI%20Refund%20Dept&am=45000&tn=Refund%20of%20Rs%2045000,1,scam_refund_receive,8,6,0,0,synthetic-v1
upi://pay?pa=prakash.iyer@okicici&pn=Prakash%20Patel&am=1133&tn=loan%20return,0,legit_p2p,1,0,2,0,synthetic-v1
upi://pay?pa=7332628947@ybl&pn=Priya%20Reddy&am=50328&tn=wedding,0,legit_family_large,0,0,0,0,synthetic-v1
upi://pay?pa=7809195160@idfcbank&pn=Lucky%20Draw%20Office&am=8799&tn=winner%20registration,1,scam_prize,0,0,0,0,synthetic-v1
upi://pay?pa=upi99246413@ybl&pn=Customs%20Clearance%20Officer&am=49402&tn=Refund%20of%20Rs%2049402,1,scam_refund_receive,4,2,0,0,synthetic-v1
upi://pay?pa=pinelabs.243219@hdfcbank&pn=Balaji%20Fancy%20Store&am=18421&mc=4121&tr=ORD693507178&tn=Invoice%201330,0,legit_merchant_dynamic,0,0,0,0,synthetic-v1
upi://pay?pa=paytmqr3494596513@paytm&pn=Om%20Sai%20Kirana&am=14784&mc=5812&tr=ORD556162615,0,legit_merchant_dynamic,2,0,2,0,synthetic-v1
upi://pay?pa=mary28@pnb&pn=Rohit%20Gowda&am=4239&tn=loan%20return,1,legit_p2p,0,0,0,0,synthetic-v1
upi://pay?pa=8825014906@dlb&pn=Priya%20Naik,0,legit_rare_handle,1,0,1,0,synthetic-v1
upi://pay?pa=anjalijoshi726@okaxis&pn=Mary%20Joshi&tn=movie,0,legit_p2p,0,0,0,0,synthetic-v1
upi://pay?pa=asha78@okhdfcbank&pn=Prakash%20Pillai&tn=groceries,0,legit_p2p,0,0,0,0,synthetic-v1
upi://pay?pa=lakshmi841977@oksbi&pn=Flipkart%20Refund%20Team&am=28000&tn=Scan%20to%20receive%20your%20refund,1,scam_refund_receive,0,0,0,0,synthetic-v1
upi://pay?pa=sunita.iyer@hdfcbank&pn=Neha%20Rao&tn=electricity%20share,0,legit_p2p,0,0,0,0,synthetic-v1
upi://pay?pa=8419408693@axl&pn=Prakash%20Rao&am=96&tn=PAN%20link%20fee,1,scam_kyc_fee,0,0,0,1,synthetic-v1
upi://pay?pa=7866780087@okhdfcbank&pn=Lakshmi%20Menon&tn=gift,0,legit_p2p,0,0,0,0,synthetic-v1
upi://pay?pa=9245894971@ybl&pn=Balaji%20Stores&am=1000&tn=payment,0,legit_small_shop,1,0,0,0,synthetic-v1
upi://pay?pa=farhankumar581@okhdfcbank&pn=Anil%20Sharma&am=1000,0,legit_p2p,0,0,0,0,synthetic-v1
upi://pay?pa=6308746267@ibl&pn=Electricity%20Board%20Officer&am=25000&tn=Cashback%20credited%20on%20scan,1,scam_refund_receive,3,1,0,0,synthetic-v1
upi://pay?pa=cf.fresh162@axisbank&pn=Balaji%20Fancy%20Store&am=19730&mc=5499&tr=ORD463310426,0,legit_merchant_dynamic,0,0,0,0,synthetic-v1
upi://pay?pa=incometax.refund@rbl&pn=Customs%20Clearance%20Officer&tn=offer,1,scam_fake_merchant,9,5,0,0,synthetic-v1
upi://pay?pa=6574272057@axl&pn=HDFC%20Customer%20Care&pa=9210119200@axisbank,1,scam_tampered_qr,1,1,0,0,synthetic-v1
upi://pay?pa=9768223635@pnb&pn=Paytm%20KYC%20Team&am=1199&tn=PAN%20link%20fee,1,scam_kyc_fee,0,0,0,0,synthetic-v1
upi://pay?pa=paytmqr5078008920@paytm&pn=Green%20Leaf%20Veg&am=7285&mc=5912&tr=ORD741798147,0,legit_merchant_dynamic,0,0,0,0,synthetic-v1
upi://pay?pa=8949775812@fbl&pn=Anna%20Idli%20Stall&am=6887,0,legit_small_shop,0,0,0,0,synthetic-v1
upi://collect?pa=vikram.gowda@kotak&pn=BSF%20Officer%20Vijay&am=3473&tn=approve%20to%20receive,1,scam_collect,1,0,1,0,synthetic-v1
upi://pay?pa=upi94774281@@oksbi&pn=Electricity%20Board%20Officer,1,scam_tampered_qr,0,0,0,0,synthetic-v1
upi://pay?pa=9435344267@fbl&pn=ICICI%20Bank%20Support&am=1556&tn=verification,1,scam_impersonation,0,0,0,0,synthetic-v1
upi://pay?pa=pinelabs.163034@hdfcbank&pn=Raj%20Mobile%20Point&am=6544&mc=5499&tr=ORD550045527,0,legit_merchant_dynamic,0,0,0,0,synthetic-v1
upi://pay?pa=ayesha.rao@yesbank&pn=Anjali%20Rao&tn=trip%20share,0,legit_p2p,0,0,0,0,synthetic-v1
upi://pay?pa=pinelabs.918202@hdfcbank&pn=City%20Bakery&am=17460&mc=5912&tr=ORD846373466&tn=Order%20payment,0,legit_merchant_dynamic,0,0,0,0,synthetic-v1
upi://pay?pa=user41838086@sbi&pn=Kiran%20Das&tn=details%20http%3A%2F%2Fkyc-291.xyz,1,scam_link_in_note,1,0,0,0,synthetic-v1
upi://pay?pa=cf.anand149@axisbank&pn=Royal%20Fruits&am=15893&mc=5732&tr=ORD138064792,0,legit_merchant_dynamic,0,0,0,0,synthetic-v1
upi://pay?pa=q160902440@ybl&pn=Hotel%20Annapoorna,0,legit_merchant_static,1,0,3,0,synthetic-v1
upi://pay?pa=99066205@ibl&pn=RBI%20Grievance%20Cell&am=28399.60&tn=Refund%20of%20Rs%2028399.60,1,scam_refund_receive,1,0,0,0,synthetic-v1
"upi://pay?pa=6248715426@dbs&pn=Balaji%20Fancy%20Store&am=9989&am=1,00,000",1,scam_tampered_qr,5,1,0,0,synthetic-v1
upi://pay?pa=sanjay85@ibl&pn=Vikram%20Sharma&am=58000&tn=house%20deposit,0,legit_family_large,0,0,0,0,synthetic-v1
upi://pay?pa=paytmqr8768943974@paytm&pn=Green%20Leaf%20Veg&am=16427&mc=5732&tr=ORD230040757&tn=Invoice%209068,0,legit_merchant_dynamic,0,0,0,0,synthetic-v1
upi//pay?pa=meera.verma@okaxis&pn=Hotel%20Annapoorna,1,scam_tampered_qr,0,0,0,0,synthetic-v1
upi://pay?pa=razorpay.3595664@icici&pn=Blue%20Star%20Salon&am=5248&mc=5331&tr=ORD414357248&tn=Invoice%206921,0,legit_merchant_dynamic,0,0,0,0,synthetic-v1
upi://collect?pa=6185487980@okaxis&pn=Army%20Officer%20Rakesh&am=18064.40&tn=refundable%20deposit,1,scam_olx_army,1,1,1,0,synthetic-v1
upi://pay?pa=9219309408@hdfcbank&pn=ICICI%20Bank%20Support&am=27000&tn=Claim%20your%20reward,1,scam_refund_receive,0,0,0,0,synthetic-v1
upi://pay?pa=6980178294@apl&pn=Arjun%20Iyer,0,legit_p2p,0,0,0,0,synthetic-v1
upi://pay?pa=pay97272744@okicici&pn=Flipkart%20Refund%20Team&am=20466.73&tn=processing%20fee,1,scam_impersonation,0,0,0,0,synthetic-v1
upi://pay?pa=8531216346@okaxis&pn=RBI%20Grievance%20Cell&tn=whatsapp%206667851714,1,scam_link_in_note,3,2,0,0,synthetic-v1
upi://pay?pa=janatashop61@okaxis&pn=Blue%20Star%20Salon&mc=5411&tn=Payment,0,legit_merchant_static,0,0,0,0,synthetic-v1
upi://pay?pa=rahul.pillai@apl&pn=Amazon%20Refund%20Desk&am=4000&tn=Get%20cashback%20now,1,scam_refund_receive,0,0,0,0,synthetic-v1
upi://pay?pa=paytmqr1011275447@paytm&pn=Hotel%20Annapoorna&mc=5311,0,legit_merchant_static,0,0,0,0,synthetic-v1
upi://pay?pa=6109223912@rbl&pn=ICICI%20Bank%20Support&am=18097&tn=pending%20bill,1,scam_impersonation,0,0,0,0,synthetic-v1
upi://pay?pa=shreya@oksbi&am=2000&tn=payment,0,legit_small_shop,0,0,0,0,synthetic-v1
upi://pay?pa=omshop@ybl&pn=Om%20Paan%20Shop&am=2000,0,legit_small_shop,0,0,0,0,synthetic-v1
upi://pay?pa=bbmp.propertytax@sbi&pn=BBMP%20Property%20Tax&am=3085&mc=4900&tr=TXN2399768434&tn=Consumer%20no%207136970,0,legit_biller,1,0,3,0,synthetic-v1
upi://pay?pa=6302774942@axisbank&pn=Paytm%20KYC%20Team&am=199.69&tn=KYC%20verification,1,scam_kyc_fee,0,0,0,0,synthetic-v1
upi://pay?pa=pinelabs.750190@hdfcbank&pn=Sri%20Lakshmi%20Medicals&am=16642.79&mc=5732&tr=ORD479430690&tn=Invoice%201517,0,legit_merchant_dynamic,0,0,0,0,synthetic-v1
upi://pay?pa=pinelabs.150251@hdfcbank&pn=Blue%20Star%20Salon&am=15966&mc=5331&tr=ORD270868499&tn=Order%20payment&sign=MEUCIQeXd633819f9X726f9514,0,legit_merchant_dynamic,0,0,0,0,synthetic-v1
upi://pay?pa=rbi.claim32@axl&pn=ICICI%20Bank%20Support&mc=0000&tn=cashback,1,scam_fake_merchant,1,1,0,0,synthetic-v1
upi://pay?pa=7174826444@okhdfcbank&am=1088&tn=bill,0,legit_small_shop,0,0,0,0,synthetic-v1
upi://pay?pa=acc53084170@idfcbank&pn=Govt%20Subsidy%20Office&am=3748.53&tn=call%206860475216%20for%20refund,1,scam_link_in_note,0,0,0,0,synthetic-v1
upi://pay?pa=sanjaymishra107@fbl&pn=Arjun%20Verma&tn=rent,0,legit_p2p,0,0,1,0,synthetic-v1
upi://pay?pa=lic.premium@axisbank&pn=LIC%20Premium&am=8081&mc=4112&tr=TXN6778777329&tn=Consumer%20no%209590880,0,legit_biller,0,0,0,0,synthetic-v1
upi://pay?pa=q476692705@ybl&pn=Om%20Sai%20Kirana&tn=Payment,0,legit_merchant_static,0,0,0,0,synthetic-v1
upi://pay?pa=upi22415926@ybl&pn=Deepa%20Khan&am=1799&tn=KYC%20verification,1,scam_kyc_fee,0,0,0,0,synthetic-v1
upi://pay?pa=razorpay.3244042@icici&pn=Blue%20Star%20Salon&am=6894&mc=5499&tr=ORD286769502&tn=Order%20payment&sign=MEUCIQeX5bd222eaee7c0b0088,0,legit_merchant_dynamic,0,0,0,0,synthetic-v1
upi://pay?pa=prakash.iyer@apl&pn=Shreya%20Menon&am=80000&tn=college%20fees,0,legit_family_large,0,0,0,0,synthetic-v1
upi://pay?pa=9905894612@apl&tn=bill,0,legit_small_shop,0,0,0,0,synthetic-v1
upi://pay?pa=9653857329@kvb&pn=Customs%20Clearance%20Officer&am=16000&tn=Prize%20money%20credit,1,scam_refund_receive,0,0,0,0,synthetic-v1
upi://pay?pa=8180713557@yesbank&pn=Paytm%20KYC%20Team&pa=9493857799@apl,1,scam_tampered_qr,8,8,0,1,synthetic-v1
upi://pay?pa=bescom.billdesk@hdfcbank&pn=BESCOM%20Bill%20Payment&am=11746&mc=4112&tr=TXN9613944561&tn=Property%20tax,0,legit_biller,0,0,0,0,synthetic-v1
upi://pay?pa=vikram16@pnb&pn=Farhan%20Bose&am=3722&tn=rent,0,legit_p2p,1,0,1,0,synthetic-v1
upi://pay?pa=8725463694@kotak&pn=Kiran%20Naik&am=2933&tn=groceries,0,legit_p2p,0,0,0,0,synthetic-v1
upi://pay?pa=priya507073@hdfcbank&pn=Indian%20Army%20Canteen&am=18869&tn=verification%20amount,1,scam_olx_army,0,0,0,0,synthetic-v1
upi://pay?pa=7595450892@paytm&pn=Swati%20Bose&am=12011,1,scam_quiet,0,0,0,0,synthetic-v1
upi://pay?pa=shreya.gowda@idfcbank&pn=Govt%20Subsidy%20Office&am=38349&tn=Receive%20payment%20from%20buyer,1,scam_refund_receive,3,1,1,0,synthetic-v1
upi://pay?pa=7179039703@upi&pn=Ravi%20Reddy&am=2333&tn=movie,0,legit_p2p,0,0,0,0,synthetic-v1
upi://pay?pa=asha87@sbi&am=2961&tn=trip%20share,0,legit_p2p,0,0,0,0,synthetic-v1
upi://pay?pa=mary.reddy@okhdfcbank&pn=Arun%20Gowda&am=1000.15&tn=petrol,0,legit_p2p,0,0,0,0,synthetic-v1
upi://pay?pa=7924874625@sbi&pn=Lakshmi%20Tiffin%20Centre&tn=order,0,legit_small_shop,0,0,0,0,synthetic-v1
upi://pay?pa=7928812186@ybl&tn=order,0,legit_small_shop,0,0,0,0,synthetic-v1
upi://collect?pa=pay57760470@ibl&pn=Govt%20Subsidy%20Office&am=13634&tn=Refund%20processing%20-%20scan%20to%20get,1,scam_collect,2,2,0,0,synthetic-v1
upi://pay?pa=7919219425@axl&pn=Amazon%20Refund%20Desk&am=2000&tn=Get%20cashback%20now,1,scam_refund_receive,3,2,0,0,synthetic-v1
upi://pay?pa=ravi.singh@yesbank&pn=Prakash%20Sharma&am=2336&tn=fees,0,legit_p2p,0,0,0,0,synthetic-v1
upi://pay?pa=q752015865@ybl&pn=Sri%20Lakshmi%20Medicals&tn=Payment,0,legit_merchant_static,0,0,0,0,synthetic-v1
upi://pay?pa=7746269649@upi&pn=HDFC%20Customer%20Care&tn=pending%20bill,1,scam_impersonation,0,0,0,0,synthetic-v1
upi://pay?pa=7119485187@hdfcbank,0,legit_small_shop,0,0,0,0,synthetic-v1
upi://pay?pa=amazon.refund@sbi&pn=Govt%20Subsidy%20Office&mc=0000&am=8099&tn=offer,1,scam_fake_merchant,4,3,1,0,synthetic-v1
upi://pay?pa=nikhil.nair@sbi&pn=Pooja%20Iyer&am=19949,0,legit_p2p,0,0,1,0,synthetic-v1
upi://pay?pa=6264930846@axisbank&pn=Anil%20Verma&tn=loan%20return,0,legit_p2p,0,0,0,0,synthetic-v1
upi://pay?pa=meera.mishra@idfcbank&pn=Kavya%20Sharma&tn=cab%20share,0,legit_p2p,1,0,3,0,synthetic-v1
upi://pay?pa=deepa.khan@ibl&pn=Sneha%20Nair&am=1844&tn=KYC%20verification,1,scam_kyc_fee,1,0,0,0,synthetic-v1
upi://pay?pa=shreya97661@rbl&pn=Paytm%20KYC%20Team&tn=visit%20bit.ly%2F20345%20to%20claim,1,scam_link_in_note,5,4,0,0,synthetic-v1
upi://pay?pa=paytmqr6467019681@paytm&pn=Anand%20Sweets&mc=5411&tn=Payment,0,legit_merchant_static,0,0,0,0,synthetic-v1
upi://pay?pa=manoj.gowda@pnb&pn=Flipkart%20Refund%20Team&am=2399&tn=Refund%20processing%20-%20scan%20to%20get,1,scam_refund_receive,1,0,0,0,synthetic-v1
upi://pay?pa=q525329502@ybl&pn=Om%20Sai%20Kirana&mc=4121,0,legit_merchant_static,0,0,0,0,synthetic-v1
upi://autopay?pa=7484433229@okaxis&pn=Amazon%20Prime&am=5056.29&recur=MONTHLY&tn=verify%20account,1,scam_autopay,11,2,0,1,synthetic-v1
upi://pay?pa=gurudwara.seva@pnb&pn=CRY%20Donations,0,legit_temple,0,0,0,0,synthetic-v1
upi://pay?pa=tirumala.donations@sbi&pn=TTD%20Donations&am=4562,0,legit_temple,0,0,0,0,synthetic-v1
upi://pay?pa=user9135236@yesbank&pn=Army%20Officer%20Rakesh&am=15931&tn=advance%20for%20item,1,scam_olx_army,0,0,0,0,synthetic-v1
upi://pay?pa=7587477413@sbi&pn=PhonePe%20Cashback&tn=pending%20bill,1,scam_impersonation,0,0,0,0,synthetic-v1
upi://pay?pa=ayesha94@icici&pn=Rohit%20Gupta&tn=tuition,0,legit_p2p,0,0,0,0,synthetic-v1
upi://pay?pa=paytmqr9177718693@paytm&pn=City%20Bakery&mc=5912&tn=Payment,0,legit_merchant_static,0,0,0,0,synthetic-v1
upi://pay?pa=deepaverma315@yesbank&pn=Arun%20Bose&am=14918&tn=task%20payment,1,scam_quiet,0,0,0,0,synthetic-v1
upi://pay?pa=deepa891186@okicici&pn=Mega%20Prize%20Claim&am=17485&tn=lottery%20processing,1,scam_prize,15,5,0,0,synthetic-v1
upi://pay?pa=bluemart89@okaxis&pn=Royal%20Fruits&mc=5331&tn=Payment,0,legit_merchant_static,0,0,0,0,synthetic-v1
upi://pay?pa=meeragowda130@apl&pn=Neha%20Gowda&am=3000&tn=petrol,0,legit_p2p,0,0,0,0,synthetic-v1
upi://pay?pa=9996997294@idfcbank&pn=Balaji%20Stores&tn=order,0,legit_small_shop,0,0,0,0,synthetic-v1
upi://pay?pa=arunshetty654@barodampay&pn=Neha%20Verma&am=1780&tn=maid%20salary,0,legit_p2p,0,0,0,0,synthetic-v1
upi://pay?pa=nehajoshi991@pnb&pn=Anil%20Shetty&tn=loan%20return,0,legit_p2p,0,0,0,0,synthetic-v1
upi://pay?pa=8804307699@hdfcbank,0,legit_small_shop,0,0,0,0,synthetic-v1
upi://pay?pa=9292903077@kotak&pn=Sanjay%20Shetty&am=83000.84&tn=college%20fees,0,legit_family_large,0,0,0,0,synthetic-v1
upi://pay?pa=joseph53@icici&am=2546&tn=electricity%20share,0,legit_p2p,0,0,0,0,synthetic-v1
upi://pay?pa=rohit894234@okicici&pn=KBC%20Lottery%20Winner&am=10086.76&tn=tax%20on%20winning,1,scam_prize,4,1,1,0,synthetic-v1
upi://pay?pa=razorpay.1063098@icici&pn=Sharma%20General%20Store&am=9028&mc=5732&tr=ORD960294345,0,legit_merchant_dynamic,0,0,0,0,synthetic-v1
upi://pay?pa=6402442181@dbs&pn=Paytm%20KYC%20Team&am=46899&tn=Claim%20your%20reward,1,scam_refund_receive,8,4,0,0,synthetic-v1
upi://pay?pa=8374439453@ybl&pn=SBI%20KYC%20Cell&am=470.12&tn=Re-activation%20charges,1,scam_kyc_fee,0,0,0,0,synthetic-v1
upi://pay?pa=varun.khan@hdfcbank&pn=Ayesha%20Iyer&tn=maid%20salary,0,legit_p2p,0,0,0,0,synthetic-v1
upi://pay?pa=farhan.kumar@barodampay&pn=Govt%20Subsidy%20Office&am=41199&tn=Claim%20your%20reward,1,scam_refund_receive,0,0,0,0,synthetic-v1
upi://pay?pa=pay34615956@barodampay&pn=SBI%20Refund%20Dept&am=8399.19&tn=Refund%20of%20Rs%208399.19,1,scam_refund_receive,3,2,0,0,synthetic-v1
upi://pay?pa=priya69@sbi&pn=Meera%20Gupta&tn=dinner,0,legit_p2p,0,0,0,0,synthetic-v1
upi://pay?pa=9969384318@okaxis&pn=Ravi%20Joshi&tn=chai,0,legit_p2p,0,0,0,0,synthetic-v1
upi://pay?pa=divyamenon869@okaxis&pn=Deepa%20Mishra&am=39000&tn=wedding,0,legit_family_large,0,0,0,0,synthetic-v1
upi://pay?pa=omshop@okaxis&pn=Om%20Paan%20Shop&am=300,0,legit_small_shop,0,0,0,0,synthetic-v1
upi://pay?pa=manoj.gowda@axisbank&pn=Sunita%20Singh&tn=rent,0,legit_p2p,0,0,0,0,synthetic-v1
upi://pay?pa=suresh337255@pnb&pn=Income%20Tax%20Department&tn=whatsapp%206226468355,1,scam_link_in_note,9,5,0,0,synthetic-v1
upi://pay?pa=8318121439@okicici&pn=Police%20Cyber%20Cell&am=2735&tn=Prize%20money%20credit,1,scam_refund_receive,0,0,0,0,synthetic-v1
upi://pay?pa=janatashop19@okaxis&pn=Sri%20Lakshmi%20Medicals&mc=5912,0,legit_merchant_static,0,0,0,0,synthetic-v1
upi://pay?pa=snehasingh741@kotak,0,legit_p2p,0,0,0,0,synthetic-v1
upi://mandate?pa=suresh.khan@barodampay&pn=Electricity%20Board&am=9617&recur=DAILY&tn=subscription,1,scam_autopay,0,0,0,0,synthetic-v1
upi://pay?pa=gurpreet.iyer@fbl&pn=Nikhil%20Bose&am=31009&tn=hospital,1,scam_quiet,8,3,0,0,synthetic-v1
upi://pay?pa=pooja76502@hdfcbank&pn=TRAI%20Helpline&am=42399&tn=Cashback%20credited%20on%20scan,0,scam_refund_receive,2,2,0,0,synthetic-v1
upi://pay?pa=9459045522@okicici&pn=Harish%20Bose&am=828.92&tn=Re-activation%20charges,1,scam_kyc_fee,0,0,0,0,synthetic-v1
upi://pay?pa=8772081322@yesbank&am=114&tn=gift,0,legit_p2p,0,0,0,0,synthetic-v1
upi://pay?pa=7891365902@apl&pn=Mary%20Shetty&am=26000&tn=rent,0,legit_family_large,0,0,0,0,synthetic-v1
upi://pay?pa=paytmqr7157064330@paytm&pn=Janata%20Hardware&am=5410&mc=5311&tr=ORD734869392,0,legit_merchant_dynamic,0,0,0,0,synthetic-v1
upi://pay?pa=rahul.reddy@axisbank&pn=Sunita%20Iyer&am=46150.30&tn=rent,0,legit_family_large,0,0,0,0,synthetic-v1
upi://pay?pa=paytmqr7952647736@paytm&pn=City%20Bakery&am=6710&mc=5311&tr=ORD755543791&tn=Bill,0,legit_merchant_dynamic,0,0,0,0,synthetic-v1
upi://pay?pa=harish@idfcbank&pn=Kumar%20Xerox&am=100&tn=bill,0,legit_small_shop,0,0,0,0,synthetic-v1
upi://pay?pa=arjun636914@okhdfcbank&pn=Amazon%20Refund%20Desk&tn=verification,1,scam_impersonation,0,0,0,0,synthetic-v1
upi://pay?pa=pinelabs.350445@hdfcbank&pn=City%20Bakery&am=12876.03&mc=5814&tr=ORD536333581&tn=Invoice%209899,0,legit_merchant_dynamic,0,0,0,0,synthetic-v1
upi://pay?pa=annastall@hdfcbank&pn=Anna%20Idli%20Stall&am=6889&tn=order,1,legit_small_shop,0,0,0,0,synthetic-v1
upi://pay?pa=user74283052@sbi&pn=SBI%20KYC%20Cell&am=693&tn=KYC%20verification,1,scam_kyc_fee,0,0,0,0,synthetic-v1
upi://pay?pa=paytm.kyc@upi&pn=RBI%20Grievance%20Cell&am=4288&tn=cashback,1,scam_fake_merchant,0,0,0,0,synthetic-v1
upi://pay?pa=upi68311945@fbl&pn=Amazon%20Lucky%20Winner&am=13675.08&tn=winner%20registration,1,scam_prize,0,0,0,0,synthetic-v1
upi://pay?pa=7399947026@okaxis&pn=Fatima%20Naik&am=3806&tn=dinner,0,legit_p2p,0,0,0,0,synthetic-v1
upi://pay?pa=8594458940@paytm&pn=Manoj%20Joshi&am=16000&tn=please%20send%20fast,1,scam_quiet,0,0,0,0,synthetic-v1
upi://pay?pa=neha.khan@hdfcbank&pn=Fatima%20Shetty&am=57100&tn=college%20fees,0,legit_family_large,0,0,0,0,synthetic-v1
upi://pay?pa=ashasingh862@axisbank&pn=Swati%20Shetty&tn=maid%20salary,0,legit_p2p,0,0,0,0,synthetic-v1
upi://pay?pa=neha158764@axisbank&pn=SBI%20KYC%20Cell&am=2431&tn=Account%20unblock%20fee,1,scam_kyc_fee,12,9,0,1,synthetic-v1
upi://pay?pa=shreya.bose@paytm&am=2000&tn=maid%20salary,0,legit_p2p,0,0,0,0,synthetic-v1
upi://pay?pa=4021825@pnb&pn=Arun%20Menon&am=32000&tn=help,1,scam_quiet,0,0,0,0,synthetic-v1
upi://pay?pa=9448088190@icici&pn=Police%20Cyber%20Cell&tn=processing%20fee,1,scam_impersonation,6,1,0,0,synthetic-v1
upi://pay?pa=7142452559@upi&pn=Rohit%20Kumar&am=3595&tn=loan%20return,0,legit_p2p,0,0,0,0,synthetic-v1
upi://pay?pa=irctc.pay@hdfcbank&pn=Indian%20Railways%20IRCTC&am=3260&mc=4900&tr=TXN1926134523&tn=Bill%20payment,0,legit_biller,0,0,1,0,synthetic-v1
upi://collect?pa=pay21501484@kotak&pn=ICICI%20Bank%20Support&am=2846.47&tn=Enter%20PIN%20to%20receive%20money,1,scam_collect,0,0,0,0,synthetic-v1
upi://pay?pa=josephnaik766@fbl&pn=Arun%20Bose&am=2000&tn=chai,0,legit_p2p,0,0,0,0,synthetic-v1
upi://pay?pa=tirumala.donations@sbi&pn=TTD%20Donations&mc=8398,0,legit_temple,1,1,1,0,synthetic-v1
upi://pay?pa=acc3812754@ybl&pn=RBI%20Grievance%20Cell&am=1499&tn=security%20deposit,1,scam_impersonation,11,10,1,1,synthetic-v1
upi://pay?pa=q982781692@ybl&pn=Balaji%20Fancy%20Store&mc=5411&tn=Payment,0,legit_merchant_static,0,0,0,0,synthetic-v1
upi://pay?pa=lakshmi.nair@pnb&pn=Army%20Officer%20Rakesh&am=4000&tn=verification%20amount,1,scam_olx_army,9,8,1,0,synthetic-v1
upi://pay?pa=acc49632417@upi&pn=Customs%20Clearance%20Officer&am=43599.73&tn=Scan%20to%20receive%20your%20refund,1,scam_refund_receive,12,9,0,0,synthetic-v1
upi://pay?pa=paytmqr8867323505@paytm&pn=Anand%20Sweets&am=2626&mc=5732&tr=ORD742642631&tn=Order%20payment,0,legit_merchant_dynamic,0,0,0,0,synthetic-v1
upi://pay?pa=anil.shetty@okhdfcbank&pn=CRPF%20Jawan%20Sunil&am=14637&tn=refundable%20deposit,1,scam_olx_army,0,0,0,0,synthetic-v1
upi://pay?pa=user94025834@barodampay&pn=Pooja%20Rao&am=49712&tn=help,1,scam_quiet,0,0,0,0,synthetic-v1
upi://pay?pa=9769728735@axl&pn=Flipkart%20Refund%20Team&am=5364&tn=visit%20bit.ly%2F42106%20to%20claim,1,scam_link_in_note,0,0,0,0,synthetic-v1
upi://pay?pa=suresh.kumar@okicici&pn=Varun%20Das&am=25000&tn=chai,1,legit_p2p,0,0,0,0,synthetic-v1
upi://pay?pa=8966232758@sbi&pn=Priya%20Beauty%20Parlour,0,legit_small_shop,0,0,0,0,synthetic-v1
upi://pay?pa=8994956182@oksbi&pn=Rahul%20Nair&am=1108&tn=KYC%20verification,1,scam_kyc_fee,0,0,0,0,synthetic-v1
upi://pay?pa=sanjay391639@okhdfcbank&pn=SBI%20Refund%20Dept&am=8599&tn=Receive%20payment%20from%20buyer,1,scam_refund_receive,4,2,0,0,synthetic-v1
upi://pay?pa=8794004773@upi&pn=Anjali%20Joshi&am=18000&tn=cab%20share,0,legit_p2p,0,0,0,0,synthetic-v1
upi://pay?pa=pinelabs.335232@hdfcbank&pn=City%20Bakery&am=1492&mc=7230&tr=ORD795604959&tn=Invoice%204727,0,legit_merchant_dynamic,0,0,0,0,synthetic-v1
upi://pay?pa=suresh82@oksbi&pn=Deepa%20Joshi&am=3000&tn=groceries,0,legit_p2p,0,0,0,0,synthetic-v1
upi://pay?pa=farhan.iyer@fbl&pn=Arun%20Khan&tn=movie,0,legit_p2p,0,0,0,0,synthetic-v1
upi://pay?pa=sanjay.menon@kvb&pn=HDFC%20Customer%20Care&am=18187&tn=case%20closure,1,scam_impersonation,0,0,0,0,synthetic-v1
upi://pay?pa=9105015687@axisbank&pn=Lucky%20Draw%20Office&am=5144.42&tn=winner%20registration,1,scam_prize,0,0,0,0,synthetic-v1
upi://pya?pa=8361078938@ybl&pn=Flipkart%20Refund%20Team&am=8061,0,scam_tampered_qr,8,2,0,0,synthetic-v1
upi://pay?pa=7333791322@axisbank&pn=Indian%20Army%20Canteen&am=23377&tn=advance%20for%20item,1,scam_olx_army,0,0,0,0,synthetic-v1
upi://pay?pa=q219675280@ybl&pn=City%20Bakery&mc=7230&tn=Payment,0,legit_merchant_static,0,0,0,0,synthetic-v1
upi://pay?pa=icici.helpdesk@fbl&pn=Police%20Cyber%20Cell&mc=0000&am=9099,1,scam_fake_merchant,0,0,0,0,synthetic-v1
upi://pay?pa=shreya.gupta@hdfcbank&pn=Arun%20Pillai&am=64000&tn=wedding,0,legit_family_large,0,0,0,0,synthetic-v1
upi://pay?pa=priya.patel@okaxis&pn=Income%20Tax%20Department&tn=call%209594965305%20for%20refund,1,scam_link_in_note,0,0,0,0,synthetic-v1
upi://collect?pa=9521815184@kvb&pn=Govt%20Subsidy%20Office&am=8705&tn=Get%20cashback%20now,1,scam_collect,17,15,0,0,synthetic-v1
upi://pay?pa=paytmqr3201626306@paytm&pn=Sri%20Lakshmi%20Medicals&mc=5411&tn=Payment,0,legit_merchant_static,1,0,2,0,synthetic-v1
upi://pay?pa=pinelabs.114955@hdfcbank&pn=City%20Bakery&am=3635&mc=5912&tr=ORD629515322&tn=Invoice%202643,0,legit_merchant_dynamic,0,0,0,0,synthetic-v1
upi://pay?pa=paytmqr6068453396@paytm&pn=Fresh%20Mart&mc=5814,0,legit_merchant_static,0,0,0,0,synthetic-v1
upi://mandate?pa=user44742694@fbl&pn=Amazon%20Prime&am=5435&recur=MONTHLY&tn=verify%20account,1,scam_autopay,4,3,0,0,synthetic-v1
upi://mandate?pa=6884662622@okhdfcbank&pn=Jio%20Recharge&am=2799&recur=MONTHLY&tn=verify%20account,1,scam_autopay,2,2,0,0,synthetic-v1
upi://mandate?pa=ayesha984421@icici&pn=Amazon%20Prime&am=2755&recur=WEEKLY&tn=cashback%20activation,1,scam_autopay,0,0,0,0,synthetic-v1
upi://pay?pa=treasury.ker@sbi&pn=Kerala%20Govt%20Treasury&am=12754&mc=4900&tr=TXN1906322576&tn=Property%20tax,0,legit_biller,0,0,0,0,synthetic-v1
upi://mandate?pa=6850814157@okicici&pn=Jio%20Recharge&am=1399&recur=DAILY&tn=cashback%20activation,1,scam_autopay,0,0,0,0,synthetic-v1
upi://pay?pa=9434295324@okaxis&pn=Sai%20Vegetables,0,legit_small_shop,0,0,0,0,synthetic-v1
upi://pay?pa=9148743080@hdfcbank&pn=Priya%20Nair&am=33079.57&tn=trading%20profit,1,scam_quiet,0,0,0,0,synthetic-v1
upi://pay?pa=arun905033@kotak&pn=Bank%20KYC%20Update&am=1799&tn=Re-activation%20charges,1,scam_kyc_fee,0,0,0,0,synthetic-v1
upi://pay?pa=cf.om566@axisbank&pn=Om%20Sai%20Kirana&am=5838.95&mc=5814&tr=ORD631283307&tn=Order%20payment,0,legit_merchant_dynamic,0,0,0,0,synthetic-v1
upi://pay?pa=asha56@fbl&pn=Swati%20Singh&am=2920.41&tn=rent,0,legit_p2p,0,0,0,0,synthetic-v1
upi://pay?pa=ommart50@okaxis&pn=Janata%20Hardware&tn=Payment,0,legit_merchant_static,0,0,0,0,synthetic-v1
upi://pay?pa=user26291379@pnb&pn=SBI%20Refund%20Dept&am=23123&tn=pending%20bill,1,scam_impersonation,1,1,0,0,synthetic-v1
upi://pay?pa=7422979634@okhdfcbank&pn=Sanjay%20Rao&am=774&tn=loan%20return,0,legit_p2p,0,0,0,0,synthetic-v1
upi://pay?pa=iskcon.bangalore@icici&pn=TTD%20Donations,0,legit_temple,0,0,0,0,synthetic-v1
upi://pay?pn=Shop&x=8330562226@okhdfcbank&pn=Sri%20Lakshmi%20Medicals,1,scam_tampered_qr,2,2,0,0,synthetic-v1
upi://pay?pa=swati125659@barodampay&pn=Paytm%20KYC%20Team&tn=check%20www.refund-status.online,1,scam_link_in_note,0,0,0,0,synthetic-v1
upi://pay?pa=razorpay.6529431@icici&pn=Janata%20Hardware&am=1800.54&mc=5311&tr=ORD82346420&tn=Bill,0,legit_merchant_dynamic,0,0,0,0,synthetic-v1
upi://pay?pa=razorpay.5388475@icici&pn=Raj%20Mobile%20Point&am=14477&mc=5942&tr=ORD900418380&tn=Invoice%208063,0,legit_merchant_dynamic,0,0,0,0,synthetic-v1
upi://pay?pa=paytmqr7046258191@paytm&pn=Balaji%20Fancy%20Store&mc=7230,0,legit_merchant_static,0,0,0,0,synthetic-v1
upi://pay?pa=bbmp.propertytax@sbi&pn=BBMP%20Property%20Tax&am=7316&mc=4112&tr=TXN6412954293&tn=Consumer%20no%206905264,0,legit_biller,0,0,0,0,synthetic-v1
upi://pay?pa=nehapillai592@sbi&pn=Farhan%20Nair&am=1000&tn=movie,0,legit_p2p,0,0,0,0,synthetic-v1
upi://pay?pa=6295489461@okicici&pn=Amazon%20Lucky%20Winner&am=7299&tn=lottery%20processing,1,scam_prize,16,8,0,0,synthetic-v1
"upi://pay?pa=69350122@oksbi&pn=Hotel%20Annapoorna&am=1,00,000",1,scam_tampered_qr,14,5,0,0,synthetic-v1
upi://pay?pa=josephshetty89@timecosmos&pn=Vikram%20Kumar,0,legit_rare_handle,0,0,0,0,synthetic-v1
upi://pay?pa=7564786731@apl&pn=Raju%20Juice%20Corner&am=2000&tn=bill,0,legit_small_shop,0,0,0,0,synthetic-v1
upi://pay?pa=9704847314@dbs&pn=Bank%20KYC%20Update&am=1199&tn=Account%20unblock%20fee,1,scam_kyc_fee,0,0,0,0,synthetic-v1
upi://pay?pa=kavya40@okicici&pn=Manoj%20Joshi,0,legit_p2p,0,0,0,0,synthetic-v1
upi://pay?pa=pay11567244@barodampay&pn=Army%20Officer%20Rakesh&am=6000&tn=security%20deposit,1,scam_olx_army,13,1,0,0,synthetic-v1
upi://pay?pa=bbmp.propertytax@sbi&pn=BBMP%20Property%20Tax&am=11764&mc=9399&tr=TXN1126196444&tn=Bill%20payment,0,legit_biller,0,0,0,1,synthetic-v1
upi://pay?pa=hotelshop65@okaxis&pn=City%20Bakery&mc=5942,0,legit_merchant_static,0,0,0,0,synthetic-v1
upi://pay?pa=shreyagowda973@axisbank&pn=Shreya%20Pillai&am=84662&tn=college%20fees,0,legit_family_large,0,0,0,0,synthetic-v1
upi://pay?pa=pinelabs.593522@hdfcbank&pn=Metro%20Tailors&am=9550&mc=4121&tr=ORD99752418&tn=Invoice%205387,0,legit_merchant_dynamic,0,0,0,0,synthetic-v1
upi://pay?pa=cf.hotel452@axisbank&pn=Sharma%20General%20Store&am=8160&mc=5331&tr=ORD820463111,0,legit_merchant_dynamic,0,0,0,0,synthetic-v1
upi://collect?pa=acc14826433@icici&pn=PhonePe%20Cashback&am=11639,1,scam_collect,0,0,0,0,synthetic-v1
upi://pay?pa=akshayapatra@axisbank&pn=CRY%20Donations&mc=8661,0,legit_temple,0,0,0,0,synthetic-v1
upi://pay?pa=neha18@paytm&pn=Harish%20Das&tn=tuition,0,legit_p2p,0,0,0,0,synthetic-v1
upi://pay?pa=pooja53@axisbank&pn=Sneha%20Rao&am=58000&tn=car%20emi,0,legit_family_large,0,0,0,0,synthetic-v1
upi://pay?pa=paytmqr5972983426@paytm&pn=Kumar%20Auto%20Works&mc=5942&tn=Payment,0,legit_merchant_static,1,1,2,0,synthetic-v1
upi://pay?pa=hdfc.care10@axisbank&pn=Electricity%20Board%20Officer&am=3599,1,scam_fake_merchant,0,0,0,0,synthetic-v1
upi://pay?pa=citystore73@okaxis&pn=Royal%20Fruits&mc=4121,0,legit_merchant_static,0,0,0,0,synthetic-v1
upi://pay?pa=sanjay.verma@oksbi&pn=Anil%20Menon&tn=maid%20salary,0,legit_p2p,0,0,0,0,synthetic-v1
upi://pay?pa=q186252857@ybl&pn=Hotel%20Annapoorna&mc=5812&tn=Payment,0,legit_merchant_static,0,0,0,0,synthetic-v1
upi://pay?pa=vikram.gowda@axisbank&pn=Prakash%20Mishra&tn=trip%20share,0,legit_p2p,0,0,0,0,synthetic-v1
upi://pay?pa=vikram392213@sbi&pn=Meera%20Patel&am=6271,1,scam_quiet,5,5,0,1,synthetic-v1
upi://pay?pa=sanjay458803@dbs&pn=Army%20Officer%20Rakesh&am=7647&tn=army%20canteen,1,scam_olx_army,1,0,0,0,synthetic-v1
upi://pay?pa=rajstore93@okaxis&pn=Royal%20Fruits&mc=5411&tn=Payment,0,legit_merchant_static,0,0,0,0,synthetic-v1
upi://mandate?pa=12468711@dbs&pn=Divya%20Joshi&am=1199&recur=DAILY&tn=subscription,1,scam_autopay,6,6,0,0,synthetic-v1
upi://mandate?pa=nikhil595915@sbi&pn=Mary%20Bose&am=4099&recur=WEEKLY&tn=cashback%20activation,1,scam_autopay,3,2,0,0,synthetic-v1
upi://collect?pa=6654671061@icici&pn=Army%20Officer%20Rakesh&am=9722&tn=Refund%20processing%20-%20scan%20to%20get,1,scam_collect,2,1,0,0,synthetic-v1
upi://pay?pa=pinelabs.593295@hdfcbank&pn=Blue%20Star%20Salon&am=12953.89&mc=5942&tr=ORD759210365&tn=Invoice%205906,0,legit_merchant_dynamic,0,0,0,0,synthetic-v1
upi://pya?pa=83703058@axisbank&pn=Kumar%20Auto%20Works&am=3483.06,1,scam_tampered_qr,21,7,0,1,synthetic-v1
upi://pay?pa=9159254640@hdfcbank&pn=Mega%20Prize%20Claim&am=6099&tn=prize%20claim%20fee,1,scam_prize,0,0,0,0,synthetic-v1
upi://pay?pa=meera.naik@sbi&pn=Kiran%20Menon&am=21121,1,scam_quiet,2,1,0,0,synthetic-v1
upi://collect?pa=fatima.menon@okaxis&pn=HDFC%20Customer%20Care&am=2560&tn=Claim%20your%20reward,1,scam_collect,5,3,0,0,synthetic-v1
upi://pay?pa=acc31810607@axisbank&pn=Flipkart%20Refund%20Team&am=35199&tn=Receive%20payment%20from%20buyer,1,scam_refund_receive,0,0,0,0,synthetic-v1
upi://pay?pa=bbmp.propertytax@sbi&pn=BBMP%20Property%20Tax&am=7588&mc=6300&tr=TXN385564809&tn=Bill%20payment,0,legit_biller,0,0,0,0,synthetic-v1
upi://mandate?pa=upi24360245@okhdfcbank&pn=Jio%20Recharge&am=5006&recur=DAILY&tn=verify%20account,1,scam_autopay,6,2,0,0,synthetic-v1
upi://pay?pa=kumarmart51@okaxis&pn=Raj%20Mobile%20Point&tn=Payment,0,legit_merchant_static,0,0,0,0,synthetic-v1
upi://pay?pa=upi46426181@upi&pn=Police%20Cyber%20Cell&am=2000.07&tn=Claim%20your%20reward,1,scam_refund_receive,0,0,0,0,synthetic-v1
upi://pay?pa=customer.care.help@tjsb&pn=Customs%20Clearance%20Officer&mc=0000&tn=offer,1,scam_fake_merchant,0,0,0,0,synthetic-v1
upi://pay?pa=ayesha.verma@okicici&pn=Shreya%20Shetty&tn=movie,1,legit_p2p,0,0,0,0,synthetic-v1
upi://pay?pa=upi62388719@hdfcbank&pn=Amazon%20Refund%20Desk&am=10499&tn=pending%20bill,1,scam_impersonation,7,5,1,0,synthetic-v1
upi://pay?pa=varunkumar926@oksbi&pn=Swati%20Patel&am=1000.92&tn=chai,0,legit_p2p,0,0,0,0,synthetic-v1
upi://pay?pa=ayesha18@pnb&pn=Vikram%20Shetty&am=86326&tn=college%20fees,0,legit_family_large,0,0,0,0,synthetic-v1
upi://pay?pa=paytmqr4925123777@paytm&pn=Raj%20Mobile%20Point&mc=5732,0,legit_merchant_static,1,0,1,0,synthetic-v1
upi://pay?pa=9632441809@sbi&pn=Flipkart%20Refund%20Team&am=37000&tn=Claim%20your%20reward,1,scam_refund_receive,2,2,0,1,synthetic-v1
upi://pay?pa=8689606436@ibl&pn=Flipkart%20Refund%20Team&tn=whatsapp%207148146195,1,scam_link_in_note,3,2,0,0,synthetic-v1
upi://pay?pa=rohit73@hdfcbank&pn=Vikram%20Nair&tn=cab%20share,0,legit_p2p,0,0,0,0,synthetic-v1
upi://pay?pa=upi13190545@yesbank&pn=ICICI%20Bank%20Support&am=44599&tn=Enter%20PIN%20to%20receive%20money,1,scam_refund_receive,0,0,0,0,synthetic-v1
upi://pay?pa=aniljoshi842@okaxis&pn=Sneha%20Naik&tn=groceries,0,legit_p2p,0,0,0,0,synthetic-v1
upi://pay?pa=8615206964@hdfcbank&pn=Paytm%20KYC%20Team&tn=call%209354064588%20for%20refund,1,scam_link_in_note,0,0,0,0,synthetic-v1
upi://pay?pa=paytmqr7048845496@paytm&pn=Om%20Sai%20Kirana&am=16030&mc=5499&tr=ORD261824976&tn=Order%20payment,0,legit_merchant_dynamic,1,0,1,0,synthetic-v1
upi://pay?pa=citystore83@okaxis&pn=Raj%20Mobile%20Point&mc=4121,0,legit_merchant_static,0,0,0,0,synthetic-v1
upi://pay?pa=paytmqr6496348099@paytm&pn=Green%20Leaf%20Veg&mc=5812&tn=Payment,0,legit_merchant_static,0,0,1,0,synthetic-v1
upi://pay?pa=8277005145@axisbank,0,legit_p2p,0,0,0,1,synthetic-v1
upi://pay?pa=pay65320455@ibl&pn=HDFC%20Customer%20Care&am=17134,1,scam_impersonation,0,0,0,0,synthetic-v1
upi://pay?pa=8269359678@ybl&pn=PhonePe%20Cashback&am=41146.94&tn=Enter%20PIN%20to%20receive%20money,1,scam_refund_receive,0,0,0,0,synthetic-v1
upi://pay?pa=sunita.singh@okhdfcbank&pn=Sanjay%20Reddy&tn=maid%20salary,0,legit_p2p,0,0,0,0,synthetic-v1
upi://pay?pa=q952007721@ybl&pn=Anand%20Sweets&mc=5942,0,legit_merchant_static,0,0,1,0,synthetic-v1
upi://pay?pa=metromart88@okaxis&pn=Balaji%20Fancy%20Store&mc=7230,0,legit_merchant_static,0,0,0,0,synthetic-v1
upi://pay?pa=9536664985@icici&pn=Priya%20Singh&am=37377&tn=electricity%20share,0,legit_p2p,0,0,0,0,synthetic-v1
upi://pay?pa=ravi.mishra@dbs&pn=PhonePe%20Cashback&am=12899&tn=verification,1,scam_impersonation,1,0,0,0,synthetic-v1
upi://pay?pa=paytmqr1598242594@paytm&pn=Green%20Leaf%20Veg&mc=4121,0,legit_merchant_static,1,0,0,0,synthetic-v1
upi://pay?pa=q405124509@ybl&pn=Sri%20Lakshmi%20Medicals&mc=5814,0,legit_merchant_static,0,0,0,0,synthetic-v1
upi://pay?pa=priya.pillai@icici&pn=Rohit%20Iyer&am=21000&tn=cab%20share,0,legit_p2p,0,0,0,0,synthetic-v1
upi://pay?pa=bharatpe.92432266@fbpe&pn=Metro%20Tailors&mc=5942,0,legit_merchant_static,0,0,0,0,synthetic-v1
upi://pay?pa=krishnastore@ybl&pn=Krishna%20Bakery,0,legit_small_shop,0,0,0,0,synthetic-v1
upi://pay?pa=q888358900@ybl&pn=Om%20Sai%20Kirana&mc=5814,0,legit_merchant_static,0,0,0,0,synthetic-v1
upi://pay?pa=68476605@ybl&pn=RBI%20Grievance%20Cell&tn=check%20www.refund-status.online,1,scam_link_in_note,0,0,0,0,synthetic-v1
upi://pay?pa=6657812231@oksbi&pn=BSF%20Officer%20Vijay&am=14480&tn=security%20deposit,1,scam_olx_army,9,1,0,0,synthetic-v1
upi://pay?pa=bharatpe.53896714@fbpe&pn=Janata%20Hardware&mc=5942,0,legit_merchant_static,0,0,0,0,synthetic-v1
upi://pay?pa=paytmqr1349826156@paytm&pn=Om%20Sai%20Kirana&am=8046&mc=5499&tr=ORD973209845&tn=Bill,0,legit_merchant_dynamic,0,0,1,0,synthetic-v1
upi://pay?pa=razorpay.7577282@icici&pn=Blue%20Star%20Salon&am=15844&mc=7230&tr=ORD71943662,0,legit_merchant_dynamic,0,0,0,0,synthetic-v1
upi://pay?pa=paytmqr7142102193@paytm&pn=Green%20Leaf%20Veg&am=19998&mc=7230&tr=ORD86559927&tn=Order%20payment,0,legit_merchant_dynamic,0,0,0,0,synthetic-v1
upi://pay?pa=user10953356@paytm&pn=Paytm%20KYC%20Team&am=1499&tn=KYC%20verification,1,scam_kyc_fee,0,0,0,0,synthetic-v1
upi://pay?pa=user31028848@icici&pn=SBI%20Refund%20Dept&am=5782&tn=details%20http%3A%2F%2Fkyc-981.xyz,1,scam_link_in_note,10,8,0,0,synthetic-v1
upi://pay?pa=paytmqr8764256212@paytm&pn=Metro%20Tailors&mc=7538,0,legit_merchant_static,0,0,0,0,synthetic-v1
upi://pay?pa=irctc.pay@hdfcbank&pn=Indian%20Railways%20IRCTC&am=12366&mc=4900&tr=TXN3653525190&tn=Consumer%20no%206191588,0,legit_biller,0,0,0,0,synthetic-v1
upi://pay?pa=suresh86@icici&pn=Sneha%20Singh&tn=chai,0,legit_p2p,0,0,0,0,synthetic-v1
upi://pay?pa=7379005034@apl&pn=Fatima%20Gupta&am=42400&tn=trip%20share,0,legit_p2p,0,0,0,0,synthetic-v1
upi://pay?pa=6387646904@apl&pn=Amazon%20Lucky%20Winner&am=7999&tn=GST%20on%20prize,1,scam_prize,27,22,0,1,synthetic-v1
upi://pay?pa=7265805938@okicici&pn=Gurpreet%20Kumar&am=37586&tn=trading%20profit,1,scam_quiet,2,1,0,0,synthetic-v1
upi://pay?pa=gurpreet.verma@axl&pn=Sanjay%20Reddy&am=1000&tn=tuition,0,legit_p2p,0,0,0,0,synthetic-v1
upi://pay?pa=7417699471@rbl&pn=Govt%20Subsidy%20Office&am=37099&tn=Enter%20PIN%20to%20receive%20money,1,scam_refund_receive,4,4,0,0,synthetic-v1
upi://pay?pa=harish.sharma@axisbank&pn=PhonePe%20Cashback&am=32000.79&tn=Receive%20payment%20from%20buyer,1,scam_refund_receive,6,3,0,0,synthetic-v1
upi://pay?pa=bharatpe.65877188@fbpe&pn=Fresh%20Mart,0,legit_merchant_static,0,0,0,0,synthetic-v1
upi://pay?pa=npci.support41@paytm&pn=Paytm%20KYC%20Team&mc=0000&am=3992.68&tn=refund,1,scam_fake_merchant,4,3,1,0,synthetic-v1
upi://pay?pa=kavyasingh893@apl&pn=Joseph%20Menon,0,legit_p2p,0,0,0,0,synthetic-v1
upi://pay?pa=user52049240@apl&pn=Flipkart%20Refund%20Team&am=32999&tn=Refund%20processing%20-%20scan%20to%20get,1,scam_refund_receive,2,2,0,0,synthetic-v1
upi://mandate?pa=7125904428@idfcbank&pn=Jio%20Recharge&am=3145&recur=MONTHLY&tn=cashback%20activation,1,scam_autopay,5,1,0,0,synthetic-v1
upi://pay?pa=8349942905@hdfcbank&pn=Mary%20Kumar&am=178&tn=trip%20share,0,legit_p2p,0,0,0,0,synthetic-v1
upi://pay?pa=9663708263@paytm&pn=Rohit%20Naik&am=4209&tn=gift,0,legit_p2p,0,0,0,0,synthetic-v1
upi://pay?pa=9292734612@okaxis&pn=Sai%20Vegetables,0,legit_small_shop,0,0,0,0,synthetic-v1
upi://pay?pa=razorpay.9943097@icici&pn=City%20Bakery&am=10731&mc=5814&tr=ORD578821388&tn=Order%20payment,0,legit_merchant_dynamic,0,0,0,0,synthetic-v1
upi://pay?pa=arunpatel569@ibl&pn=Vikram%20Das&am=2017&tn=fees,0,legit_p2p,0,0,0,0,synthetic-v1
upi://pay?pa=paytmqr3924897891@paytm&pn=Royal%20Fruits&mc=5732,0,legit_merchant_static,0,0,0,0,synthetic-v1
upi://pay?pa=bescom.billdesk@hdfcbank&pn=BESCOM%20Bill%20Payment&am=12729&mc=4900&tr=TXN5165574832&tn=Consumer%20no%203601576,0,legit_biller,0,0,0,0,synthetic-v1
upi://pay?pa=prakash24@axl&pn=Asha%20Shetty&am=21000&tn=groceries,0,legit_p2p,1,0,3,0,synthetic-v1
upi://pay?pa=rahul.patel@yesbank&tn=fees,0,legit_p2p,0,0,0,0,synthetic-v1
upi://pay?pa=aniljoshi864@rbl&pn=Pooja%20Verma,0,legit_rare_handle,0,0,0,0,synthetic-v1
upi://pay?pa=bharatpe.63413422@fbpe&pn=Raj%20Mobile%20Point&mc=5499,0,legit_merchant_static,0,0,0,0,synthetic-v1
upi://pay?pa=razorpay.2527121@icici&pn=Anand%20Sweets&am=4946&mc=5912&tr=ORD105721583&tn=Order%20payment,0,legit_merchant_dynamic,0,0,1,0,synthetic-v1
upi://pay?pa=sunita.das@axl&pn=Anjali%20Patel&am=1000,0,legit_p2p,0,0,0,1,synthetic-v1
upi://pay?pa=8529119923@okicici&pn=Shiva%20Flowers&am=1500&tn=payment,0,legit_small_shop,0,0,0,0,synthetic-v1
upi://pay?pa=q480051265@ybl&pn=Raj%20Mobile%20Point&mc=5311&tn=Payment,0,legit_merchant_static,0,0,0,0,synthetic-v1
upi://pay?pa=icici.helpdesk4@okhdfcbank&pn=Police%20Cyber%20Cell&mc=0000&am=5699.84&tn=refund,1,scam_fake_merchant,0,0,0,0,synthetic-v1
upi://pay?pa=9264372072@barodampay&pn=SBI%20KYC%20Cell&am=2796&tn=PAN%20link%20fee,1,scam_kyc_fee,13,1,0,0,synthetic-v1
upi://pay?pa=josephgupta767@okhdfcbank&pn=Harish%20Patel&am=54744&tn=hospital%20bill,0,legit_family_large,0,0,0,0,synthetic-v1
upi://pay?pa=freshstore@fbl&pn=Fresh%20Fish%20Stall&tn=payment,0,legit_small_shop,0,0,0,0,synthetic-v1
upi://pay?pa=bharatpe.37281870@fbpe&pn=Kumar%20Auto%20Works&mc=5411,0,legit_merchant_static,0,0,0,0,synthetic-v1
upi://pay?pa=freshstore@paytm&pn=Fresh%20Fish%20Stall&am=5000&tn=bill,0,legit_small_shop,0,0,0,0,synthetic-v1
upi://pay?pa=kavya.gupta@idfcbank&pn=Income%20Tax%20Department&tn=verification,1,scam_impersonation,0,0,0,0,synthetic-v1
upi://pay?pa=anjali.mishra@okhdfcbank&pn=Neha%20Shetty&am=41000&tn=help,1,scam_quiet,7,6,0,0,synthetic-v1
upi://pay?pa=manoj199583@oksbi&pn=ICICI%20Bank%20Support&tn=whatsapp%207128424867,1,scam_link_in_note,0,0,0,0,synthetic-v1
upi://pay?pa=7918044387@ybl&pn=Paytm%20KYC%20Team&am=40299.84&tn=Get%20cashback%20now,1,scam_refund_receive,0,0,0,0,synthetic-v1
upi://pay?pa=kumarmart95@okaxis&pn=Metro%20Tailors&mc=5331,0,legit_merchant_static,0,0,0,0,synthetic-v1
upi://pay?pa=paytmqr9578125046@paytm&pn=Janata%20Hardware&mc=5411,0,legit_merchant_static,0,0,0,0,synthetic-v1
upi://pay?pa=ganeshstall@pnb&pn=Ganesh%20Tea%20Stall&am=1000,0,legit_small_shop,0,0,0,0,synthetic-v1
upi://pay?pa=gurpreet.iyer@kvb&pn=HDFC%20Customer%20Care&am=17999,1,scam_impersonation,2,2,0,0,synthetic-v1
upi://pay?pa=98592007@paytm&pn=Indian%20Army%20Canteen&am=6876&tn=advance%20for%20item,1,scam_olx_army,4,2,0,0,synthetic-v1
upi://pay?pa=mary16@barodampay&pn=Ayesha%20Kumar&am=3243&tn=gift,0,legit_p2p,0,0,0,0,synthetic-v1
upi://collect?pa=farhan473604@fbl&pn=RBI%20Grievance%20Cell&am=8732&tn=approve%20to%20receive,1,scam_collect,0,0,0,0,synthetic-v1
upi://pay?pa=7932012083@yesbank&pn=SBI%20KYC%20Cell&am=2951&tn=PAN%20link%20fee,1,scam_kyc_fee,9,5,0,0,synthetic-v1
upi://pay?pa=razorpay.7578759@icici&pn=Royal%20Fruits&am=17159&mc=5411&tr=ORD464159780&tn=Invoice%201076,0,legit_merchant_dynamic,0,0,0,0,synthetic-v1
upi://pay?pa=kiran21@paytm&pn=Kavya%20Shetty&tn=maid%20salary,0,legit_p2p,0,0,0,0,synthetic-v1
upi://autopay?pa=7925573922@barodampay&pn=Netflix&am=8822&recur=DAILY&tn=cashback%20activation,1,scam_autopay,2,1,0,0,synthetic-v1
upi://pay?pa=arun.pillai@yesbank&pn=Arjun%20Menon&tn=chai,0,legit_p2p,0,0,0,0,synthetic-v1
upi://pay?pa=priya820423@oksbi&pn=Army%20Officer%20Rakesh&am=13000&tn=army%20canteen,1,scam_olx_army,0,0,0,0,synthetic-v1
upi://pay?pa=6813726140@okaxis&pn=Neha%20Mishra&am=1000.56,0,legit_p2p,0,0,0,0,synthetic-v1
upi://pay?pa=paytmqr5147385325@paytm&pn=Metro%20Tailors&am=18711&mc=7538&tr=ORD365986088&tn=Invoice%206666,0,legit_merchant_dynamic,0,0,0,0,synthetic-v1
upi://pay?pa=razorpay.7815334@icici&pn=Raj%20Mobile%20Point&am=6132&mc=5331&tr=ORD712655595&tn=Invoice%206633,0,legit_merchant_dynamic,1,1,1,0,synthetic-v1
upi://pay?pa=rbi.claim75@paytm&pn=Income%20Tax%20Department&mc=0000&tn=cashback,1,scam_fake_merchant,3,1,0,0,synthetic-v1
upi://pay?pa=irctc.pay@hdfcbank&pn=Indian%20Railways%20IRCTC&am=14573&mc=4900&tr=TXN2320916172&tn=Bill%20payment,0,legit_biller,0,0,0,0,synthetic-v1
upi://pay?pa=lic.premium@axisbank&pn=LIC%20Premium&am=14878&mc=9399&tr=TXN8451007108&tn=Consumer%20no%208813182,0,legit_biller,0,0,0,0,synthetic-v1
upi://pay?pa=9662827825@kvb&pn=Anjali%20Shetty,0,legit_rare_handle,0,0,0,0,synthetic-v1
upi://pay?pa=prakashkhan399@axl&pn=Ayesha%20Menon&am=1000.71&tn=electricity%20share,0,legit_p2p,0,0,0,0,synthetic-v1
upi://pay?pa=6738952346@hdfcbank&pn=Sanjay%20Pillai&tn=maid%20salary,0,legit_p2p,0,0,0,0,synthetic-v1
upi://pay?pa=hotelstore43@okaxis&pn=Kumar%20Auto%20Works&mc=5732,0,legit_merchant_static,0,0,0,0,synthetic-v1
upi://pay?pa=7817555717@icici&pn=New%20Style%20Tailors,0,legit_small_shop,0,0,0,0,synthetic-v1
upi://pay?pa=7965138256@ybl&pn=Income%20Tax%20Department&am=11399.94,1,scam_impersonation,18,16,0,0,synthetic-v1
upi://pay?pa=harish223788@barodampay&pn=Amazon%20Lucky%20Winner&am=9248&tn=GST%20on%20prize,1,scam_prize,0,0,0,0,synthetic-v1
upi://pay?pa=bharatpe.84915403@fbpe&pn=Blue%20Star%20Salon,0,legit_merchant_static,0,0,0,0,synthetic-v1
upi://pay?pa=arun156391@paytm&pn=Income%20Tax%20Department&am=40818&tn=Prize%20money%20credit,1,scam_refund_receive,2,2,0,0,synthetic-v1
upi://pay?pa=shreya.gupta@icici&pn=Anil%20Gowda&am=4000&tn=maid%20salary,0,legit_p2p,0,0,0,0,synthetic-v1
upi://pay?pa=ravinaik431@fbl&pn=Anjali%20Patel&tn=maid%20salary,0,legit_p2p,0,0,0,0,synthetic-v1
upi://pay?pa=arjun.gupta@kotak&tn=cab%20share,0,legit_p2p,0,0,0,0,synthetic-v1
upi://pay?pa=akshayapatra@axisbank&pn=Akshaya%20Patra,0,legit_temple,0,0,0,0,synthetic-v1
upi://pay?pa=paytmqr7818777223@paytm&pn=Kumar%20Auto%20Works&mc=5942,0,legit_merchant_static,0,0,1,0,synthetic-v1
upi://pay?pa=paytmqr6118055458@paytm&pn=Hotel%20Annapoorna&am=14535&mc=5411&tr=ORD961449116&tn=Bill&sign=MEUCIQbeceac01cX8eXcd4ef7Y,0,legit_merchant_dynamic,0,0,0,0,synthetic-v1
upi://pay?pa=paytmqr9675749068@paytm&pn=Janata%20Hardware&mc=5499,0,legit_merchant_static,0,0,0,0,synthetic-v1
upi://pay?pa=anjali79@kotak&pn=Sanjay%20Kumar&am=232&tn=rent,0,legit_p2p,0,0,0,0,synthetic-v1
upi://pay?pa=deepa27@paytm&am=2953.07&tn=gift,0,legit_p2p,0,0,0,0,synthetic-v1
upi://pay?pa=bbmp.propertytax@sbi&pn=BBMP%20Property%20Tax&am=12539&mc=9399&tr=TXN1635135934&tn=Bill%20payment,0,legit_biller,0,0,0,0,synthetic-v1
upi://pay?pa=marypillai992@icici&pn=Shreya%20Kumar&am=21773.53&tn=house%20deposit,0,legit_family_large,0,0,0,0,synthetic-v1
upi://pya?pa=6543000811@okicici&pn=City%20Bakery&am=9578.65,1,scam_tampered_qr,0,0,0,0,synthetic-v1
upi://pay?pa=paytmqr2834158907@paytm&pn=Fresh%20Mart&mc=5942&tn=Payment,0,legit_merchant_static,0,0,0,0,synthetic-v1
upi://pay?pa=anjali35@okicici&pn=Priya%20Patel,0,legit_p2p,0,0,0,0,synthetic-v1
upi://pay?pa=9657388135@axl&pn=Priya%20Beauty%20Parlour&am=6432,0,legit_small_shop,0,0,0,0,synthetic-v1
upi://pay?pa=rbi.claim61@icici&pn=Flipkart%20Refund%20Team&am=9499&tn=refund,1,scam_fake_merchant,19,15,0,0,synthetic-v1
upi://pay?pa=kirannaik237@yesbank&pn=Prakash%20Verma&am=57000&tn=college%20fees,0,legit_family_large,0,0,0,0,synthetic-v1
upi://pay?pa=paytmqr6832594866@paytm&pn=City%20Bakery&am=18003&mc=5732&tr=ORD225734027&tn=Order%20payment,0,legit_merchant_dynamic,1,1,3,0,synthetic-v1
upi://pay?pa=farhan133955@pnb&pn=Paytm%20KYC%20Team&am=2199&tn=KYC%20verification,1,scam_kyc_fee,15,3,0,0,synthetic-v1
upi://pay?pa=treasury.ker@sbi&pn=Kerala%20Govt%20Treasury&am=13277&mc=4900&tr=TXN9614297946&tn=Consumer%20no%202061868,0,legit_biller,0,0,0,0,synthetic-v1
upi://pay?pa=9513665895@icici&pn=Meera%20Iyer&tn=rent,0,legit_p2p,0,0,0,0,synthetic-v1
upi://pay?pa=meera562@okicici&pn=Raju%20Juice%20Corner&am=300&tn=order,0,legit_small_shop,0,0,0,0,synthetic-v1
upi://pay?pa=razorpay.9198190@icici&pn=Blue%20Star%20Salon&am=16707&mc=5499&tr=ORD106590150&tn=Bill&sign=MEUCIQ219X18XYcb28152296d8,0,legit_merchant_dynamic,0,0,0,0,synthetic-v1
upi://pay?pa=bharatpe.41303972@fbpe&pn=Green%20Leaf%20Veg&mc=5812,0,legit_merchant_static,0,0,0,0,synthetic-v1
upi://pay?pa=acc78124168@barodampay&pn=Paytm%20KYC%20Team&am=2232.76&tn=KYC%20verification,1,scam_kyc_fee,1,1,0,0,synthetic-v1
upi://pay?pa=cry.donate@hdfcbank&pn=Gurudwara%20Seva&mc=8661,0,legit_temple,0,0,0,0,synthetic-v1
upi://pay?pa=kiranjoshi2@paytm&pn=Anil%20Sharma&am=1000&tn=groceries,0,legit_p2p,0,0,0,0,synthetic-v1
upi://pay?pa=7169640874@axisbank&pn=Kumar%20Xerox&am=1500,0,legit_small_shop,0,0,0,0,synthetic-v1
upi://pay?pa=6764310749@icici&pn=Arun%20Patel&am=40852&tn=hospital,1,scam_quiet,9,3,0,0,synthetic-v1
upi://pay?pa=8521827452@apl&pn=BSF%20Officer%20Vijay&am=26707&tn=army%20canteen,1,scam_olx_army,3,1,0,0,synthetic-v1
upi://pay?pa=paytmqr9423194957@paytm&pn=Metro%20Tailors&mc=4121,0,legit_merchant_static,0,0,0,0,synthetic-v1
upi://pay?pa=bharatpe.46886480@fbpe&pn=Janata%20Hardware&mc=5942&tn=Payment,0,legit_merchant_static,0,0,0,0,synthetic-v1
upi://pay?pa=8261058@kvb&pn=CRPF%20Jawan%20Sunil&am=14000&tn=security%20deposit,1,scam_olx_army,5,1,0,0,synthetic-v1
upi://pay?pa=8298241497@ibl&pn=Govt%20Subsidy%20Office&am=1999&tn=Receive%20payment%20from%20buyer,1,scam_refund_receive,6,4,0,0,synthetic-v1
upi://pay?pa=6525527500@barodampay&pn=Army%20Officer%20Rakesh&am=2000&tn=security%20deposit,1,scam_olx_army,12,8,0,0,synthetic-v1
upi://pay?pa=farhan37@okaxis&pn=Rohit%20Kumar&am=2606.27&tn=movie,0,legit_p2p,0,0,0,0,synthetic-v1
upi://pay?pa=paytmqr5876527707@paytm&pn=Om%20Sai%20Kirana&am=9711&mc=5942&tr=ORD575641350&tn=Bill,0,legit_merchant_dynamic,1,0,2,0,synthetic-v1
upi://pay?pa=bescom.billdesk@hdfcbank&pn=BESCOM%20Bill%20Payment&am=14372&mc=9311&tr=TXN1234778113&tn=Property%20tax,0,legit_biller,0,0,0,0,synthetic-v1
upi://pay?pa=paytmqr3909457482@paytm&pn=Hotel%20Annapoorna&am=11727&mc=5331&tr=ORD632691252,0,legit_merchant_dynamic,0,0,0,0,synthetic-v1
upi://pay?pa=anil.mishra@upi&pn=Neha%20Khan&am=2763&tn=groceries,0,legit_p2p,0,0,0,0,synthetic-v1
upi://pay?pa=77610513@oksbi&pn=Army%20Officer%20Rakesh&am=24173.21&tn=army%20canteen,1,scam_olx_army,0,0,0,0,synthetic-v1
upi://pay?pa=7648772709@barodampay&pn=Divya%20Patel&am=64000&tn=wedding,0,legit_family_large,0,0,0,0,synthetic-v1
upi://pay?pa=paytmqr9760567820@paytm&pn=Kumar%20Auto%20Works&am=15423&mc=5942&tr=ORD3874523,0,legit_merchant_dynamic,0,0,0,0,synthetic-v1
upi://pay?pa=9488991516@upi&pn=Lakshmi%20Tiffin%20Centre&am=1093&tn=bill,0,legit_small_shop,0,0,0,0,synthetic-v1
upi://pay?pa=rohitmenon279@okicici&pn=Farhan%20Patel&am=3000,0,legit_p2p,0,0,0,0,synthetic-v1
upi://pay?pa=cf.blue852@axisbank&pn=Green%20Leaf%20Veg&am=6940&mc=5814&tr=ORD143487419&tn=Invoice%201690,0,legit_merchant_dynamic,0,0,0,0,synthetic-v1
upi://pay?pa=9473721428@rbl&pn=Customs%20Clearance%20Officer&am=7000.48&tn=Cashback%20credited%20on%20scan,1,scam_refund_receive,0,0,0,0,synthetic-v1
upi://pay?pa=pay47791458@oksbi&pn=Govt%20Subsidy%20Office&am=33699.52&tn=Cashback%20credited%20on%20scan,1,scam_refund_receive,0,0,0,0,synthetic-v1
upi://pay?pa=paytmqr3315440621@paytm&pn=Metro%20Tailors&mc=5912,0,legit_merchant_static,0,0,0,0,synthetic-v1
upi://pay?pa=deepa38@ybl&pn=Sanjay%20Joshi,0,legit_p2p,0,0,0,0,synthetic-v1
upi://pay?pa=shivashop@upi&pn=Shiva%20Flowers&am=1000,0,legit_small_shop,1,0,3,0,synthetic-v1
upi://pay?pa=upi53439136@axisbank&pn=Police%20Cyber%20Cell&am=5699&tn=security%20deposit,1,scam_impersonation,2,2,0,0,synthetic-v1
upi://pay?pa=bescom.billdesk@hdfcbank&pn=BESCOM%20Bill%20Payment&am=14974.70&mc=9399&tr=TXN6574669480&tn=Bill%20payment,0,legit_biller,0,0,0,0,synthetic-v1
upi://pay?pa=9426118606@kotak&pn=Rohit%20Shetty&am=3461.53,0,legit_p2p,0,0,0,0,synthetic-v1
upi://pay?pa=paytmqr7398150038@paytm&pn=Janata%20Hardware&tn=Payment,0,legit_merchant_static,0,0,1,0,synthetic-v1
upi://pay?pa=q980918061@ybl&pn=Raj%20Mobile%20Point&mc=5732&tn=Payment,0,legit_merchant_static,0,0,0,0,synthetic-v1
upi://pay?pa=6680325519@hdfcbank&pn=Kiran%20Menon&am=2036,0,legit_p2p,0,0,0,0,synthetic-v1
upi://pay?pa=cityshop46@okaxis&pn=Raj%20Mobile%20Point&mc=5812,0,legit_merchant_static,0,0,0,0,synthetic-v1
upi://collect?pa=gurpreet419244@dbs&pn=Army%20Officer%20Rakesh&am=24916.52&tn=advance%20for%20item,1,scam_olx_army,0,0,0,1,synthetic-v1
upi://pay?pa=gurpreet35@icici&pn=Farhan%20Das&am=3813&tn=petrol,0,legit_p2p,0,0,0,0,synthetic-v1
upi://pay?pa=sunita.sharma@ibl&pn=Anjali%20Rao&am=42199&tn=Cashback%20credited%20on%20scan,1,scam_refund_receive,0,0,0,0,synthetic-v1
upi://pay?pa=varun.mishra@sbi&am=683&tn=movie,0,legit_p2p,0,0,0,0,synthetic-v1
upi://pay?pa=acc64519541@hdfcbank&pn=PhonePe%20Cashback&am=9313&tn=details%20http%3A%2F%2Fkyc-958.xyz,1,scam_link_in_note,9,2,0,0,synthetic-v1
upi://pay?pa=34432796@rbl&pn=SBI%20KYC%20Cell&am=1193&tn=Account%20unblock%20fee,1,scam_kyc_fee,0,0,0,0,synthetic-v1
upi://pay?pa=6287373120@paytm&pn=Arjun%20Sharma&am=19889&tn=task%20payment,1,scam_quiet,0,0,0,0,synthetic-v1
upi://pay?pa=irctc.pay@hdfcbank&pn=Indian%20Railways%20IRCTC&am=6619&mc=9311&tr=TXN866379554&tn=Consumer%20no%202162523,0,legit_biller,3,0,3,0,synthetic-v1
upi://pay?pa=8822824443@okaxis&am=19857&tn=urgent,1,scam_quiet,2,1,0,0,synthetic-v1
upi://pay?pa=deepa28@ibl&pn=Ravi%20Nair&am=4000.58&tn=maid%20salary,0,legit_p2p,0,0,0,0,synthetic-v1
upi://pay?pa=6653995321@kotak&pn=Suresh%20Verma&tn=chai,0,legit_p2p,0,0,0,0,synthetic-v1
upi://pay?pa=rahulstore@upi&pn=Rahul%20Mobile%20Repair&am=2000,0,legit_small_shop,0,0,0,0,synthetic-v1
upi://pay?pa=q977700524@ybl&pn=Raj%20Mobile%20Point&mc=5942,1,legit_merchant_static,0,0,0,0,synthetic-v1
upi://pay?pa=rahul74@axisbank&pn=Harish%20Bose&am=57000&tn=house%20deposit,0,legit_family_large,0,0,0,0,synthetic-v1
upi://pay?pa=8214128970@axisbank&pn=SBI%20Refund%20Dept&am=42399&tn=Scan%20to%20receive%20your%20refund,1,scam_refund_receive,0,0,0,0,synthetic-v1
upi://pay?pa=joseph634@axisbank&pn=Balaji%20Stores&am=1000&tn=payment,0,legit_small_shop,0,0,1,0,synthetic-v1
upi://pay?pa=8340412513@apl&pn=Krishna%20Bakery&am=2000&tn=payment,0,legit_small_shop,0,0,0,0,synthetic-v1
upi://pay?pa=8902390255@okhdfcbank&pn=Priya%20Verma&am=2118&tn=electricity%20share,0,legit_p2p,0,0,0,0,synthetic-v1
upi://pay?pa=sbi.kyc.update39@timecosmos&pn=Flipkart%20Refund%20Team&am=7353&tn=refund,1,scam_fake_merchant,15,15,0,0,synthetic-v1
upi://pay?pa=user45833638@ibl&pn=Flipkart%20Refund%20Team&am=5354&tn=visit%20bit.ly%2F89044%20to%20claim,1,scam_link_in_note,0,0,0,0,synthetic-v1
upi://pay?pa=9947281505@dbs&pn=PhonePe%20Cashback&am=16999&tn=Refund%20of%20Rs%2016999,1,scam_refund_receive,0,0,0,0,synthetic-v1
upi://pay?pa=gurpreet.sharma@dlb&pn=Sunita%20Menon&am=1482,1,legit_rare_handle,0,0,0,0,synthetic-v1
upi://pay?pa=13938336@dbs&pn=KBC%20Lottery%20Winner&am=6026&tn=GST%20on%20prize,1,scam_prize,1,0,0,1,synthetic-v1
upi://pay?pa=arjunjoshi790@paytm&pn=Varun%20Pillai&am=83000.99&tn=college%20fees,0,legit_family_large,0,0,0,0,synthetic-v1
upi://pya?pa=user993066@kvb&pn=PhonePe%20Cashback&am=8816,1,scam_tampered_qr,0,0,0,0,synthetic-v1
upi://pay?pa=7484905854@okhdfcbank&am=1000&tn=bill,0,legit_small_shop,0,0,0,0,synthetic-v1
upi://pay?pa=lic.premium@axisbank&pn=LIC%20Premium&am=4246.86&mc=4112&tr=TXN2828643143&tn=Bill%20payment,0,legit_biller,0,0,0,0,synthetic-v1
upi://pay?pa=fatima76@kotak,0,legit_p2p,0,0,0,0,synthetic-v1
upi://pay?pa=6819818798@ibl&pn=Police%20Cyber%20Cell&am=8191&tn=pending%20bill,1,scam_impersonation,0,0,0,0,synthetic-v1
upi://collect?pa=upi98835521@upi&pn=RBI%20Grievance%20Cell&am=5898&tn=Prize%20money%20credit,1,scam_collect,0,0,0,0,synthetic-v1
upi://pay?pa=6913270188@yesbank&pn=Ravi%20Pillai&tn=movie,0,legit_p2p,0,0,0,0,synthetic-v1
upi://pay?pa=sunita.das@oksbi&pn=Kavya%20Khan&tn=electricity%20share,0,legit_p2p,0,0,0,0,synthetic-v1
upi://pay?pa=6560156005@okhdfcbank&pn=Anjali%20Khan&am=35418.16&tn=house%20deposit,0,legit_family_large,0,0,0,0,synthetic-v1
upi://pay?pa=priya49@icici&pn=Om%20Paan%20Shop&am=7907&tn=bill,0,legit_small_shop,0,0,0,0,synthetic-v1
upi://pay?pa=ayesha@icici&pn=ABC%20Store,0,legit_small_shop,0,0,0,0,synthetic-v1
upi://pay?pa=9884131592@barodampay&pn=Paytm%20KYC%20Team&am=199&tn=KYC%20update%20charge,1,scam_kyc_fee,3,1,0,0,synthetic-v1
upi://pay?pa=meera24517@kotak&pn=Paytm%20KYC%20Team&am=25799&tn=Get%20cashback%20now,1,scam_refund_receive,0,0,0,0,synthetic-v1
upi://pay?pa=sunita871745@okicici&pn=Bank%20KYC%20Update&am=2699&tn=PAN%20link%20fee,1,scam_kyc_fee,3,3,0,0,synthetic-v1
upi://pay?pa=priya467@ibl&pn=Priya%20Beauty%20Parlour&am=1560,0,legit_small_shop,0,0,0,0,synthetic-v1
upi://pay?pa=9386845724@@okaxis&pn=Sharma%20General%20Store&am=2971.43,1,scam_tampered_qr,23,10,0,0,synthetic-v1
upi://pay?pa=upi76682697@okaxis&pn=Police%20Cyber%20Cell&am=38645&tn=Refund%20processing%20-%20scan%20to%20get,1,scam_refund_receive,0,0,0,0,synthetic-v1
upi://pay?pa=pooja.das@kotak,0,legit_p2p,0,0,0,0,synthetic-v1
upi://pay?pa=swatireddy492@tjsb&pn=Anil%20Shetty&am=1670,0,legit_rare_handle,0,0,0,0,synthetic-v1
upi://pay?pa=6752279106@okhdfcbank&pn=Govt%20Subsidy%20Office&am=1843&tn=check%20www.refund-status.online,1,scam_link_in_note,0,0,0,0,synthetic-v1
upi://pay?pa=upi22438911@icici&pn=Lucky%20Draw%20Office&am=10499&tn=tax%20on%20winning,1,scam_prize,1,1,0,0,synthetic-v1
upi://pay?pa=farhannair698@axisbank&pn=Harish%20Verma&am=31000.29&tn=loan%20return,0,legit_p2p,0,0,0,0,synthetic-v1
upi://pay?pa=tirumala.donations@sbi&pn=Akshaya%20Patra,0,legit_temple,0,0,0,0,synthetic-v1
upi://pay?pa=meera.joshi@ibl&pn=Jio%20Prize%20Department&am=17299&tn=prize%20claim%20fee,1,scam_prize,0,0,0,0,synthetic-v1
upi://pay?pa=9423182674@kvb&pn=Anjali%20Kumar&am=2659&tn=Account%20unblock%20fee,1,scam_kyc_fee,0,0,0,0,synthetic-v1
upi://pay?pa=shiva29@kotak&pn=Shiva%20Flowers&am=50&tn=order,0,legit_small_shop,0,0,0,0,synthetic-v1
upi://pay?pa=7472383377@axisbank&pn=Vikram%20Singh&tn=dinner,0,legit_p2p,0,0,1,0,synthetic-v1
upi://pay?pa=upi35133882@paytm&pn=RBI%20Grievance%20Cell&tn=security%20deposit,1,scam_impersonation,7,3,0,0,synthetic-v1
upi://pay?pa=user17191765@apl&pn=RBI%20Grievance%20Cell&am=23399.42&tn=Get%20cashback%20now,1,scam_refund_receive,0,0,0,0,synthetic-v1
upi://pay?pa=sanjaynair484@ibl&tn=fees,0,legit_p2p,0,0,0,0,synthetic-v1
upi://pay?pa=harish609675@idfcbank&pn=Flipkart%20Refund%20Team&am=5919&tn=visit%20bit.ly%2F28970%20to%20claim,1,scam_link_in_note,3,2,0,0,synthetic-v1
upi://pay?pa=meera41@okaxis&pn=Fatima%20Mishra,0,legit_p2p,0,0,0,0,synthetic-v1
upi://pay?pa=6152454235@kotak&pn=Police%20Cyber%20Cell&tn=security%20deposit,1,scam_impersonation,2,1,0,0,synthetic-v1
upi://pay?pa=8851883328@icici&pn=Asha%20Kumar&am=2740,1,scam_quiet,1,1,0,1,synthetic-v1
upi://pay?pa=6574267557@ybl&pn=Manoj%20Iyer&am=2583&tn=fees,0,legit_p2p,0,0,0,0,synthetic-v1
upi://collect?pa=9595318308@ybl&pn=Customs%20Clearance%20Officer&am=717&tn=Get%20cashback%20now,1,scam_collect,0,0,0,0,synthetic-v1
upi://pay?pa=7970531021@okicici&pn=Vikram%20Joshi&am=42000&tn=house%20deposit,0,legit_family_large,0,0,0,0,synthetic-v1
upi://pay?pa=ravi.menon@timecosmos&pn=Prakash%20Singh&am=886,0,legit_rare_handle,0,0,0,0,synthetic-v1
upi://pay?pa=arjun23@oksbi&pn=Lakshmi%20Gowda&am=2723.70&tn=petrol,0,legit_p2p,0,0,0,0,synthetic-v1
upi//pay?pa=8831930794@kotak&pn=Green%20Leaf%20Veg,1,scam_tampered_qr,0,0,0,0,synthetic-v1
upi://mandate?pa=7895004774@idfcbank&pn=Asha%20Menon&am=5108&recur=WEEKLY&tn=verify%20account,1,scam_autopay,8,2,0,0,synthetic-v1
upi://pay?pa=metroshop64@okaxis&pn=Balaji%20Fancy%20Store,0,legit_merchant_static,0,0,0,0,synthetic-v1
upi://pay?pa=kavya45@hdfcbank&pn=Sanjay%20Gupta&am=85000&tn=car%20emi,0,legit_family_large,0,0,0,0,synthetic-v1
upi://autopay?pa=7483296943@dbs&pn=Electricity%20Board&am=4099&recur=WEEKLY&tn=verify%20account,1,scam_autopay,0,0,0,0,synthetic-v1
upi://pay?pa=paytmqr6789309232@paytm&pn=Sri%20Lakshmi%20Medicals&mc=5311,0,legit_merchant_static,0,0,0,0,synthetic-v1
upi://pay?pa=citystore@fbl&pn=City%20Laundry,0,legit_small_shop,0,0,0,0,synthetic-v1
upi://pay?pa=bharatpe.54845836@fbpe&pn=Royal%20Fruits&mc=7538,0,legit_merchant_static,0,0,0,0,synthetic-v1
upi://pay?pa=sunitagupta256@kvb&pn=Nikhil%20Verma&am=664,0,legit_rare_handle,0,0,0,0,synthetic-v1
upi://pay?pa=mary66@upi&pn=Anna%20Idli%20Stall&tn=bill,0,legit_small_shop,0,0,0,0,synthetic-v1
upi://pay?pa=481021@fbl&pn=Army%20Officer%20Rakesh&am=19000&tn=advance%20for%20item,1,scam_olx_army,0,0,0,0,synthetic-v1
upi://pay?pa=9714536054@okicici&pn=TRAI%20Helpline&am=15699&tn=Refund%20processing%20-%20scan%20to%20get,1,scam_refund_receive,29,23,1,0,synthetic-v1
upi://pay?pa=bharatpe.10310552@fbpe&pn=Kumar%20Auto%20Works&mc=5499&tn=Payment,0,legit_merchant_static,0,0,0,0,synthetic-v1
upi://pay?pa=manoj549@oksbi&pn=ABC%20Store&am=5048.56,0,legit_small_shop,0,0,0,0,synthetic-v1
upi://pay?pa=paytmqr4519097215@paytm&pn=Janata%20Hardware&mc=5942,0,legit_merchant_static,0,0,0,0,synthetic-v1
upi://pay?pa=9647692833@okaxis&pn=Sanjay%20Mishra&am=2968.16,0,legit_p2p,0,0,0,0,synthetic-v1
upi://pay?pa=sanjay.menon@ibl&pn=Rahul%20Nair&am=14088&tn=trip%20share,0,legit_p2p,0,0,0,0,synthetic-v1
upi://pay?pa=bharatpe.26303803@fbpe&pn=Fresh%20Mart&mc=5311,0,legit_merchant_static,0,0,0,0,synthetic-v1
upi://pay?pa=gurudwara.seva@pnb&pn=Akshaya%20Patra&mc=8398&am=3866,0,legit_temple,0,0,0,0,synthetic-v1
upi://pay?pa=pinelabs.180750@hdfcbank&pn=Hotel%20Annapoorna&am=13347&mc=5942&tr=ORD770979369&tn=Order%20payment,0,legit_merchant_dynamic,0,0,0,0,synthetic-v1
upi://pay?pa=upi81165845@apl&pn=Amazon%20Lucky%20Winner&am=18099&tn=winner%20registration,1,scam_prize,7,2,0,0,synthetic-v1
upi://pay?pa=pay60586818@sbi&pn=Customs%20Clearance%20Officer&am=26499&tn=Scan%20to%20receive%20your%20refund,1,scam_refund_receive,4,2,0,0,synthetic-v1
upi://pay?pa=paytmqr9159193867@paytm&pn=Fresh%20Mart&mc=4121&tn=Payment,0,legit_merchant_static,0,0,0,0,synthetic-v1
upi://collect?pa=7471715795@ybl&pn=SBI%20Refund%20Dept&am=10184&tn=Scan%20to%20receive%20your%20refund,1,scam_collect,8,7,0,0,synthetic-v1
upi://pay?pa=mary.gowda@apl&pn=Income%20Tax%20Department&am=1299&tn=Get%20cashback%20now,1,scam_refund_receive,1,0,0,0,synthetic-v1
upi://pay?pa=shreya42@paytm&pn=Kavya%20Shetty&am=4575&tn=dinner,0,legit_p2p,0,0,0,0,synthetic-v1
upi://collect?pa=8392829641@dbs&pn=BSF%20Officer%20Vijay&am=6510&tn=security%20deposit,1,scam_olx_army,0,0,0,0,synthetic-v1
upi://pay?pa=59616531@kvb&pn=PhonePe%20Cashback&am=32299&tn=Get%20cashback%20now,1,scam_refund_receive,4,2,0,0,synthetic-v1
upi://pay?pa=q537649267@ybl&pn=Blue%20Star%20Salon&mc=5912&tn=Payment,0,legit_merchant_static,2,0,0,0,synthetic-v1
upi://mandate?pa=acc10819549@pnb&pn=Jio%20Recharge&am=9399&recur=MONTHLY&tn=verify%20account,1,scam_autopay,29,28,0,0,synthetic-v1
upi://autopay?pa=priya.rao@ibl&pn=Priya%20Verma&am=2715&recur=DAILY&tn=subscription,1,scam_autopay,1,0,0,0,synthetic-v1
upi://pay?pa=bharatpe.19040318@fbpe&pn=Balaji%20Fancy%20Store&mc=5311,0,legit_merchant_static,0,0,0,0,synthetic-v1
upi://pay?pa=paytmqr9996051893@paytm&pn=Raj%20Mobile%20Point&tn=Payment,0,legit_merchant_static,0,0,0,0,synthetic-v1
upi://pay?pa=paytmqr1846647056@paytm&pn=Balaji%20Fancy%20Store&am=14772&mc=5331&tr=ORD897952757&tn=Order%20payment,0,legit_merchant_dynamic,0,0,0,0,synthetic-v1
upi://pay?pa=ayesha.khan@kotak&pn=Sneha%20Bose&tn=fees,0,legit_p2p,0,0,0,0,synthetic-v1
upi://pay?pa=7818415730@okhdfcbank&pn=Arun%20Nair&am=758,0,legit_p2p,0,0,0,0,synthetic-v1
upi://pay?pa=9467309239@upi&pn=TRAI%20Helpline&am=8217&tn=verification,1,scam_impersonation,0,0,0,0,synthetic-v1
upi://pay?pa=9677289836@oksbi&pn=Paytm%20KYC%20Team&am=48000&tn=Receive%20payment%20from%20buyer,1,scam_refund_receive,0,0,0,0,synthetic-v1
upi://pay?pa=incometax.refund96@oksbi&pn=Flipkart%20Refund%20Team&mc=0000&am=2285&tn=offer,1,scam_fake_merchant,3,1,0,0,synthetic-v1
upi://pay?pa=razorpay.4380399@icici&pn=Royal%20Fruits&am=18071.60&mc=5912&tr=ORD758071342&tn=Order%20payment&sign=MEUCIQab78862c833Zc05428dd,0,legit_merchant_dynamic,1,1,1,0,synthetic-v1
upi://pay?pa=9769554385@icici&pn=Sanjay%20Joshi&am=20672&tn=help,1,scam_quiet,0,0,0,0,synthetic-v1
upi://pay?pa=meera458410@okhdfcbank&pn=Bank%20KYC%20Update&am=903&tn=Account%20unblock%20fee,0,scam_kyc_fee,0,0,0,0,synthetic-v1
upi://pay?pa=q161261485@ybl&pn=Fresh%20Mart&mc=5499,0,legit_merchant_static,0,0,0,0,synthetic-v1
upi://pay?pa=cf.hotel918@axisbank&pn=Hotel%20Annapoorna&am=44&mc=7538&tr=ORD632846478&tn=Invoice%206368,0,legit_merchant_dynamic,0,0,0,0,synthetic-v1
upi://pay?pa=bluemart29@okaxis&pn=Balaji%20Fancy%20Store&mc=5411&tn=Payment,0,legit_merchant_static,0,0,0,0,synthetic-v1
upi://autopay?pa=user35897585@okaxis&pn=Netflix&am=3139&recur=DAILY&tn=verify%20account,1,scam_autopay,3,2,0,0,synthetic-v1
upi://pay?pa=8335530478@paytm&pn=Rohit%20Verma&tn=loan%20return,0,legit_p2p,1,0,1,0,synthetic-v1
upi://pay?pa=asha85@sbi&pn=Deepa%20Iyer&tn=chai,0,legit_p2p,0,0,0,0,synthetic-v1
upi://mandate?pa=9926115623@okaxis&pn=Jio%20Recharge&am=2064&recur=MONTHLY&tn=KYC,1,scam_autopay,0,0,0,0,synthetic-v1
upi://pay?pa=manojshetty131@kotak&pn=Sneha%20Khan&am=22000&tn=trip%20share,0,legit_p2p,0,0,0,0,synthetic-v1
upi://pay?pa=sunita.gupta@apl&pn=Kiran%20Menon&am=4391&tn=movie,0,legit_p2p,0,0,0,0,synthetic-v1
upi://pay?pa=pinelabs.411489@hdfcbank&pn=Green%20Leaf%20Veg&am=11666&mc=5812&tr=ORD141449886,0,legit_merchant_dynamic,0,0,0,0,synthetic-v1
upi://pay?pa=tirumala.donations@sbi&pn=ISKCON%20Temple&mc=8398,0,legit_temple,0,0,0,0,synthetic-v1
upi://pay?pa=farhan@idfcbank&pn=Lakshmi%20Tiffin%20Centre,0,legit_small_shop,2,0,0,0,synthetic-v1
upi://pay?pa=9968919898@okicici&tn=rent,0,legit_p2p,0,0,0,0,synthetic-v1
upi://pay?pa=rajustall@idfcbank&am=200&tn=bill,0,legit_small_shop,0,0,0,0,synthetic-v1
upi://pay?pa=asha.bose@ybl&pn=Kavya%20Gupta&am=3731.23&tn=maid%20salary,0,legit_p2p,0,0,0,0,synthetic-v1
upi://pay?pa=8784501391@okicici&pn=Vikram%20Bose&am=4000&tn=chai,0,legit_p2p,0,0,0,0,synthetic-v1
upi://pay?pa=bbmp.propertytax@sbi&pn=BBMP%20Property%20Tax&am=4725&mc=6300&tr=TXN5128228212&tn=Consumer%20no%203030712,0,legit_biller,0,0,0,0,synthetic-v1
upi://pay?pa=6776298005@axl&pn=Paytm%20KYC%20Team&am=2654&tn=PAN%20link%20fee,1,scam_kyc_fee,0,0,0,0,synthetic-v1
upi://pay?pa=manoj.kumar@yesbank&pn=Paytm%20KYC%20Team&am=17399&tn=processing%20fee,1,scam_impersonation,0,0,0,0,synthetic-v1
upi://pay?pa=fatima89@barodampay&pn=Gurpreet%20Das&tn=loan%20return,0,legit_p2p,0,0,0,0,synthetic-v1
upi://pay?pa=irctc.pay@hdfcbank&pn=Indian%20Railways%20IRCTC&am=12971&mc=9399&tr=TXN4149582216&tn=Property%20tax,0,legit_biller,0,0,0,1,synthetic-v1
upi://pay?pa=user50750461@ybl&pn=Indian%20Army%20Canteen&am=5000&tn=refundable%20deposit,1,scam_olx_army,4,2,0,0,synthetic-v1
upi://pay?pa=8368129592@dbs&pn=Mega%20Prize%20Claim&am=19591&tn=GST%20on%20prize,1,scam_prize,0,0,0,1,synthetic-v1
upi://pay?pa=mary.pillai@ibl&pn=Sunita%20Mishra&am=1777&tn=gift,0,legit_p2p,0,0,0,0,synthetic-v1
upi://pay?pa=divya633999@ibl&pn=Amazon%20Refund%20Desk&am=19699&tn=pending%20bill,1,scam_impersonation,2,2,0,0,synthetic-v1
upi://pay?pa=razorpay.8785144@icici&pn=Sharma%20General%20Store&am=13220.29&mc=5814&tr=ORD971255856&tn=Order%20payment,0,legit_merchant_dynamic,0,0,0,0,synthetic-v1
upi://pay?pa=7477512143@kvb&pn=Sunita%20Kumar&am=36810.72&tn=hospital,1,scam_quiet,5,2,0,0,synthetic-v1
upi://pay?pa=gurpreet.gupta@oksbi&pn=Electricity%20Board%20Officer&tn=pending%20bill,1,scam_impersonation,0,0,0,0,synthetic-v1
upi://pay?pa=fatimabose108@ybl&pn=Joseph%20Bose&tn=birthday%20gift,0,legit_p2p,0,0,0,0,synthetic-v1
upi://pay?pa=gurpreet.mishra@ibl&pn=Mary%20Joshi&am=32420&tn=hospital%20bill,0,legit_family_large,0,0,0,0,synthetic-v1
upi://pay?pa=7995795146@rbl&pn=Priya%20Kumar&am=7782&tn=details%20http%3A%2F%2Fkyc-856.xyz,1,scam_link_in_note,0,0,0,0,synthetic-v1
upi://pay?pa=6726042843@axisbank&pn=Varun%20Pillai&tn=whatsapp%209162246447,1,scam_link_in_note,0,0,0,0,synthetic-v1
upi://pay?pa=bharatpe.86463591@fbpe&pn=Janata%20Hardware&mc=5311,0,legit_merchant_static,0,0,0,0,synthetic-v1
upi://pay?pa=7475649634@icici&pn=Joseph%20Naik&am=17000.84&tn=Get%20cashback%20now,1,scam_refund_receive,2,2,0,0,synthetic-v1
upi://pay?pa=8878251794@kvb&pn=Jio%20Prize%20Department&am=19911&tn=winner%20registration,1,scam_prize,0,0,0,0,synthetic-v1
upi://pay?pa=q523032890@ybl&pn=Royal%20Fruits&mc=5499,0,legit_merchant_static,0,0,0,0,synthetic-v1
"upi://pay?pa=7487061267@okaxis&pn=Kumar%20Auto%20Works&am=1,00,000",1,scam_tampered_qr,0,0,0,0,synthetic-v1
upi://pay?pa=swati.gowda@oksbi&pn=Manoj%20Rao&am=79000&tn=rent,0,legit_family_large,0,0,0,0,synthetic-v1
upi://pay?pa=sureshnaik299@axl&pn=Ayesha%20Gowda&tn=dinner,0,legit_p2p,0,0,0,0,synthetic-v1
upi://pay?pa=99896339@idfcbank&pn=Jio%20Prize%20Department&am=13899&tn=winner%20registration,1,scam_prize,2,2,1,0,synthetic-v1
upi://pay?pa=meera.patel@ibl&pn=Manoj%20Gowda&am=50290&tn=hospital%20bill,0,legit_family_large,0,0,0,0,synthetic-v1
upi://pay?pa=rahul.sharma@hdfcbank&pn=Sanjay%20Gowda&tn=fees,0,legit_p2p,0,0,1,0,synthetic-v1
upi://pay?pa=poojamishra353@fbl&am=44401&tn=investment,1,scam_quiet,5,3,0,0,synthetic-v1
upi://pay?pa=marypatel964@sbi&pn=Anjali%20Shetty&am=1833&tn=petrol,0,legit_p2p,0,0,0,0,synthetic-v1
upi://pay?pa=7140491640@dbs&pn=Flipkart%20Refund%20Team&tn=case%20closure,1,scam_impersonation,0,0,0,0,synthetic-v1
upi://pay?pa=cf.hotel426@axisbank&pn=City%20Bakery&am=2287&mc=5311&tr=ORD485455649&tn=Bill,0,legit_merchant_dynamic,0,0,0,0,synthetic-v1
upi://pay?pa=nikhil.pillai@upi&pn=Indian%20Army%20Canteen&am=21661.47&tn=verification%20amount,1,scam_olx_army,0,0,0,0,synthetic-v1
upi://pay?pa=78047124@icici&am=12577&tn=hospital,1,scam_quiet,0,0,0,0,synthetic-v1
upi://pay?pa=josephsharma521@okhdfcbank&pn=Asha%20Pillai&am=3058&tn=rent,0,legit_p2p,0,0,0,0,synthetic-v1
upi://pay?pa=pinelabs.728219@hdfcbank&pn=City%20Bakery&am=3291&mc=5732&tr=ORD805295587&tn=Order%20payment,0,legit_merchant_dynamic,0,0,0,0,synthetic-v1
upi://pay?pa=8981560309@apl&pn=Lakshmi%20Tiffin%20Centre&tn=order,0,legit_small_shop,0,0,0,0,synthetic-v1
upi://pay?pa=customer.care.help96@jupiteraxis&pn=RBI%20Grievance%20Cell&mc=0000&tn=cashback,1,scam_fake_merchant,0,0,0,0,synthetic-v1
upi://pay?pa=varun802395@dbs&pn=Green%20Leaf%20Veg&pa=9201420028@fbl,1,scam_tampered_qr,0,0,0,0,synthetic-v1
upi://pay?pa=6935621281@ybl&pn=RBI%20Grievance%20Cell,1,scam_impersonation,4,1,0,0,synthetic-v1
upi://pay?pa=q607093974@ybl&pn=City%20Bakery,0,legit_merchant_static,0,0,0,0,synthetic-v1
upi://pay?pa=q796949598@ybl&pn=City%20Bakery&mc=5499,0,legit_merchant_static,0,0,0,0,synthetic-v1
upi://pay?pa=6282095121@axisbank&pn=Metro%20Chaat&am=3000&tn=order,0,legit_small_shop,0,0,0,0,synthetic-v1
upi://pay?pa=arun699240@dbs&pn=Police%20Cyber%20Cell&am=23585.45,1,scam_impersonation,1,1,1,0,synthetic-v1
upi://mandate?pa=ravi80567@sbi&pn=Anil%20Das&am=4345&recur=DAILY&tn=cashback%20activation,1,scam_autopay,1,1,0,0,synthetic-v1
upi://pay?pa=rbi.claim20@fbl&pn=ICICI%20Bank%20Support&tn=offer,1,scam_fake_merchant,15,9,0,0,synthetic-v1
upi://pay?pa=99036368@upi&pn=Manoj%20Khan&am=15000,1,scam_quiet,7,7,0,0,synthetic-v1
upi://pay?pa=8662962804@axisbank&pn=Meera%20Shetty&am=55000&tn=car%20emi,0,legit_family_large,0,0,0,0,synthetic-v1
upi://pay?pa=arjun.gowda@apl&pn=HDFC%20Customer%20Care&am=21399&tn=case%20closure,1,scam_impersonation,13,13,0,0,synthetic-v1
upi://pay?pa=customer.care.help58@fbl&pn=PhonePe%20Cashback&mc=0000&am=3542&tn=cashback,1,scam_fake_merchant,0,0,0,0,synthetic-v1
upi://pay?pa=kavya.mishra@idfcbank&pn=Neha%20Naik&tn=birthday%20gift,0,legit_p2p,0,0,0,0,synthetic-v1
upi://pay?pa=asha.reddy@rbl&pn=Arun%20Patel&am=2585,0,legit_rare_handle,0,0,0,0,synthetic-v1
upi://pay?pa=prakash374982@fbl&pn=Police%20Cyber%20Cell&tn=security%20deposit,1,scam_impersonation,0,0,0,0,synthetic-v1
upi://pay?pa=sanjaypatel484@upi&pn=Suresh%20Pillai&tn=groceries,0,legit_p2p,0,0,0,0,synthetic-v1
upi://pay?pa=prakash.menon@hdfcbank&tn=trip%20share,0,legit_p2p,0,0,0,0,synthetic-v1
upi://pay?pa=paytmqr2117713746@paytm&pn=Metro%20Tailors&mc=5499,0,legit_merchant_static,0,0,0,0,synthetic-v1
upi://pay?pa=varun.pillai@axl&pn=Amazon%20Lucky%20Winner&am=10499&tn=prize%20claim%20fee,1,scam_prize,4,4,0,0,synthetic-v1
upi://pay?pa=varun.singh@kvb&pn=Pooja%20Das,0,legit_rare_handle,0,0,0,0,synthetic-v1
upi://pay?pa=upi67864689@rbl&pn=Amazon%20Refund%20Desk&am=39199&tn=Refund%20processing%20-%20scan%20to%20get,1,scam_refund_receive,9,5,0,0,synthetic-v1
upi://pay?pa=8670471442@okicici&pn=Army%20Officer%20Rakesh&am=23828&tn=advance%20for%20item,0,scam_olx_army,0,0,0,0,synthetic-v1
upi://pay?pa=8229602009@upi&pn=Amazon%20Lucky%20Winner&am=8299.31&tn=winner%20registration,1,scam_prize,0,0,0,0,synthetic-v1
upi://pay?pa=6609879071@axisbank&pn=Meera%20Shetty&am=27198&tn=rent,0,legit_p2p,0,0,0,0,synthetic-v1
upi://pay?pa=waterboard.collect@icici&pn=Municipal%20Water%20Board&am=12044.90&mc=6300&tr=TXN654592042&tn=Bill%20payment,0,legit_biller,0,0,0,0,synthetic-v1
upi://pay?pa=8843665678@apl&pn=Farhan%20Shetty&am=1153&tn=Account%20unblock%20fee,1,scam_kyc_fee,2,2,0,0,synthetic-v1
upi://pay?pa=bharatpe.69910686@fbpe&pn=Blue%20Star%20Salon&mc=5311,0,legit_merchant_static,0,0,0,0,synthetic-v1
upi://pay?pa=7180467584@upi&pn=CRPF%20Jawan%20Sunil&am=7104&tn=refundable%20deposit,1,scam_olx_army,0,0,0,0,synthetic-v1
upi://pay?pa=7261847633@apl&pn=Om%20Paan%20Shop,0,legit_small_shop,0,0,0,0,synthetic-v1
upi://pay?pa=user58534323@barodampay&pn=HDFC%20Customer%20Care&am=14299&tn=processing%20fee,1,scam_impersonation,0,0,0,0,synthetic-v1
upi://pay?pa=priyashetty956@ibl&pn=Varun%20Iyer&am=323.10,0,legit_p2p,0,0,0,0,synthetic-v1
upi://pay?pa=lakshmi.bose@paytm&pn=Police%20Cyber%20Cell&tn=details%20http%3A%2F%2Fkyc-34.xyz,1,scam_link_in_note,2,2,0,0,synthetic-v1
upi://pay?pa=user85390186@hdfcbank&pn=Police%20Cyber%20Cell&tn=pending%20bill,1,scam_impersonation,9,8,0,0,synthetic-v1
upi://pay?pa=cf.royal71@axisbank&pn=City%20Bakery&am=18737&mc=5411&tr=ORD81099533&tn=Invoice%203080,0,legit_merchant_dynamic,0,0,0,0,synthetic-v1
upi://pay?pa=9993116200@oksbi&pn=KBC%20Lottery%20Winner&am=8799&tn=prize%20claim%20fee,1,scam_prize,5,5,0,0,synthetic-v1
upi://pay?pa=7883749775@@okhdfcbank&pn=City%20Bakery&am=8231,1,scam_tampered_qr,0,0,0,0,synthetic-v1
upi://collect?pa=6740667383@ibl&pn=ICICI%20Bank%20Support&am=14098&tn=Refund%20of%20Rs%205000,1,scam_collect,7,2,1,1,synthetic-v1
upi://pay?pa=razorpay.3295903@icici&pn=Raj%20Mobile%20Point&am=5783&mc=5942&tr=ORD725917725&tn=Invoice%20756,0,legit_merchant_dynamic,0,0,0,0,synthetic-v1
upi://pay?pa=6884572146@kotak&pn=Kavya%20Verma&am=38000&tn=urgent,1,scam_quiet,0,0,0,0,synthetic-v1
upi://pay?pa=acc2650262@idfcbank&pn=PhonePe%20Cashback&am=8822&tn=call%208453968358%20for%20refund,1,scam_link_in_note,0,0,0,0,synthetic-v1
upi://pay?pa=farhannair706@barodampay&pn=Nikhil%20Khan&tn=groceries,0,legit_p2p,0,0,0,0,synthetic-v1
upi://pay?pa=meera.gowda@idfcbank&pn=Army%20Officer%20Rakesh&am=26000&tn=refundable%20deposit,1,scam_olx_army,10,10,0,0,synthetic-v1
upi://pay?pa=8403269031@kotak&pn=Mary%20Reddy&am=973&tn=dinner,0,legit_p2p,0,0,0,0,synthetic-v1
upi://collect?pa=acc37377175@barodampay&pn=ICICI%20Bank%20Support&am=5708&tn=Scan%20to%20receive%20your%20refund,1,scam_collect,0,0,0,0,synthetic-v1
upi://pay?pa=anil.rao@okicici&am=3153&tn=electricity%20share,0,legit_p2p,0,0,0,0,synthetic-v1
upi://pay?pa=paytm.kyc@ybl&pn=Income%20Tax%20Department&mc=0000&tn=offer,0,scam_fake_merchant,0,0,0,0,synthetic-v1
upi://pay?pa=vikram45@okicici&pn=Divya%20Mishra&am=559.67,0,legit_p2p,0,0,0,0,synthetic-v1
upi://pay?pa=gpay.reward45@hdfcbank&pn=Flipkart%20Refund%20Team&tn=refund,1,scam_fake_merchant,9,1,0,1,synthetic-v1
upi://pay?pa=royalmart54@okaxis&pn=Janata%20Hardware&mc=5942&tn=Payment,0,legit_merchant_static,1,0,3,0,synthetic-v1
upi://pay?pa=acc17335707@fbl&pn=Police%20Cyber%20Cell&am=31000&tn=Refund%20processing%20-%20scan%20to%20get,1,scam_refund_receive,0,0,0,0,synthetic-v1
upi://pay?pa=priya35@icici&pn=Kiran%20Iyer&tn=petrol,0,legit_p2p,0,0,0,0,synthetic-v1
upi://pay?pa=treasury.ker@sbi&pn=Kerala%20Govt%20Treasury&am=4179&mc=4112&tr=TXN1546594101&tn=Consumer%20no%204056322,0,legit_biller,0,0,0,0,synthetic-v1
upi://pay?pa=9672815634@yesbank&pn=Priya%20Beauty%20Parlour&tn=payment,0,legit_small_shop,0,0,0,0,synthetic-v1
upi://pay?pa=joseph863@icici&pn=ABC%20Store&am=2829&tn=order,0,legit_small_shop,0,0,0,0,synthetic-v1
upi://pay?pa=sanjay.patel@icici&am=38574&tn=gift,0,legit_p2p,0,0,0,0,synthetic-v1
upi://pay?pa=7658094064@upi&pn=Paytm%20KYC%20Team&am=1720&tn=processing%20fee,1,scam_impersonation,0,0,0,0,synthetic-v1
upi://pay?pa=rohit.gowda@okicici&tn=movie,0,legit_p2p,0,0,0,0,synthetic-v1
upi://pay?pa=kavya45@okaxis&pn=Rahul%20Bose&am=1188&tn=cab%20share,0,legit_p2p,0,0,0,0,synthetic-v1
upi://pay?pa=cf.kumar480@axisbank&pn=Hotel%20Annapoorna&am=1030&mc=5814&tr=ORD888460105&tn=Bill,0,legit_merchant_dynamic,0,0,0,0,synthetic-v1
upi://pay?pa=arun.sharma@barodampay&pn=Mega%20Prize%20Claim&am=19799&tn=prize%20claim%20fee,1,scam_prize,1,0,0,0,synthetic-v1
upi://pay?pa=paytmqr9641495613@paytm&pn=Royal%20Fruits&am=17309.56&mc=5499&tr=ORD7334660&tn=Invoice%209495,0,legit_merchant_dynamic,0,0,0,0,synthetic-v1
upi://pay?pa=7920465428@upi&pn=SBI%20KYC%20Cell&am=1099&tn=KYC%20update%20charge,1,scam_kyc_fee,0,0,0,0,synthetic-v1
upi://pay?pa=ayesha32@okaxis&pn=Anjali%20Nair&am=1000,0,legit_p2p,0,0,0,0,synthetic-v1
upi://pay?pa=bharatpe.91849224@fbpe&pn=Sri%20Lakshmi%20Medicals,0,legit_merchant_static,0,0,0,0,synthetic-v1
upi://pay?pa=9616771331@apl&pn=Divya%20Pillai&am=23000,0,legit_p2p,0,0,0,0,synthetic-v1
upi://pay?pa=newstall@okicici&pn=New%20Style%20Tailors&am=1765.55,0,legit_small_shop,0,0,0,0,synthetic-v1
upi://pay?pa=9445643260@icici&pn=Pooja%20Sharma&am=4843&tn=trip%20share,0,legit_p2p,0,0,0,1,synthetic-v1
upi://pay?pa=pinelabs.277381@hdfcbank&pn=Kumar%20Auto%20Works&am=10157&mc=5311&tr=ORD959379605&tn=Order%20payment&sign=MEUCIQ71e04Z1b16fcdZc9ca07,0,legit_merchant_dynamic,0,0,0,0,synthetic-v1
upi://pay?pa=8794155547@okhdfcbank&pn=HDFC%20Customer%20Care&am=4020&tn=visit%20bit.ly%2F7057%20to%20claim,1,scam_link_in_note,0,0,0,0,synthetic-v1
upi://mandate?pa=7937171838@sbi&pn=Amazon%20Prime&am=7840&recur=MONTHLY&tn=cashback%20activation,1,scam_autopay,1,0,0,0,synthetic-v1
upi://pay?pa=manoj97@okhdfcbank&pn=Deepa%20Khan&tn=tuition,0,legit_p2p,0,0,0,0,synthetic-v1
upi://collect?pa=93262800@hdfcbank&pn=Indian%20Army%20Canteen&am=7000&tn=army%20canteen,1,scam_olx_army,0,0,0,0,synthetic-v1
upi://pay?pa=6933207285@barodampay&pn=Priya%20Joshi&am=19819&tn=car%20emi,0,legit_family_large,0,0,0,0,synthetic-v1
upi://collect?pa=9955059247@axl&pn=PhonePe%20Cashback&am=2020&tn=Prize%20money%20credit,1,scam_collect,3,2,0,0,synthetic-v1
upi://pay?pa=swati19@okhdfcbank&am=2502&tn=gift,0,legit_p2p,0,0,0,0,synthetic-v1
upi://pay?pa=icici.helpdesk25@ibl&pn=RBI%20Grievance%20Cell&am=8499&tn=cashback,1,scam_fake_merchant,0,0,0,0,synthetic-v1
upi://pay?pa=sunita.das@paytm&am=198.91&tn=trip%20share,0,legit_p2p,0,0,0,0,synthetic-v1
upi://pay?pa=upi52131720@idfcbank&pn=Manoj%20Iyer&am=7922&tn=whatsapp%207739088327,1,scam_link_in_note,0,0,0,0,synthetic-v1
upi://pay?pa=aniljoshi48@sbi&pn=Suresh%20Kumar&am=20000&tn=electricity%20share,0,legit_p2p,0,0,0,0,synthetic-v1
upi://pay?pa=9959473069@okaxis&pn=Electricity%20Board%20Officer&am=24999&tn=verification,1,scam_impersonation,11,7,0,0,synthetic-v1
upi://pay?pa=6448211190@okicici&pn=PhonePe%20Cashback&am=16599&tn=pending%20bill,1,scam_impersonation,0,0,0,0,synthetic-v1
upi://pay?pa=9987841680@axisbank&pn=Amazon%20Lucky%20Winner&am=23299.62&tn=GST%20on%20prize,1,scam_prize,2,2,0,1,synthetic-v1
upi://pay?pa=arjun.rao@hdfcbank&pn=Paytm%20KYC%20Team&am=1099.72&tn=Account%20unblock%20fee,1,scam_kyc_fee,0,0,0,1,synthetic-v1
upi://pay?pa=razorpay.3103474@icici&pn=Balaji%20Fancy%20Store&am=4881&mc=4121&tr=ORD604914975&tn=Invoice%208730&sign=MEUCIQf49b89ZZb90XYf15aabd,0,legit_merchant_dynamic,0,0,0,0,synthetic-v1
upi://pay?pa=shreya.kumar@axisbank&pn=TRAI%20Helpline&am=7763&tn=processing%20fee,1,scam_impersonation,2,1,0,0,synthetic-v1
upi://pay?pa=9786902502@apl&pn=ICICI%20Bank%20Support&tn=verification,1,scam_impersonation,2,1,0,0,synthetic-v1
upi://pay?pa=6910945173@axl&pn=Swati%20Joshi&am=10975&tn=house%20deposit,0,legit_family_large,0,0,0,0,synthetic-v1
upi://collect?pa=8739408552@sbi&pn=Police%20Cyber%20Cell&am=6286&tn=approve%20to%20receive,1,scam_collect,3,2,0,0,synthetic-v1
upi://pay?pa=incometax.refund@axisbank&pn=Police%20Cyber%20Cell&am=2550&tn=cashback,1,scam_fake_merchant,8,7,0,0,synthetic-v1
upi://pay?pa=9135994840@sbi&pn=Jio%20Prize%20Department&am=17757&tn=winner%20registration,1,scam_prize,2,1,0,0,synthetic-v1
upi://pay?pa=cf.balaji829@axisbank&pn=Anand%20Sweets&am=18082&mc=4121&tr=ORD831648825&tn=Order%20payment,0,legit_merchant_dynamic,0,0,0,0,synthetic-v1
upi://pay?pa=anil.patel@kvb&pn=Anjali%20Mishra,0,legit_rare_handle,0,0,0,0,synthetic-v1
upi://pay?pa=paytmqr6737770308@paytm&pn=Hotel%20Annapoorna&am=4460.30&mc=4121&tr=ORD106520113&tn=Invoice%205035,0,legit_merchant_dynamic,0,0,0,0,synthetic-v1
upi://pay?pa=varun.mishra@upi&pn=RBI%20Grievance%20Cell&am=33000&tn=Get%20cashback%20now,1,scam_refund_receive,3,2,0,0,synthetic-v1
upi://pay?pa=waterboard.collect@icici&pn=Municipal%20Water%20Board&am=3211&mc=4900&tr=TXN7763508821&tn=Bill%20payment,0,legit_biller,0,0,0,0,synthetic-v1
upi://pay?pa=prakash685188@sbi&pn=Bank%20KYC%20Update&am=1199&tn=KYC%20update%20charge,1,scam_kyc_fee,3,1,0,0,synthetic-v1
upi://pay?pa=balajimart51@okaxis&pn=Royal%20Fruits&mc=7538,0,legit_merchant_static,0,0,0,0,synthetic-v1
upi://pay?pa=7143113991@pnb&pn=Govt%20Subsidy%20Office&tn=pending%20bill,1,scam_impersonation,10,8,0,0,synthetic-v1
upi://pay?pa=sunita.singh@upi&pn=Amazon%20Lucky%20Winner&am=4261.27&tn=prize%20claim%20fee,0,scam_prize,7,5,0,0,synthetic-v1
upi://pay?pa=7178151366@okaxis&pn=RBI%20Grievance%20Cell&am=10599&tn=Prize%20money%20credit,1,scam_refund_receive,0,0,0,0,synthetic-v1
upi://pay?pa=newstall@sbi,0,legit_small_shop,0,0,0,0,synthetic-v1
upi://pay?pa=razorpay.3088399@icici&pn=Green%20Leaf%20Veg&am=15669&mc=7230&tr=ORD964760370&tn=Order%20payment,0,legit_merchant_dynamic,0,0,0,0,synthetic-v1
upi://pay?pa=phonepe.cashback85@okicici&pn=Electricity%20Board%20Officer&mc=0000&am=8699.54&tn=cashback,1,scam_fake_merchant,0,0,0,0,synthetic-v1
upi://pay?pa=7259121676@hdfcbank&pn=HDFC%20Customer%20Care&am=28000&tn=Claim%20your%20reward,1,scam_refund_receive,0,0,0,0,synthetic-v1
upi://pay?pa=8872225080@yesbank&pn=Lakshmi%20Tiffin%20Centre&am=250,0,legit_small_shop,0,0,0,0,synthetic-v1
upi://pay?pa=6796456497@barodampay&pn=Police%20Cyber%20Cell&am=44633&tn=Receive%20payment%20from%20buyer,1,scam_refund_receive,0,0,0,0,synthetic-v1
upi://pay?pa=9132332464@barodampay&pn=Ayesha%20Patel&tn=trip%20share,0,legit_p2p,0,0,0,0,synthetic-v1
upi://collect?pa=sneha971653@kotak&pn=CRPF%20Jawan%20Sunil&am=767.00&tn=Enter%20PIN%20to%20receive%20money,1,scam_collect,0,0,0,0,synthetic-v1
upi://pay?pa=joseph62@kotak&pn=Sanjay%20Sharma&tn=electricity%20share,0,legit_p2p,0,0,0,0,synthetic-v1
upi://pay?pa=paytmqr7049340981@paytm&pn=Janata%20Hardware&am=17289&mc=5732&tr=ORD535066349&tn=Order%20payment,0,legit_merchant_dynamic,0,0,0,0,synthetic-v1
upi://pay?pa=8519040187@idfcbank&pn=Paytm%20KYC%20Team&tn=pending%20bill,1,scam_impersonation,6,4,1,0,synthetic-v1
upi://pay?pa=6771062059@pnb&pn=RBI%20Grievance%20Cell&am=38000&tn=Claim%20your%20reward,1,scam_refund_receive,1,1,1,0,synthetic-v1
upi://pay?pa=6709072342@yesbank&pn=SBI%20Refund%20Dept&am=14899,1,scam_impersonation,0,0,0,0,synthetic-v1
upi://pay?pa=user28785123@barodampay&am=9000&tn=help,1,scam_quiet,0,0,0,0,synthetic-v1
upi://pay?pa=neha929@barodampay&am=100&tn=payment,0,legit_small_shop,0,0,0,0,synthetic-v1
upi://pay?pa=farhan.nair@okaxis&pn=Nikhil%20Das&am=7436,1,scam_quiet,8,1,0,0,synthetic-v1
upi://pay?pa=sureshgowda89@okicici&tn=maid%20salary,0,legit_p2p,0,0,0,0,synthetic-v1
upi://pay?pa=kirangowda530@yesbank&pn=Manoj%20Patel&am=37000&tn=trading%20profit,1,scam_quiet,2,2,0,1,synthetic-v1
upi://pay?pa=bharatpe.35211939@fbpe&pn=City%20Bakery,0,legit_merchant_static,0,0,0,0,synthetic-v1
upi://pay?pa=upi39422308@icici&pn=SBI%20Refund%20Dept&am=18299&tn=Enter%20PIN%20to%20receive%20money,1,scam_refund_receive,0,0,0,0,synthetic-v1
upi://pay?pa=9153882046@dbs&pn=Joseph%20Sharma&am=1550,0,legit_rare_handle,0,0,0,0,synthetic-v1
upi://pay?pa=44302422@oksbi&pn=Police%20Cyber%20Cell&am=25000&tn=Enter%20PIN%20to%20receive%20money,1,scam_refund_receive,2,2,1,0,synthetic-v1
upi://pay?pa=deepa.naik@axisbank&pn=Varun%20Kumar&am=21000.06&tn=movie,0,legit_p2p,0,0,0,0,synthetic-v1
upi://pay?pa=6909587627@sbi&pn=Bank%20KYC%20Update&am=1303.11&tn=Account%20unblock%20fee,1,scam_kyc_fee,0,0,0,0,synthetic-v1
upi://pay?pa=6824262653@axisbank&pn=Jio%20Prize%20Department&am=14899&tn=tax%20on%20winning,1,scam_prize,0,0,0,0,synthetic-v1
upi://pay?pa=rajustall@ybl&pn=Raju%20Juice%20Corner&am=1500&tn=bill,0,legit_small_shop,0,0,0,0,synthetic-v1
upi://pay?pa=anil470572@@yesbank&pn=Green%20Leaf%20Veg&am=1952,1,scam_tampered_qr,3,2,0,0,synthetic-v1
upi://pay?pa=acc29090038@ibl&pn=TRAI%20Helpline&am=39699&tn=Receive%20payment%20from%20buyer,1,scam_refund_receive,0,0,0,0,synthetic-v1
upi://mandate?pa=6165394598@upi&pn=Electricity%20Board&am=3299&recur=DAILY&tn=verify%20account,1,scam_autopay,3,1,0,0,synthetic-v1
upi://pay?pa=9308285314@barodampay&pn=Mary%20Patel&tn=dinner,0,legit_p2p,0,0,0,0,synthetic-v1
upi://pay?pa=7153445974@icici&pn=Shreya%20Gowda&am=59000&tn=wedding,0,legit_family_large,0,0,0,0,synthetic-v1
upi://pay?pa=fatima.gowda@upi&pn=KBC%20Lottery%20Winner&am=10391&tn=winner%20registration,1,scam_prize,14,13,0,0,synthetic-v1
upi://pay?pa=shreya.verma@ibl&pn=SBI%20Refund%20Dept&am=5599&tn=Receive%20payment%20from%20buyer,1,scam_refund_receive,0,0,0,0,synthetic-v1
upi://mandate?pa=6590829789@kotak&pn=Electricity%20Board&am=4599.90&recur=DAILY&tn=KYC,1,scam_autopay,0,0,0,0,synthetic-v1
upi://mandate?pa=farhan.mishra@apl&pn=Electricity%20Board&am=6599&recur=DAILY&tn=verify%20account,1,scam_autopay,6,6,0,0,synthetic-v1
upi://pay?pa=8112471171@paytm&pn=Sanjay%20Bose&am=31000,1,scam_quiet,4,1,0,0,synthetic-v1
upi://pay?pa=varungowda111@apl&pn=Swati%20Singh&am=50000&tn=college%20fees,0,legit_family_large,0,0,0,0,synthetic-v1
upi://pay?pa=priya.iyer@upi&pn=Arun%20Bose&am=17000.02&tn=rent,0,legit_family_large,0,0,0,0,synthetic-v1
upi://pay?pa=pinelabs.692962@hdfcbank&pn=Anand%20Sweets&am=18157&mc=5812&tr=ORD792079306,0,legit_merchant_dynamic,0,0,0,0,synthetic-v1
upi://pay?pa=sneha.kumar@ibl&pn=CRPF%20Jawan%20Sunil&am=10000&tn=army%20canteen,1,scam_olx_army,0,0,0,0,synthetic-v1
upi://pay?pa=razorpay.2600772@icici&pn=Royal%20Fruits&am=11024.78&mc=5311&tr=ORD157495710,0,legit_merchant_dynamic,0,0,0,0,synthetic-v1
upi://pay?pa=9395273957@paytm&pn=Jio%20Prize%20Department&am=13978&tn=GST%20on%20prize,1,scam_prize,1,0,0,0,synthetic-v1
upi://pay?pa=paytmqr4169212019@paytm&pn=Metro%20Tailors&mc=4121&tn=Payment,0,legit_merchant_static,0,0,0,0,synthetic-v1
upi://pay?pa=nikhil.gupta@kvb&pn=Swati%20Sharma&am=2648,0,legit_rare_handle,0,0,0,0,synthetic-v1
upi://pay?pa=varun58208@idfcbank&pn=Anil%20Das&am=28923&tn=trading%20profit,1,scam_quiet,0,0,0,0,synthetic-v1
upi://pay?pa=q387451634@ybl&pn=Om%20Sai%20Kirana&mc=4121,0,legit_merchant_static,0,0,0,0,synthetic-v1
upi://pay?pa=q598892492@ybl&pn=Metro%20Tailors,0,legit_merchant_static,0,0,0,0,synthetic-v1
upi://pay?pa=harish91@icici&pn=Priya%20Pillai&tn=movie,0,legit_p2p,1,1,1,0,synthetic-v1
upi://pay?pa=pinelabs.948594@hdfcbank&pn=Balaji%20Fancy%20Store&am=17044&mc=5732&tr=ORD918125498&tn=Order%20payment,0,legit_merchant_dynamic,0,0,0,0,synthetic-v1
upi://pay?pa=nikhil332244@ybl&pn=RBI%20Grievance%20Cell&am=10899.87&tn=processing%20fee,1,scam_impersonation,0,0,0,0,synthetic-v1
upi://pay?pa=poojajoshi730@paytm&pn=Gurpreet%20Menon&tn=dinner,0,legit_p2p,0,0,0,0,synthetic-v1
upi://pay?pa=upi48823672@pnb&am=4000&tn=urgent,1,scam_quiet,0,0,0,0,synthetic-v1
upi://pay?pa=mary.kumar@oksbi&pn=Manoj%20Nair&tn=chai,1,legit_p2p,0,0,0,0,synthetic-v1
upi://pay?pa=6525195851@sbi&pn=Rohit%20Gowda&am=1000&tn=chai,0,legit_p2p,0,0,0,0,synthetic-v1
upi://pay?pa=sureshpillai72@pnb&pn=Swati%20Verma&am=43000&tn=petrol,0,legit_p2p,0,0,0,0,synthetic-v1
upi://pay?pa=pooja22@barodampay&pn=Sanjay%20Kumar&tn=loan%20return,0,legit_p2p,0,0,0,0,synthetic-v1
upi://pay?pa=deepa36@oksbi&pn=Vikram%20Naik&am=36000,1,scam_quiet,7,7,0,0,synthetic-v1
upi://pay?pa=q576555749@ybl&pn=Metro%20Tailors&mc=5912&tn=Payment,0,legit_merchant_static,0,0,0,0,synthetic-v1
upi://pay?pa=pay53913688@okicici&pn=Customs%20Clearance%20Officer&am=34000&tn=Claim%20your%20reward,1,scam_refund_receive,0,0,0,0,synthetic-v1
upi://pay?pa=6955288800@dbs&am=27000&tn=help,1,scam_quiet,0,0,0,0,synthetic-v1
upi://collect?pa=9113720811@upi&pn=BSF%20Officer%20Vijay&am=13223.34&tn=Enter%20PIN%20to%20receive%20money,1,scam_collect,0,0,0,0,synthetic-v1
upi://pay?pa=9434384421@hdfcbank&pn=Asha%20Gowda&am=85036&tn=rent,0,legit_family_large,0,0,0,0,synthetic-v1
upi://pay?pa=bharatpe.70457593@fbpe&pn=Om%20Sai%20Kirana&mc=5912,0,legit_merchant_static,0,0,1,0,synthetic-v1
upi://pay?pa=acc62719916@oksbi&pn=Amazon%20Lucky%20Winner&am=10299&tn=tax%20on%20winning,1,scam_prize,0,0,0,0,synthetic-v1
upi://pay?pa=9474377324@okhdfcbank&pn=Amazon%20Refund%20Desk&am=27000&tn=Prize%20money%20credit,1,scam_refund_receive,13,12,0,0,synthetic-v1
upi://pay?pa=pooja33@okaxis&pn=Arun%20Reddy&am=2000&tn=loan%20return,0,legit_p2p,0,0,0,0,synthetic-v1
upi://pay?pa=q540896744@ybl&pn=Anand%20Sweets&mc=4121,0,legit_merchant_static,0,0,0,0,synthetic-v1
upi://collect?pa=6766798552@apl&pn=PhonePe%20Cashback&am=16719&tn=Receive%20payment%20from%20buyer,0,scam_collect,0,0,0,0,synthetic-v1
upi://pay?pa=lakshmi.joshi@oksbi&pn=Mary%20Singh&am=15960&tn=urgent,1,scam_quiet,4,1,0,1,synthetic-v1
upi://pay?pa=q540100181@ybl&pn=Fresh%20Mart&mc=5732,0,legit_merchant_static,0,0,0,0,synthetic-v1
upi://pay?pa=pooja884102@icici&pn=Electricity%20Board%20Officer,1,scam_impersonation,27,9,0,0,synthetic-v1
upi://pay?pa=57053371@oksbi&pn=Amazon%20Lucky%20Winner&am=20499&tn=winner%20registration,1,scam_prize,4,3,0,0,synthetic-v1
upi://pay?pa=7254338217@yesbank&pn=Jio%20Prize%20Department&am=22410&tn=prize%20claim%20fee,1,scam_prize,0,0,0,0,synthetic-v1
upi://pay?pa=divya79@okicici&pn=Ayesha%20Sharma&am=180&tn=tuition,0,legit_p2p,0,0,0,0,synthetic-v1
upi://pay?pa=sanjay.pillai@okhdfcbank&pn=Meera%20Iyer&am=1000&tn=maid%20salary,0,legit_p2p,0,0,0,0,synthetic-v1
upi://pay?pa=omstall@paytm&pn=Om%20Paan%20Shop&am=50&tn=bill,0,legit_small_shop,0,0,0,0,synthetic-v1
upi://pay?pa=6529066699@axl&pn=Amazon%20Lucky%20Winner&am=7799&tn=prize%20claim%20fee,1,scam_prize,2,2,0,0,synthetic-v1
upi://pay?pa=6525466507@sbi&pn=Gurpreet%20Patel&tn=chai,0,legit_p2p,0,0,1,0,synthetic-v1
upi://pay?pa=7812275979@kotak&pn=Amazon%20Refund%20Desk&am=37499&tn=Enter%20PIN%20to%20receive%20money,1,scam_refund_receive,3,3,0,0,synthetic-v1
upi://pay?pa=sunita132461@axl&pn=Kavya%20Kumar&am=19042&tn=trading%20profit,1,scam_quiet,0,0,0,0,synthetic-v1
upi://pay?pa=harish607234@rbl&pn=Electricity%20Board%20Officer&am=17999&tn=Receive%20payment%20from%20buyer,1,scam_refund_receive,17,13,0,0,synthetic-v1
upi://pay?pa=7659952854@barodampay&pn=ABC%20Store&tn=order,0,legit_small_shop,0,0,1,0,synthetic-v1
upi://pay?pa=paytmqr5861588630@paytm&pn=Sharma%20General%20Store&mc=7538,0,legit_merchant_static,0,0,0,0,synthetic-v1
upi://pay?pa=anjali14@yesbank&am=3747&tn=electricity%20share,0,legit_p2p,0,0,0,0,synthetic-v1
upi://pay?pa=pinelabs.777675@hdfcbank&pn=Om%20Sai%20Kirana&am=1806&mc=5311&tr=ORD514313802&tn=Order%20payment,0,legit_merchant_dynamic,1,0,0,0,synthetic-v1
upi://pay?pa=rohitgowda125@hdfcbank&pn=Ayesha%20Verma&am=3734&tn=birthday%20gift,0,legit_p2p,0,0,0,0,synthetic-v1
upi://pay?pa=7915005838@hdfcbank&pn=Kumar%20Xerox&am=3131,0,legit_small_shop,1,0,3,0,synthetic-v1
upi://pay?pa=7289403014@kvb&pn=Mega%20Prize%20Claim&am=15699.88&tn=tax%20on%20winning,1,scam_prize,0,0,0,0,synthetic-v1
upi://pay?pa=6290034414@ibl&am=40000&tn=fees,0,legit_p2p,1,0,0,0,synthetic-v1
upi://pay?pa=bharatpe.38224153@fbpe&pn=Fresh%20Mart&mc=5912,0,legit_merchant_static,0,0,0,0,synthetic-v1
upi://pay?pa=7124449655@pnb&pn=Amazon%20Lucky%20Winner&am=3999.77&tn=GST%20on%20prize,0,scam_prize,4,3,0,0,synthetic-v1
upi://pay?pa=8341802958@axisbank&tn=fees,0,legit_p2p,0,0,0,0,synthetic-v1
upi://pay?pa=7181630455@sbi&pn=Govt%20Subsidy%20Office&am=5438&tn=details%20http%3A%2F%2Fkyc-801.xyz,1,scam_link_in_note,0,0,0,0,synthetic-v1
upi://pay?pa=paytmqr9051927808@paytm&pn=Blue%20Star%20Salon&mc=5812&tn=Payment,0,legit_merchant_static,0,0,0,0,synthetic-v1
upi://pay?pa=customer.care.help76@yesbank&pn=PhonePe%20Cashback&am=5099&tn=cashback,1,scam_fake_merchant,1,0,0,0,synthetic-v1
upi://pay?pa=shreya17@okicici&pn=Harish%20Shetty&am=1326.09&tn=trip%20share,0,legit_p2p,0,0,0,0,synthetic-v1
upi://pay?pa=paytmqr7214522907@paytm&pn=Hotel%20Annapoorna&am=8291&mc=5942&tr=ORD573869618&tn=Order%20payment,0,legit_merchant_dynamic,0,0,0,0,synthetic-v1
upi://pay?pa=kiran825526@ybl&pn=Army%20Officer%20Rakesh&am=25000&tn=advance%20for%20item,1,scam_olx_army,0,0,0,0,synthetic-v1
upi://pay?pa=acc8042051@rbl&pn=Harish%20Naik&am=6000&tn=hospital,0,scam_quiet,4,2,0,0,synthetic-v1
upi://pay?pa=9971394949@jupiteraxis&pn=Kiran%20Pillai,0,legit_rare_handle,0,0,0,0,synthetic-v1
upi://pay?pa=ayesha.patel@pnb&am=4544&tn=petrol,0,legit_p2p,0,0,0,0,synthetic-v1
upi://pay?pa=asha.iyer@axl&pn=Rahul%20Das&tn=chai,0,legit_p2p,0,0,0,0,synthetic-v1
upi://pay?pa=57041745@rbl&pn=Indian%20Army%20Canteen&am=6051&tn=army%20canteen,1,scam_olx_army,3,1,0,0,synthetic-v1
upi://pay?pa=q103977279@ybl&pn=Fresh%20Mart&mc=7230,0,legit_merchant_static,0,0,0,0,synthetic-v1
upi://mandate?pa=9172995658@icici&pn=Lakshmi%20Shetty&am=5399&recur=MONTHLY&tn=verify%20account,1,scam_autopay,11,6,0,0,synthetic-v1
upi://pay?pa=neha.khan@kotak&pn=Fatima%20Verma&tn=chai,0,legit_p2p,0,0,0,0,synthetic-v1
upi://pay?pa=varun655808@barodampay&pn=Paytm%20KYC%20Team&tn=processing%20fee,1,scam_impersonation,0,0,0,0,synthetic-v1
upi://pay?pa=9896842525@okicici&pn=HDFC%20Customer%20Care&am=2929.86&tn=whatsapp%208544891880,1,scam_link_in_note,0,0,0,0,synthetic-v1
upi://pay?pa=sneha.mishra@ybl&pn=Fatima%20Nair&am=21000,0,legit_p2p,0,0,0,0,synthetic-v1
upi://pay?pa=6481323000@okhdfcbank&pn=Nikhil%20Patel&am=19101&tn=car%20emi,0,legit_family_large,1,0,1,0,synthetic-v1
upi://pay?pa=sristore84@okaxis&pn=Om%20Sai%20Kirana&mc=5912,0,legit_merchant_static,0,0,0,0,synthetic-v1
upi://pay?pa=rahul.shetty@oksbi&pn=Amazon%20Refund%20Desk&am=24799&tn=security%20deposit,1,scam_impersonation,0,0,0,0,synthetic-v1
upi://pay?pa=pinelabs.302291@hdfcbank&pn=Janata%20Hardware&am=12190.33&mc=5499&tr=ORD979155939,0,legit_merchant_dynamic,0,0,0,0,synthetic-v1
upi://pay?pa=q603176429@ybl&pn=Janata%20Hardware&mc=5812&tn=Payment,0,legit_merchant_static,0,0,0,0,synthetic-v1
upi://pay?pa=q915481067@ybl&pn=Balaji%20Fancy%20Store&mc=5499&tn=Payment,0,legit_merchant_static,0,0,0,0,synthetic-v1
upi://pay?pa=user65146603@sbi&pn=Mega%20Prize%20Claim&am=17099&tn=GST%20on%20prize,1,scam_prize,6,1,0,0,synthetic-v1
upi://pay?pa=cf.green611@axisbank&pn=Hotel%20Annapoorna&am=12863.71&mc=5812&tr=ORD260494041&tn=Order%20payment,0,legit_merchant_dynamic,0,0,0,0,synthetic-v1
upi://pay?pa=sanjay.joshi@axl&pn=Harish%20Menon&am=2000&tn=maid%20salary,0,legit_p2p,0,0,0,0,synthetic-v1
upi://collect?pa=7646013215@oksbi&pn=BSF%20Officer%20Vijay&am=19648&tn=verification%20amount,1,scam_olx_army,0,0,0,0,synthetic-v1
upi://pay?pa=9428804256@paytm&pn=Arjun%20Das&am=28000&tn=hospital%20bill,0,legit_family_large,0,0,0,0,synthetic-v1
upi://pay?pa=sneha.pillai@ibl&pn=SBI%20Refund%20Dept&am=22499&tn=Receive%20payment%20from%20buyer,1,scam_refund_receive,5,5,0,0,synthetic-v1
upi://pay?pa=paytmqr1105689394@paytm&pn=Metro%20Tailors,0,legit_merchant_static,0,0,0,0,synthetic-v1
upi://pay?pa=prakash24@okhdfcbank&pn=Priya%20Sharma&am=2000&tn=electricity%20share,0,legit_p2p,0,0,0,0,synthetic-v1
upi://pay?pa=8901483495@ibl&am=3646&tn=trip%20share,0,legit_p2p,0,0,0,0,synthetic-v1
upi://pay?pa=bescom.billdesk@hdfcbank&pn=BESCOM%20Bill%20Payment&am=11972.69&mc=4900&tr=TXN6170037654&tn=Property%20tax,0,legit_biller,0,0,0,0,synthetic-v1
upi://pay?pa=asha63@apl&pn=Swati%20Joshi&am=33733&tn=hospital,1,scam_quiet,3,1,0,0,synthetic-v1
upi://pay?pa=customer.care.help@ibl&pn=Electricity%20Board%20Officer&am=3165,1,scam_fake_merchant,1,0,1,0,synthetic-v1
upi://pay?pa=kavya.singh@okicici&pn=Varun%20Menon&am=37171&tn=wedding,0,legit_family_large,0,0,0,0,synthetic-v1
upi://pay?pa=meera.patel@idfcbank&pn=Indian%20Army%20Canteen&am=10000&tn=verification%20amount,1,scam_olx_army,1,1,0,0,synthetic-v1
upi://pay?pa=swati.joshi@ibl&pn=Swati%20Pillai&am=22000&tn=Cashback%20credited%20on%20scan,1,scam_refund_receive,1,1,0,0,synthetic-v1
upi://mandate?pa=nikhil737125@dbs&pn=Jio%20Recharge&am=7299&recur=DAILY&tn=cashback%20activation,1,scam_autopay,2,2,0,0,synthetic-v1
upi://pay?pa=pay49797723@barodampay&pn=Blue%20Star%20Salon&pa=9524019921@oksbi,1,scam_tampered_qr,0,0,0,1,synthetic-v1
upi://pay?pa=rohit.gupta@kvb&pn=Govt%20Subsidy%20Office&am=3106&tn=details%20http%3A%2F%2Fkyc-283.xyz,1,scam_link_in_note,0,0,0,0,synthetic-v1
upi://pay?pa=q446983987@ybl&pn=Fresh%20Mart&mc=5912&tn=Payment,0,legit_merchant_static,1,0,1,0,synthetic-v1
upi://pay?pa=6697357458@rbl&pn=RBI%20Grievance%20Cell&am=29399&tn=Refund%20of%20Rs%2029399,1,scam_refund_receive,7,7,0,0,synthetic-v1
upi://pay?pa=razorpay.5880791@icici&pn=Hotel%20Annapoorna&am=7573&mc=5411&tr=ORD25559237&tn=Invoice%206935,0,legit_merchant_dynamic,0,0,0,0,synthetic-v1
upi://pay?pa=poojashetty117@idfcbank&pn=Priya%20Khan&am=30217&tn=dinner,0,legit_p2p,0,0,0,0,synthetic-v1
upi://pay?pa=upi75283118@okaxis&pn=Paytm%20KYC%20Team&am=21392.86&tn=case%20closure,1,scam_impersonation,0,0,0,0,synthetic-v1
upi://pay?pa=razorpay.3913602@icici&pn=Metro%20Tailors&am=13705&mc=5912&tr=ORD138919181&sign=MEUCIQ0da645cY158Z54f5606c,0,legit_merchant_dynamic,0,0,0,0,synthetic-v1
upi://pay?pa=kavya.kumar@okhdfcbank&am=43669&tn=groceries,0,legit_p2p,0,0,0,0,synthetic-v1
upi://pay?pa=gurpreet511668@paytm&pn=Bank%20KYC%20Update&am=184.08&tn=Account%20unblock%20fee,1,scam_kyc_fee,7,3,0,0,synthetic-v1
upi://pay?pa=joseph71@ibl&pn=Lakshmi%20Patel,0,legit_p2p,0,0,0,0,synthetic-v1
upi://collect?pa=56525839@kvb&pn=Customs%20Clearance%20Officer&am=17996&tn=Receive%20payment%20from%20buyer,1,scam_collect,0,0,0,0,synthetic-v1
upi://pay?pa=7763569997@upi&pn=Flipkart%20Refund%20Team,1,scam_impersonation,0,0,0,0,synthetic-v1
upi://pay?pa=7144626838@icici&pn=HDFC%20Customer%20Care&am=7753.87,1,scam_impersonation,1,1,0,0,synthetic-v1
upi://pay?pa=sunita@axisbank&pn=Anna%20Idli%20Stall&tn=payment,0,legit_small_shop,1,1,1,0,synthetic-v1
upi://pay?pa=shivastore@kotak&pn=Shiva%20Flowers&am=1500&tn=order,0,legit_small_shop,0,0,0,0,synthetic-v1
upi://pay?pa=pinelabs.333384@hdfcbank&pn=Anand%20Sweets&am=10503&mc=5311&tr=ORD744702977&tn=Order%20payment,0,legit_merchant_dynamic,0,0,0,0,synthetic-v1
upi://pay?pa=rahul.reddy@fbl&pn=Flipkart%20Refund%20Team&am=19299&tn=pending%20bill,1,scam_impersonation,5,4,0,0,synthetic-v1
upi://pay?pa=rohit70@ybl&pn=Nikhil%20Khan&am=3000&tn=maid%20salary,0,legit_p2p,0,0,0,0,synthetic-v1
upi://pay?pa=ayesha.nair@fbl&tn=trip%20share,0,legit_p2p,0,0,0,0,synthetic-v1
upi://pay?pa=7208168835@yesbank&pn=Jio%20Prize%20Department&am=15385&tn=GST%20on%20prize,1,scam_prize,0,0,0,0,synthetic-v1
upi://pay?pa=josephpillai617@icici&pn=Priya%20Iyer&tn=rent,0,legit_p2p,0,0,0,0,synthetic-v1
upi://pay?pa=nikhil900@axisbank&pn=ABC%20Store&am=100&tn=order,0,legit_small_shop,0,0,0,0,synthetic-v1
upi://pay?pa=8797412210@axl&tn=fees,0,legit_p2p,0,0,0,0,synthetic-v1
upi://pay?pa=varun57@okhdfcbank&pn=Anil%20Rao&tn=electricity%20share,0,legit_p2p,0,0,0,0,synthetic-v1
upi://pay?pa=7199491650@ibl&pn=Income%20Tax%20Department&tn=verification,1,scam_impersonation,22,1,0,0,synthetic-v1
upi://pay?pa=cf.sri369@axisbank&pn=Hotel%20Annapoorna&am=5238&mc=4121&tr=ORD785967705&tn=Invoice%204242,0,legit_merchant_dynamic,0,0,0,0,synthetic-v1
upi://pay?pa=8387064523@yesbank&pn=Prakash%20Das&am=1000&tn=electricity%20share,0,legit_p2p,0,0,0,0,synthetic-v1
upi://pay?pa=priyashetty195@pnb&pn=Varun%20Rao&tn=loan%20return,0,legit_p2p,0,0,0,0,synthetic-v1
upi://pay?pa=phonepe.cashback26@okicici&pn=Flipkart%20Refund%20Team&mc=0000&tn=refund,1,scam_fake_merchant,0,0,0,0,synthetic-v1
upi://pay?pa=6746490941@paytm&pn=Swati%20Kumar&am=2224,0,legit_p2p,0,0,0,0,synthetic-v1
upi://collect?pa=9266485439@oksbi&pn=Sneha%20Joshi&am=11242&tn=Claim%20your%20reward,1,scam_collect,8,5,0,0,synthetic-v1
upi://pay?pa=anjali84@upi&pn=Rahul%20Khan&am=18000&tn=house%20deposit,0,legit_family_large,0,0,0,0,synthetic-v1
upi://pay?pa=varun28@oksbi&pn=Anjali%20Singh&am=570&tn=electricity%20share,0,legit_p2p,0,0,0,0,synthetic-v1
upi://pay?pa=paytmqr5714058372@paytm&pn=Balaji%20Fancy%20Store&am=5346&mc=5942&tr=ORD507508571&tn=Bill&sign=MEUCIQ7010cf8d57daY0X675Z8,0,legit_merchant_dynamic,0,0,0,0,synthetic-v1
upi:/pay?pa=meera.iyer@ibl&pn=City%20Bakery,1,scam_tampered_qr,11,5,0,0,synthetic-v1
upi://pay?pa=razorpay.1269967@icici&pn=Green%20Leaf%20Veg&am=15024&mc=5912&tr=ORD629258873,0,legit_merchant_dynamic,0,0,0,0,synthetic-v1
upi://pay?pa=q903034905@ybl&pn=Royal%20Fruits&mc=5814,0,legit_merchant_static,3,0,2,0,synthetic-v1
upi://pay?pa=sanjay99@ybl&pn=Lakshmi%20Gowda&tn=movie,0,legit_p2p,0,0,0,0,synthetic-v1
upi://pay?pa=razorpay.9841216@icici&pn=Metro%20Tailors&am=5916.71&mc=7538&tr=ORD251779838&tn=Invoice%206609,0,legit_merchant_dynamic,0,0,0,0,synthetic-v1
upi://mandate?pa=upi7058449@dbs&pn=Amazon%20Prime&am=3321.77&recur=WEEKLY&tn=cashback%20activation,1,scam_autopay,0,0,0,0,synthetic-v1
upi://pay?pa=7565799166@barodampay&pn=Mary%20Verma&am=3451&tn=groceries,0,legit_p2p,0,0,0,0,synthetic-v1
upi://pay?pa=q115325227@ybl&pn=Metro%20Tailors&mc=5499,0,legit_merchant_static,0,0,0,0,synthetic-v1
upi://pay?pa=poojadas346@fbl&pn=Fatima%20Rao&tn=gift,0,legit_p2p,0,0,0,0,synthetic-v1
upi://pay?pa=kiran.gupta@fbl&pn=SBI%20KYC%20Cell&am=2372.91&tn=Account%20unblock%20fee,1,scam_kyc_fee,13,7,0,0,synthetic-v1
upi://mandate?pa=acc53643938@kvb&pn=Amazon%20Prime&am=7899&recur=MONTHLY&tn=cashback%20activation,1,scam_autopay,2,1,0,0,synthetic-v1
upi://pay?pa=sneha.pillai@upi&pn=Ayesha%20Pillai&am=81000&tn=house%20deposit,0,legit_family_large,0,0,0,0,synthetic-v1
upi://pay?pa=fatimaiyer204@icici&pn=Varun%20Singh&am=77000&tn=house%20deposit,0,legit_family_large,0,0,0,0,synthetic-v1
upi://pay?pa=bharatpe.80408550@fbpe&pn=Raj%20Mobile%20Point&mc=5311,0,legit_merchant_static,0,0,0,0,synthetic-v1
upi://pay?pa=neha749510@yesbank&pn=Amazon%20Refund%20Desk&am=24328&tn=verification,1,scam_impersonation,0,0,0,0,synthetic-v1
upi://pay?pa=cry.donate@hdfcbank&pn=CRY%20Donations,0,legit_temple,0,0,0,0,synthetic-v1
upi://pay?pa=q240410222@ybl&pn=Om%20Sai%20Kirana&mc=5311,0,legit_merchant_static,0,0,0,0,synthetic-v1
upi://pay?pa=bbmp.propertytax@sbi&pn=BBMP%20Property%20Tax&am=14565&mc=4900&tr=TXN6717340413&tn=Property%20tax,0,legit_biller,0,0,0,0,synthetic-v1
upi://pay?pa=user45091164@yesbank&pn=Paytm%20KYC%20Team&am=15999&tn=Receive%20payment%20from%20buyer,1,scam_refund_receive,20,1,0,1,synthetic-v1
upi://pay?pa=paytmqr1358863232@paytm&pn=Royal%20Fruits&mc=5311,0,legit_merchant_static,0,0,0,0,synthetic-v1
upi://pay?pa=suresh.pillai@axl&pn=Rahul%20Bose&am=54000&tn=wedding,0,legit_family_large,0,0,0,0,synthetic-v1
upi://pay?pa=9589673983@apl&am=29929&tn=task%20payment,1,scam_quiet,3,3,0,0,synthetic-v1
upi://pay?pa=prakash57@kvb&pn=Joseph%20Naik,0,legit_rare_handle,0,0,0,0,synthetic-v1
upi://pay?pa=q311214905@ybl&pn=Fresh%20Mart&mc=5331,0,legit_merchant_static,0,0,0,0,synthetic-v1
upi://pay?pa=deepa86@okhdfcbank&pn=Kavya%20Iyer,0,legit_p2p,0,0,0,0,synthetic-v1
upi://pay?pa=9579926731@upi&pn=Lakshmi%20Tiffin%20Centre&am=250&tn=bill,0,legit_small_shop,0,0,0,0,synthetic-v1
upi://collect?pa=arun31070@oksbi&pn=Police%20Cyber%20Cell&am=19602&tn=Claim%20your%20reward,1,scam_collect,0,0,0,0,synthetic-v1
upi://pay?pa=22376879@kotak&pn=Customs%20Clearance%20Officer&tn=processing%20fee,1,scam_impersonation,4,4,0,1,synthetic-v1
upi://pay?pa=kavyagowda489@ibl&pn=Gurpreet%20Pillai&am=3562&tn=maid%20salary,0,legit_p2p,0,0,0,0,synthetic-v1
upi://pay?pa=shreya.sharma@sbi&pn=RBI%20Grievance%20Cell&tn=pending%20bill,1,scam_impersonation,0,0,0,0,synthetic-v1
upi://pay?pa=kavyaiyer331@upi&pn=Harish%20Sharma&am=16000&tn=car%20emi,0,legit_family_large,0,0,0,0,synthetic-v1
upi://pay?pa=user68741483@fbl&pn=Amazon%20Refund%20Desk&am=17199&tn=pending%20bill,1,scam_impersonation,3,2,0,0,synthetic-v1
upi://pay?pa=anjali.reddy@fbl&pn=Shreya%20Das&am=1000&tn=gift,0,legit_p2p,0,0,0,0,synthetic-v1
upi://pay?pa=upi19211807@paytm&pn=Amazon%20Lucky%20Winner&am=7999&tn=GST%20on%20prize,1,scam_prize,0,0,0,0,synthetic-v1
upi://pay?pa=sneha.reddy@yesbank&pn=Fatima%20Das&tn=rent,0,legit_p2p,0,0,1,0,synthetic-v1
upi://pay?pa=rahulmishra829@ybl&pn=Anjali%20Gupta&am=2555.66&tn=rent,0,legit_p2p,3,1,3,0,synthetic-v1
upi://collect?pa=6176573780@axisbank&pn=Army%20Officer%20Rakesh&am=16896&tn=Refund%20processing%20-%20scan%20to%20get,1,scam_collect,0,0,0,0,synthetic-v1
upi://mandate?pa=6450911233@kvb&pn=Netflix&am=9299&recur=DAILY&tn=cashback%20activation,1,scam_autopay,25,23,0,0,synthetic-v1
upi://pay?pa=7701092106@ibl&pn=Income%20Tax%20Department&tn=whatsapp%209561101162,1,scam_link_in_note,0,0,0,0,synthetic-v1
upi://pay?pa=7911336707@okicici&pn=Priya%20Naik&am=2889.28&tn=KYC%20verification,1,scam_kyc_fee,0,0,0,0,synthetic-v1
upi://pay?pa=q934328548@ybl&pn=Balaji%20Fancy%20Store&mc=7538,0,legit_merchant_static,3,1,3,0,synthetic-v1
upi://pay?pa=vikram90@fbl&pn=Pooja%20Rao&am=4057&tn=trip%20share,0,legit_p2p,0,0,0,0,synthetic-v1
upi://pay?pa=treasury.ker@sbi&pn=Kerala%20Govt%20Treasury&am=899&mc=4900&tr=TXN5462052819&tn=Property%20tax,0,legit_biller,0,0,0,0,synthetic-v1
upi//pay?pa=7668380642@rbl&pn=Om%20Sai%20Kirana,1,scam_tampered_qr,0,0,0,0,synthetic-v1
upi://pay?pa=manoj.verma@rbl&pn=HDFC%20Customer%20Care&am=9299&tn=Scan%20to%20receive%20your%20refund,1,scam_refund_receive,6,6,0,0,synthetic-v1
upi://pay?pa=deepa16@icici&pn=Joseph%20Nair&am=91.27&tn=groceries,0,legit_p2p,0,0,0,0,synthetic-v1
upi://pay?pa=suresh.bose@icici&pn=Asha%20Nair&tn=maid%20salary,0,legit_p2p,0,0,0,0,synthetic-v1
upi://pay?pa=6178614451@okicici&pn=Paytm%20KYC%20Team&am=23138&tn=case%20closure,1,scam_impersonation,3,1,0,0,synthetic-v1
upi://pay?pa=acc81909042@yesbank&pn=Amazon%20Lucky%20Winner&am=16581&tn=lottery%20processing,1,scam_prize,0,0,0,0,synthetic-v1
upi://pay?pa=josephnaik223@barodampay&am=4080&tn=birthday%20gift,0,legit_p2p,0,0,0,0,synthetic-v1
upi://mandate?pa=8911808618@axisbank&pn=Electricity%20Board&am=6399&recur=MONTHLY&tn=cashback%20activation,1,scam_autopay,3,2,0,0,synthetic-v1
upi://pay?pa=cf.kumar411@axisbank&pn=Janata%20Hardware&am=14780&mc=5411&tr=ORD27628459,0,legit_merchant_dynamic,0,0,0,0,synthetic-v1
upi://pay?pa=6541929895@pnb&pn=Manoj%20Naik&am=35526&tn=trading%20profit,1,scam_quiet,0,0,0,0,synthetic-v1
upi://pay?pa=7643201395@upi&pn=Lakshmi%20Nair&am=38000.14&tn=house%20deposit,0,legit_family_large,0,0,0,0,synthetic-v1
upi://pay?pa=meera.gowda@icici&pn=Asha%20Rao&am=504&tn=birthday%20gift,0,legit_p2p,0,0,0,0,synthetic-v1
upi://pay?pa=7895739226@pnb&pn=Police%20Cyber%20Cell&am=7000&tn=Cashback%20credited%20on%20scan,1,scam_refund_receive,0,0,0,0,synthetic-v1
upi://pay?pa=8963519692@yesbank&pn=Kiran%20Verma&tn=maid%20salary,0,legit_p2p,0,0,0,0,synthetic-v1
upi://pay?pa=upi64292240@sbi&pn=SBI%20Refund%20Dept&am=11267&tn=processing%20fee,1,scam_impersonation,3,3,1,0,synthetic-v1
upi://pay?pa=sbi.kyc.update52@icici&pn=RBI%20Grievance%20Cell&mc=0000&am=3706.53&tn=cashback,1,scam_fake_merchant,22,21,0,0,synthetic-v1
upi://pay?pa=suresh.mishra@pnb&pn=Jio%20Prize%20Department&am=15836.89&tn=lottery%20processing,1,scam_prize,6,6,0,0,synthetic-v1
upi://pay?pa=joseph.sharma@okicici&tn=electricity%20share,0,legit_p2p,0,0,0,0,synthetic-v1
upi://pay?pa=6366759284@axl&pn=RBI%20Grievance%20Cell&am=23234&tn=case%20closure,1,scam_impersonation,0,0,0,0,synthetic-v1
upi://pay?pa=6391626628@okaxis&pn=Ayesha%20Singh&tn=cab%20share,0,legit_p2p,0,0,0,0,synthetic-v1
upi://collect?pa=acc58809303@idfcbank&pn=Indian%20Army%20Canteen&am=22000&tn=security%20deposit,1,scam_olx_army,2,1,0,0,synthetic-v1
upi://pay?pa=cf.om51@axisbank&pn=Green%20Leaf%20Veg&am=2588.22&mc=5311&tr=ORD727741474&sign=MEUCIQ030397c258f88Y99c359,0,legit_merchant_dynamic,0,0,0,0,synthetic-v1
upi://pay?pa=deepa.reddy@rbl&pn=Anjali%20Shetty,0,legit_rare_handle,0,0,0,0,synthetic-v1
upi://pay?pa=q878173780@ybl&pn=Sri%20Lakshmi%20Medicals&mc=5732,0,legit_merchant_static,1,1,1,0,synthetic-v1
upi://pay?pa=anilsharma231@sbi&pn=Anjali%20Menon&am=3016.03&tn=petrol,0,legit_p2p,0,0,0,0,synthetic-v1
upi://pay?pa=varun98@barodampay&pn=Fresh%20Fish%20Stall&am=3000,0,legit_small_shop,0,0,0,0,synthetic-v1
upi://collect?pa=8126083478@apl&pn=Electricity%20Board%20Officer&am=15497.63&tn=approve%20to%20receive,1,scam_collect,0,0,0,0,synthetic-v1
upi://pay?pa=suresh906478@kvb&pn=Jio%20Prize%20Department&am=22799&tn=lottery%20processing,1,scam_prize,0,0,0,0,synthetic-v1
upi://pay?pa=cry.donate@hdfcbank&pn=Gurudwara%20Seva&mc=8661&am=4004,0,legit_temple,0,0,0,0,synthetic-v1
upi://mandate?pa=6725205246@okhdfcbank&pn=Jio%20Recharge&am=4899.09&recur=DAILY&tn=KYC,1,scam_autopay,6,1,1,0,synthetic-v1
upi://pay?pa=kiran.bose@apl&pn=Joseph%20Khan&tn=rent,0,legit_p2p,0,0,0,0,synthetic-v1
upi://pay?pa=cf.sharma511@axisbank&pn=Janata%20Hardware&am=18810&mc=5942&tr=ORD845636890&tn=Order%20payment,0,legit_merchant_dynamic,0,0,0,0,synthetic-v1
upi://pay?pa=iskcon.bangalore@icici&pn=Gurudwara%20Seva&mc=8398,0,legit_temple,0,0,0,0,synthetic-v1
upi://pay?pa=deepa.menon@oksbi&pn=Amazon%20Lucky%20Winner&am=7981&tn=GST%20on%20prize,1,scam_prize,0,0,0,0,synthetic-v1
upi://pay?pa=paytmqr4800649095@paytm&pn=Kumar%20Auto%20Works&mc=7230,0,legit_merchant_static,0,0,0,0,synthetic-v1
upi://pay?pa=22853183@sbi&pn=Anil%20Reddy&am=8000.89&tn=hospital,1,scam_quiet,0,0,0,0,synthetic-v1
upi://pay?pa=sanjay119197@okaxis&pn=Police%20Cyber%20Cell&am=10968&tn=verification,1,scam_impersonation,3,1,0,0,synthetic-v1
upi://pay?pa=city@okicici&pn=City%20Laundry&am=200&tn=bill,0,legit_small_shop,0,0,0,0,synthetic-v1
upi://pay?pa=gurpreet.joshi@okhdfcbank&pn=Police%20Cyber%20Cell&am=40000&tn=Refund%20of%20Rs%2040000,1,scam_refund_receive,4,3,0,0,synthetic-v1
upi://pay?pa=shreya.naik@hdfcbank&pn=Pooja%20Kumar&am=89000&tn=hospital%20bill,0,legit_family_large,0,0,0,0,synthetic-v1
upi://pay?pa=user52132495@pnb&pn=BSF%20Officer%20Vijay&am=27000&tn=verification%20amount,1,scam_olx_army,7,2,0,0,synthetic-v1
upi://pay?pa=paytmqr6547310524@paytm&pn=Hotel%20Annapoorna,0,legit_merchant_static,0,0,0,0,synthetic-v1
upi://pay?pa=rajmart78@okaxis&pn=Anand%20Sweets&tn=Payment,0,legit_merchant_static,0,0,0,0,synthetic-v1
upi://pay?pa=paytmqr7922800377@paytm&pn=Fresh%20Mart&mc=5331,0,legit_merchant_static,0,0,0,0,synthetic-v1
upi://pay?pa=prakash.naik@okhdfcbank&pn=Farhan%20Reddy&am=3926&tn=groceries,0,legit_p2p,0,0,0,0,synthetic-v1
upi://pay?pa=treasury.ker@sbi&pn=Kerala%20Govt%20Treasury&am=3533&mc=4900&tr=TXN7839174315&tn=Bill%20payment,0,legit_biller,0,0,0,0,synthetic-v1
upi://pay?pa=lakshmistore@upi&pn=Lakshmi%20Tiffin%20Centre&am=250&tn=payment,0,legit_small_shop,0,0,0,0,synthetic-v1
upi://pay?pa=paytmqr7065492703@paytm&pn=Kumar%20Auto%20Works&mc=5942,0,legit_merchant_static,0,0,0,0,synthetic-v1
upi://pay?pa=rohitpillai591@icici&pn=Asha%20Singh&am=1847,0,legit_p2p,0,0,0,0,synthetic-v1
upi://pay?pa=pooja.singh@apl&am=1810.23&tn=hospital,1,scam_quiet,2,1,0,0,synthetic-v1
upi://pay?pa=sunita822065@okhdfcbank&pn=Jio%20Prize%20Department&am=22099&tn=lottery%20processing,1,scam_prize,12,10,0,0,synthetic-v1
upi://pay?pa=7835359722@pnb&pn=Deepa%20Gupta&am=21927&tn=loan%20return,0,legit_p2p,0,0,0,0,synthetic-v1
upi://pay?pa=sanjay67@okaxis&pn=Deepa%20Sharma,0,legit_p2p,0,0,0,0,synthetic-v1
upi://pay?pa=rohit33@apl&pn=Kiran%20Naik&am=2645,0,legit_p2p,0,0,0,0,synthetic-v1
upi://pay?pa=9712879137@hdfcbank&pn=PhonePe%20Cashback&am=11966&tn=processing%20fee,1,scam_impersonation,4,3,0,0,synthetic-v1
upi://pay?pa=gurpreet.shetty@ybl&pn=Anil%20Singh&am=256&tn=groceries,0,legit_p2p,0,0,0,0,synthetic-v1
upi://pay?pa=razorpay.6757784@icici&pn=Blue%20Star%20Salon&am=10113&mc=5499&tr=ORD683578017&tn=Bill,0,legit_merchant_dynamic,0,0,1,0,synthetic-v1
upi://pay?pa=arun28@ybl&pn=Neha%20Iyer&tn=loan%20return,0,legit_p2p,0,0,0,0,synthetic-v1
upi://pay?pa=cry.donate@hdfcbank&pn=TTD%20Donations&am=998,0,legit_temple,0,0,0,0,synthetic-v1
upi://pay?pa=anil535770@barodampay&pn=SBI%20KYC%20Cell&am=896&tn=KYC%20verification,1,scam_kyc_fee,4,2,0,0,synthetic-v1
upi://pay?pa=upi9667113@axisbank&pn=PhonePe%20Cashback&tn=visit%20bit.ly%2F28013%20to%20claim,1,scam_link_in_note,6,4,0,0,synthetic-v1
upi://pay?pa=6741908833@pnb&pn=Fresh%20Fish%20Stall&am=50&tn=payment,0,legit_small_shop,0,0,0,0,synthetic-v1
upi://pay?pa=6793418935@hdfcbank&pn=PhonePe%20Cashback&am=23479&tn=verification,1,scam_impersonation,0,0,0,0,synthetic-v1
upi://pay?pa=pinelabs.302201@hdfcbank&pn=Janata%20Hardware&am=1477.90&mc=5411&tr=ORD247276317&tn=Order%20payment,0,legit_merchant_dynamic,0,0,0,0,synthetic-v1
upi://pay?pa=pinelabs.589246@hdfcbank&pn=Green%20Leaf%20Veg&am=11045.90&mc=5499&tr=ORD44795898&tn=Order%20payment&sign=MEUCIQ3ZXfYfd1302118afbbYc,0,legit_merchant_dynamic,0,0,0,0,synthetic-v1
upi://pay?pa=paytmqr4895199644@paytm&pn=Kumar%20Auto%20Works&am=13373&mc=4121&tr=ORD614248394,0,legit_merchant_dynamic,0,0,0,0,synthetic-v1
upi://pay?pa=incometax.refund@rbl&pn=TRAI%20Helpline&am=5699,1,scam_fake_merchant,4,1,0,0,synthetic-v1
upi://pay?pa=paytmqr6587228594@paytm&pn=Royal%20Fruits&mc=5814,0,legit_merchant_static,0,0,0,0,synthetic-v1
upi://pay?pa=sunita12@oksbi&pn=Kiran%20Singh&tn=dinner,1,legit_p2p,0,0,0,0,synthetic-v1
upi://pay?pa=user15773201@okaxis&pn=SBI%20Refund%20Dept&am=4838&tn=processing%20fee,1,scam_impersonation,0,0,0,0,synthetic-v1
upi://pay?pa=6478960687@okhdfcbank&pn=Neha%20Singh&am=5000&tn=Refund%20processing%20-%20scan%20to%20get,1,scam_refund_receive,8,6,1,0,synthetic-v1
upi://pay?pa=bharatpe.27234195@fbpe&pn=Blue%20Star%20Salon&mc=5732,0,legit_merchant_static,0,0,0,0,synthetic-v1
upi://pay?pn=Shop&x=asha.patel@okhdfcbank&pn=Amazon%20Refund%20Desk,1,scam_tampered_qr,5,4,0,0,synthetic-v1
upi://pay?pa=upi64461513@icici&pn=Paytm%20KYC%20Team&am=1799.46&tn=KYC%20update%20charge,1,scam_kyc_fee,8,7,0,0,synthetic-v1
upi://pay?pa=kavyabose444@hdfcbank&am=1447&tn=maid%20salary,0,legit_p2p,0,0,0,0,synthetic-v1
upi://pay?pa=paytmqr7458719031@paytm&pn=Hotel%20Annapoorna&mc=5814,0,legit_merchant_static,0,0,0,0,synthetic-v1
upi://mandate?pa=acc38181724@pnb&pn=Jio%20Recharge&am=7599&recur=WEEKLY&tn=KYC,1,scam_autopay,4,4,0,0,synthetic-v1
upi://pay?pa=razorpay.9789772@icici&pn=Fresh%20Mart&am=15384&mc=5812&tr=ORD827274059&tn=Bill,0,legit_merchant_dynamic,0,0,0,0,synthetic-v1
upi://collect?pa=pooja.shetty@okaxis&pn=BSF%20Officer%20Vijay&am=5789,1,scam_collect,0,0,0,0,synthetic-v1
upi://collect?pa=upi64609283@pnb&pn=Amazon%20Refund%20Desk&am=7314.40&tn=Scan%20to%20receive%20your%20refund,1,scam_collect,0,0,0,0,synthetic-v1
upi://pay?pa=6494058918@okaxis&pn=Anjali%20Pillai&tn=gift,0,legit_p2p,0,0,0,0,synthetic-v1
upi://pay?pa=waterboard.collect@icici&pn=Municipal%20Water%20Board&am=5180&mc=6300&tr=TXN9318104357&tn=Bill%20payment,0,legit_biller,0,0,0,0,synthetic-v1
upi://pay?pa=neha.gupta@yesbank&pn=BSF%20Officer%20Vijay&am=9000.44&tn=verification%20amount,1,scam_olx_army,10,8,0,0,synthetic-v1
upi://pay?pa=6929747772@pnb&pn=Arun%20Joshi&am=21000&tn=please%20send%20fast,1,scam_quiet,2,2,0,1,synthetic-v1
upi://pay?pa=9846084556@okaxis&pn=Ayesha%20Naik&am=323.97&tn=KYC%20update%20charge,1,scam_kyc_fee,0,0,0,0,synthetic-v1
upi://pay?pa=metrostore34@okaxis&pn=Anand%20Sweets&mc=5814&tn=Payment,0,legit_merchant_static,0,0,1,0,synthetic-v1
upi://pay?pa=lakshmi608@upi&pn=Lakshmi%20Tiffin%20Centre&am=7899&tn=bill,0,legit_small_shop,0,0,0,0,synthetic-v1
upi://pay?pa=anil.joshi@icici&pn=Kiran%20Khan&am=42000.58&tn=house%20deposit,0,legit_family_large,0,0,0,0,synthetic-v1
upi://pay?pa=pinelabs.916479@hdfcbank&pn=Janata%20Hardware&am=1135&mc=5912&tr=ORD146160533&tn=Bill,0,legit_merchant_dynamic,0,0,0,0,synthetic-v1
upi://pay?pa=user8894876@ybl&pn=Jio%20Prize%20Department&am=6864&tn=GST%20on%20prize,1,scam_prize,0,0,0,0,synthetic-v1
upi://pay?pa=bharatpe.67269986@fbpe&pn=Blue%20Star%20Salon&mc=5411&tn=Payment,0,legit_merchant_static,0,0,0,0,synthetic-v1
upi://pay?pa=ayeshaverma610@barodampay&pn=Anil%20Joshi&am=22000.41&tn=college%20fees,0,legit_family_large,0,0,0,0,synthetic-v1
upi://pay?pa=7830289847@upi&pn=TRAI%20Helpline&pa=8400477073@yesbank,1,scam_tampered_qr,0,0,0,0,synthetic-v1
upi://pay?pa=9562744139@paytm&pn=Bank%20KYC%20Update&am=799&tn=Account%20unblock%20fee,1,scam_kyc_fee,0,0,0,0,synthetic-v1
upi://pay?pa=8290588657@yesbank&pn=RBI%20Grievance%20Cell&am=22199&tn=verification,1,scam_impersonation,7,6,0,0,synthetic-v1
upi://pay?pa=harish757637@hdfcbank&pn=Amazon%20Refund%20Desk&am=21999&tn=Scan%20to%20receive%20your%20refund,1,scam_refund_receive,0,0,0,0,synthetic-v1
upi://pay?pa=ayeshasingh299@fbl&pn=Anjali%20Sharma&tn=loan%20return,0,legit_p2p,0,0,0,0,synthetic-v1
upi://pay?pa=paytmqr3897731553@paytm&pn=Balaji%20Fancy%20Store&am=9874&mc=5942&tr=ORD397828054&sign=MEUCIQdZZ6caZbfcX71dYcYfY1,0,legit_merchant_dynamic,0,0,0,0,synthetic-v1
upi://pay?pa=manoj846412@fbl&pn=Police%20Cyber%20Cell&am=13799&tn=pending%20bill,1,scam_impersonation,15,11,0,0,synthetic-v1
upi://pay?pa=6829890269@axl&pn=Shreya%20Gupta&tn=gift,0,legit_p2p,1,1,0,0,synthetic-v1
upi://collect?pa=user14686044@okicici&pn=CRPF%20Jawan%20Sunil&am=26807&tn=verification%20amount,1,scam_olx_army,0,0,0,0,synthetic-v1
upi://pay?pa=arun72@yesbank&am=893&tn=groceries,0,legit_p2p,0,0,0,0,synthetic-v1
upi://pay?pa=icici.helpdesk1@dlb&pn=PhonePe%20Cashback&mc=0000&am=8699&tn=refund,1,scam_fake_merchant,1,0,0,0,synthetic-v1
upi://autopay?pa=7451813700@ibl&pn=Amazon%20Prime&am=2257&recur=MONTHLY&tn=subscription,1,scam_autopay,0,0,0,0,synthetic-v1
upi://pay?pa=7871180808@idfcbank&pn=Paytm%20KYC%20Team&am=1000&tn=Receive%20payment%20from%20buyer,1,scam_refund_receive,1,0,0,0,synthetic-v1
upi://pay?pa=amazon.refund90@icici&pn=Govt%20Subsidy%20Office&mc=0000&am=7213,1,scam_fake_merchant,0,0,0,0,synthetic-v1
upi://pay?pa=paytmqr4104372963@paytm&pn=Balaji%20Fancy%20Store&mc=5311,0,legit_merchant_static,0,0,0,0,synthetic-v1
upi://pay?pa=swati.singh@pnb&pn=Harish%20Khan,0,legit_p2p,0,0,0,0,synthetic-v1
upi://pay?pa=greenshop71@okaxis&pn=Fresh%20Mart&mc=5814,0,legit_merchant_static,0,0,0,0,synthetic-v1
upi://pay?pa=kavya.singh@kvb&pn=Lakshmi%20Reddy&am=1101,0,legit_rare_handle,0,0,0,0,synthetic-v1
upi://pay?pa=poojadas231@hdfcbank&pn=Fatima%20Sharma&am=4000,1,scam_quiet,3,1,0,0,synthetic-v1
upi://pay?pa=varun.gowda@barodampay&am=23480&tn=please%20send%20fast,1,scam_quiet,0,0,0,0,synthetic-v1
upi://pay?pa=acc86298283@dbs&pn=SBI%20Refund%20Dept&am=23499&tn=Get%20cashback%20now,1,scam_refund_receive,1,1,0,1,synthetic-v1
upi://pay?pa=varun.das@paytm&am=4293,0,legit_p2p,0,0,0,0,synthetic-v1
upi://pay?pa=9733558840@kotak&pn=RBI%20Grievance%20Cell&am=8299,1,scam_impersonation,1,1,0,0,synthetic-v1
upi://pay?pa=6469037713@idfcbank&pn=Govt%20Subsidy%20Office&am=25000&tn=Refund%20processing%20-%20scan%20to%20get,1,scam_refund_receive,10,2,0,1,synthetic-v1
upi://pay?pa=gpay.reward32@dbs&pn=RBI%20Grievance%20Cell&am=7899&tn=cashback,1,scam_fake_merchant,0,0,0,0,synthetic-v1
upi://pay?pa=paytmqr3910916517@paytm&pn=Balaji%20Fancy%20Store&mc=5331,0,legit_merchant_static,0,0,0,0,synthetic-v1
upi://pay?pa=acc70598869@apl&pn=Lakshmi%20Gupta&am=44545&tn=investment,1,scam_quiet,2,1,0,0,synthetic-v1
upi://pay?pa=maryreddy249@sbi&pn=Sunita%20Menon&am=39000,0,legit_p2p,0,0,0,0,synthetic-v1
upi:\pay?pa=9482192183@idfcbank&pn=PhonePe%20Cashback&am=2937,1,scam_tampered_qr,1,1,0,0,synthetic-v1
upi://pay?pa=9522246530@sbi&pn=KBC%20Lottery%20Winner&am=22299&tn=prize%20claim%20fee,1,scam_prize,0,0,0,0,synthetic-v1
upi://pay?pa=pay32875039@idfcbank&pn=Electricity%20Board%20Officer&am=5377&tn=case%20closure,1,scam_impersonation,0,0,0,0,synthetic-v1
upi://pay?pa=gpay.reward@okhdfcbank&pn=TRAI%20Helpline&mc=0000&am=7948.62&tn=cashback,1,scam_fake_merchant,13,13,0,0,synthetic-v1
upi://pay?pa=prakash92@okaxis&pn=Kiran%20Gowda&am=676&tn=birthday%20gift,0,legit_p2p,0,0,0,0,synthetic-v1
upi://pay?pa=56873168@oksbi&pn=Amazon%20Refund%20Desk&am=16027&tn=pending%20bill,1,scam_impersonation,2,2,0,0,synthetic-v1
upi://pay?pa=9396138163@axisbank&pn=Mega%20Prize%20Claim&am=17281&tn=prize%20claim%20fee,1,scam_prize,10,9,1,0,synthetic-v1
upi://pay?pa=8223866717@paytm&pn=Sanjay%20Bose&am=11961&tn=trading%20profit,1,scam_quiet,2,1,0,0,synthetic-v1
upi://pay?pa=paytmqr7014665678@paytm&pn=Metro%20Tailors&mc=5331,0,legit_merchant_static,0,0,0,0,synthetic-v1
upi://pay?pa=lakshmi59@okaxis&pn=Arun%20Patel&am=4659&tn=rent,0,legit_p2p,0,0,0,0,synthetic-v1
upi://pay?pa=mary.reddy@upi&pn=Paytm%20KYC%20Team&am=1399.57&tn=security%20deposit,1,scam_impersonation,0,0,0,0,synthetic-v1
upi://pay?pa=6992545826@pnb&pn=Income%20Tax%20Department&am=26000&tn=Receive%20payment%20from%20buyer,1,scam_refund_receive,0,0,0,0,synthetic-v1
upi://pay?pa=pinelabs.151709@hdfcbank&pn=Anand%20Sweets&am=9068&mc=7230&tr=ORD540301495,0,legit_merchant_dynamic,0,0,0,0,synthetic-v1
upi://pay?pa=arjun16@okhdfcbank&tn=fees,0,legit_p2p,0,0,0,0,synthetic-v1
upi://pay?pa=gpay.reward44@idfcbank&pn=Flipkart%20Refund%20Team&mc=0000&am=3199&tn=refund,1,scam_fake_merchant,2,1,0,0,synthetic-v1
"upi://pay?pa=64838079@paytm&pn=Balaji%20Fancy%20Store&am=9464.81&am=1,00,000",1,scam_tampered_qr,0,0,0,0,synthetic-v1
upi://pay?pa=7393413569@ibl&pn=Income%20Tax%20Department&am=21599&tn=pending%20bill,1,scam_impersonation,6,3,0,0,synthetic-v1
upi://pay?pa=kiransingh873@ybl&pn=Varun%20Naik&am=80000&tn=wedding,0,legit_family_large,0,0,0,0,synthetic-v1
upi://pay?pa=mary.khan@okicici&pn=Customs%20Clearance%20Officer&am=24000&tn=Cashback%20credited%20on%20scan,1,scam_refund_receive,0,0,0,0,synthetic-v1
upi://pay?pa=lakshmi774821@yesbank&pn=Amazon%20Refund%20Desk&am=8282&tn=check%20www.refund-status.online,1,scam_link_in_note,0,0,0,0,synthetic-v1
upi://pay?pa=q983577537@ybl&pn=Kumar%20Auto%20Works&mc=5411,0,legit_merchant_static,0,0,0,0,synthetic-v1
upi://pay?pa=bharatpe.47790183@fbpe&pn=Blue%20Star%20Salon&mc=5814,0,legit_merchant_static,0,0,0,0,synthetic-v1
upi://pay?pa=divya24@hdfcbank&pn=Lakshmi%20Mishra&am=2392&tn=gift,0,legit_p2p,0,0,0,0,synthetic-v1
upi://pay?pa=9112529294@kvb&pn=ICICI%20Bank%20Support&am=6399&tn=security%20deposit,1,scam_impersonation,0,0,0,0,synthetic-v1
upi://pay?pa=kavya974518@axl&pn=Army%20Officer%20Rakesh&am=8000.27&tn=security%20deposit,1,scam_olx_army,4,2,0,0,synthetic-v1
upi://pay?pa=swatipatel115@kotak&pn=Sunita%20Sharma&tn=loan%20return,0,legit_p2p,0,0,0,0,synthetic-v1
upi://pay?pa=rahul423@upi&pn=Balaji%20Stores&am=3956.95&tn=order,0,legit_small_shop,1,0,0,0,synthetic-v1
upi://pay?pa=farhan.mishra@apl&tn=loan%20return,0,legit_p2p,0,0,0,0,synthetic-v1
upi://pay?pa=priya.gupta@okaxis&pn=Anjali%20Menon&am=36000&tn=cab%20share,0,legit_p2p,0,0,0,0,synthetic-v1
upi://pay?pa=91540278@okaxis&pn=Income%20Tax%20Department&am=19799&tn=security%20deposit,1,scam_impersonation,5,5,0,0,synthetic-v1
upi://pay?pa=acc55984996@apl&pn=ICICI%20Bank%20Support&am=40000&tn=Refund%20processing%20-%20scan%20to%20get,1,scam_refund_receive,0,0,0,0,synthetic-v1
upi://pay?pa=joseph@pnb&tn=payment,0,legit_small_shop,0,0,0,0,synthetic-v1
upi://pay?pa=sneha.bose@pnb&pn=Rahul%20Iyer&am=88000&tn=car%20emi,0,legit_family_large,0,0,0,0,synthetic-v1
upi://pay?pa=paytmqr3891980245@paytm&pn=Kumar%20Auto%20Works&am=6651.76&mc=7538&tr=ORD899438063,0,legit_merchant_dynamic,0,0,0,0,synthetic-v1
upi://pay?pa=cf.balaji147@axisbank&pn=City%20Bakery&am=9466&mc=5814&tr=ORD99271364&tn=Bill,0,legit_merchant_dynamic,0,0,0,0,synthetic-v1
upi://pay?pa=sneha.verma@hdfcbank&pn=Arjun%20Nair&am=2435&tn=maid%20salary,0,legit_p2p,2,0,0,0,synthetic-v1
upi://pay?pa=gurpreet.rao@kvb&pn=Shreya%20Joshi&am=972&tn=Account%20unblock%20fee,1,scam_kyc_fee,0,0,0,0,synthetic-v1
upi://pay?pa=paytmqr7737703160@paytm&pn=Sri%20Lakshmi%20Medicals&mc=5311,0,legit_merchant_static,0,0,0,0,synthetic-v1
upi://pay?pa=razorpay.1586373@icici&pn=Royal%20Fruits&am=18518.90&mc=5912&tr=ORD867600219&tn=Order%20payment,0,legit_merchant_dynamic,0,0,0,0,synthetic-v1
upi://pay?pa=kavya417063@ybl&pn=ICICI%20Bank%20Support&am=34899.69&tn=Cashback%20credited%20on%20scan,1,scam_refund_receive,0,0,0,1,synthetic-v1
upi://pay?pa=cf.raj922@axisbank&pn=Blue%20Star%20Salon&am=6089&mc=5732&tr=ORD998858990,0,legit_merchant_dynamic,0,0,0,0,synthetic-v1
upi://pay?pa=blueshop83@okaxis&pn=Blue%20Star%20Salon&mc=5732,0,legit_merchant_static,0,0,0,0,synthetic-v1
upi://pay?pa=9649552520@axl&pn=Asha%20Joshi&am=2548.51&tn=loan%20return,0,legit_p2p,0,0,0,0,synthetic-v1
upi://pay?pa=cf.janata614@axisbank&pn=Balaji%20Fancy%20Store&am=15469.96&mc=7230&tr=ORD138872159&tn=Invoice%201000,0,legit_merchant_dynamic,0,0,1,0,synthetic-v1
upi://pay?pa=gpay.reward21@okhdfcbank&pn=Paytm%20KYC%20Team&tn=cashback,0,scam_fake_merchant,0,0,0,0,synthetic-v1
upi://pay?pa=7359176196@pnb&am=2992&tn=chai,0,legit_p2p,0,0,0,0,synthetic-v1
upi://pay?pa=9263973376@dbs&pn=Amazon%20Refund%20Desk&am=10205&tn=Refund%20of%20Rs%2010205,1,scam_refund_receive,0,0,0,0,synthetic-v1
upi://mandate?pa=6638491688@okaxis&pn=Electricity%20Board&am=7099.64&recur=WEEKLY&tn=cashback%20activation,1,scam_autopay,0,0,0,0,synthetic-v1
upi://pay?pa=pinelabs.246333@hdfcbank&pn=Royal%20Fruits&am=637&mc=5411&tr=ORD125687116&tn=Invoice%201490,0,legit_merchant_dynamic,0,0,0,0,synthetic-v1
upi://pay?pa=bharatpe.63527936@fbpe&pn=Balaji%20Fancy%20Store&mc=4121,0,legit_merchant_static,0,0,0,1,synthetic-v1
upi://pay?pa=manoj851309@ybl&pn=Police%20Cyber%20Cell&am=1072&tn=processing%20fee,1,scam_impersonation,10,4,1,0,synthetic-v1
upi://collect?pa=8582418950@kvb&pn=Flipkart%20Refund%20Team&am=15888&tn=Cashback%20credited%20on%20scan,1,scam_collect,2,1,0,0,synthetic-v1
upi://pay?pa=krishnashop@axisbank&pn=Krishna%20Bakery&am=4769.93&tn=bill,0,legit_small_shop,0,0,0,0,synthetic-v1
upi://pay?pa=arjun336308@upi&pn=Neha%20Mishra&am=1499&tn=KYC%20verification,1,scam_kyc_fee,1,1,0,0,synthetic-v1
upi://pay?pa=phonepe.cashback70@hdfcbank&pn=ICICI%20Bank%20Support&am=6548&tn=refund,1,scam_fake_merchant,2,1,0,0,synthetic-v1
upi://pay?pa=kavya@okaxis&pn=Rahul%20Mobile%20Repair&am=1500&tn=bill,0,legit_small_shop,0,0,0,0,synthetic-v1
upi://pay?pa=paytmqr4244444311@paytm&pn=Royal%20Fruits&mc=5499&tn=Payment,0,legit_merchant_static,0,0,0,0,synthetic-v1
upi://pay?pa=shreya135073@paytm&pn=Govt%20Subsidy%20Office&tn=details%20http%3A%2F%2Fkyc-629.xyz,1,scam_link_in_note,0,0,0,0,synthetic-v1
upi://pay?pa=prakash.verma@okaxis&am=38961&tn=task%20payment,1,scam_quiet,2,2,0,0,synthetic-v1
upi://pay?pa=tirumala.donations@sbi&pn=ISKCON%20Temple&mc=8398,0,legit_temple,0,0,0,0,synthetic-v1
upi://pay?pa=snehapatel50@yesbank&pn=Mary%20Iyer&am=3870,0,legit_p2p,1,0,0,0,synthetic-v1
upi://pay?pa=gpay.reward@axisbank&pn=ICICI%20Bank%20Support&tn=refund,1,scam_fake_merchant,0,0,0,0,synthetic-v1
upi://mandate?pa=7701426448@pnb&pn=Electricity%20Board&am=7899&recur=WEEKLY&tn=cashback%20activation,1,scam_autopay,4,3,0,0,synthetic-v1
upi://pay?pa=janatamart90@okaxis&pn=Green%20Leaf%20Veg&mc=5411,0,legit_merchant_static,0,0,0,0,synthetic-v1
upi://pay?pa=varun.gowda@upi&pn=Fatima%20Nair&tn=chai,0,legit_p2p,0,0,1,0,synthetic-v1
upi://pay?pa=meera64@idfcbank&pn=Kiran%20Singh&am=2000,0,legit_p2p,0,0,0,0,synthetic-v1
upi://pay?pa=sanjay.iyer@kotak&pn=Asha%20Nair&am=42000.08,0,legit_p2p,0,0,0,0,synthetic-v1
upi://pay?pa=17788022@icici&pn=RBI%20Grievance%20Cell&tn=pending%20bill,1,scam_impersonation,2,1,0,0,synthetic-v1
upi://pay?pa=8555863542@axl&pn=Joseph%20Sharma&am=50684&tn=car%20emi,0,legit_family_large,0,0,0,0,synthetic-v1
upi://pay?pa=6157312145@okhdfcbank&tn=groceries,0,legit_p2p,0,0,0,0,synthetic-v1
upi://pay?pa=user77773344@okicici&pn=PhonePe%20Cashback&am=45000&tn=Prize%20money%20credit,1,scam_refund_receive,2,2,0,1,synthetic-v1
upi://pay?pa=deepa.mishra@apl&pn=Jio%20Prize%20Department&am=6699&tn=lottery%20processing,1,scam_prize,0,0,0,0,synthetic-v1
upi://pay?pa=9180932954@barodampay&pn=Jio%20Prize%20Department&am=14471&tn=prize%20claim%20fee,1,scam_prize,3,3,0,0,synthetic-v1
upi://pay?pa=mary68@jupiteraxis&pn=Sanjay%20Bose,0,legit_rare_handle,0,0,0,0,synthetic-v1
upi://pay?pa=srimart54@okaxis&pn=Janata%20Hardware&mc=4121,0,legit_merchant_static,0,0,0,0,synthetic-v1
upi://pay?pa=6529279332@axl&pn=Anjali%20Bose&am=68338&tn=wedding,0,legit_family_large,0,0,0,0,synthetic-v1
upi://pay?pa=divyaiyer373@oksbi&pn=Ayesha%20Menon&tn=electricity%20share,0,legit_p2p,0,0,0,0,synthetic-v1
upi://pay?pa=kavya19@okaxis&pn=Rahul%20Singh&am=33000&tn=college%20fees,0,legit_family_large,0,0,0,0,synthetic-v1
upi://pay?pa=paytmqr2312386114@paytm&pn=Raj%20Mobile%20Point&mc=5812,0,legit_merchant_static,0,0,0,0,synthetic-v1
upi://collect?pa=pay34772193@barodampay&pn=Indian%20Army%20Canteen&am=17043&tn=army%20canteen,1,scam_olx_army,6,5,0,0,synthetic-v1
upi://pay?pa=arjun20@ibl,0,legit_p2p,0,0,0,0,synthetic-v1
upi://collect?pa=9100734712@kvb&pn=CRPF%20Jawan%20Sunil&am=28819&tn=refundable%20deposit,1,scam_olx_army,2,1,1,1,synthetic-v1
upi://pay?pa=q890722353@ybl&pn=Sharma%20General%20Store&mc=5311,0,legit_merchant_static,0,0,0,0,synthetic-v1
upi://pay?pa=9218311464@icici&pn=PhonePe%20Cashback&tn=verification,1,scam_impersonation,3,2,0,0,synthetic-v1
upi://pay?pa=arun67@icici&pn=Divya%20Das&am=2714&tn=fees,0,legit_p2p,0,0,0,0,synthetic-v1
upi://pay?pa=arun939454@pnb&pn=Paytm%20KYC%20Team&am=33000&tn=Enter%20PIN%20to%20receive%20money,1,scam_refund_receive,0,0,0,0,synthetic-v1
upi://pay?pa=shreya.patel@rbl&pn=Sneha%20Joshi,0,legit_rare_handle,0,0,0,0,synthetic-v1
upi://pay?pa=6995016325@kvb&pn=Police%20Cyber%20Cell&am=6436.48&tn=Claim%20your%20reward,1,scam_refund_receive,0,0,0,1,synthetic-v1
upi://pay?pa=sanjay51@upi&pn=Manoj%20Das&tn=tuition,0,legit_p2p,0,0,0,0,synthetic-v1
upi://pay?pa=6929913988@pnb&pn=Lucky%20Draw%20Office&am=22146&tn=GST%20on%20prize,1,scam_prize,3,2,0,0,synthetic-v1
upi://pay?pa=iskcon.bangalore@icici&pn=ISKCON%20Temple,0,legit_temple,0,0,0,0,synthetic-v1
upi://pay?pa=gurpreet.menon@pnb&pn=Electricity%20Board%20Officer&am=24090.12&tn=processing%20fee,1,scam_impersonation,0,0,0,0,synthetic-v1
upi://pay?pa=mahalakshmi@ybl&pn=Mahalakshmi%20Stores&am=2236&tn=payment,0,legit_small_shop,0,0,0,0,synthetic-v1
upi://pay?pa=cry.donate@hdfcbank&pn=TTD%20Donations,0,legit_temple,0,0,0,0,synthetic-v1
upi://pay?pa=priya118389@sbi&pn=Flipkart%20Refund%20Team&am=16000&tn=Refund%20processing%20-%20scan%20to%20get,1,scam_refund_receive,0,0,0,0,synthetic-v1
upi://pay?pa=joseph.iyer@upi&pn=Farhan%20Nair&am=19411&tn=car%20emi,0,legit_family_large,0,0,0,0,synthetic-v1
upi://pay?pa=razorpay.5975198@icici&pn=Balaji%20Fancy%20Store&am=14760&mc=5311&tr=ORD492948417,0,legit_merchant_dynamic,0,0,0,0,synthetic-v1
upi://mandate?pa=6234284955@okhdfcbank&pn=Jio%20Recharge&am=2636.50&recur=DAILY&tn=verify%20account,1,scam_autopay,2,1,0,0,synthetic-v1
upi://pay?pa=pay69362117@pnb&pn=HDFC%20Customer%20Care&am=12099.02&tn=Receive%20payment%20from%20buyer,1,scam_refund_receive,0,0,0,0,synthetic-v1
upi://pay?pa=lakshmi171805@okhdfcbank&pn=PhonePe%20Cashback&am=15999&tn=Claim%20your%20reward,1,scam_refund_receive,0,0,0,0,synthetic-v1
upi://pay?pa=gurudwara.seva@pnb&pn=CRY%20Donations&mc=8398&am=1630,0,legit_temple,0,0,0,0,synthetic-v1
upi://pay?pa=acc59995318@dbs&pn=Paytm%20KYC%20Team&am=1899&tn=Re-activation%20charges,1,scam_kyc_fee,18,16,0,0,synthetic-v1
upi//pay?pa=6420872839@apl&pn=Fresh%20Mart,1,scam_tampered_qr,31,25,0,0,synthetic-v1
upi://pay?pa=7997957881@fbl&pn=Flipkart%20Refund%20Team&am=19413&tn=security%20deposit,1,scam_impersonation,0,0,0,0,synthetic-v1
upi://pay?pa=paytmqr7063617583@paytm&pn=Anand%20Sweets&am=15031&mc=5411&tr=ORD535379129,0,legit_merchant_dynamic,0,0,0,0,synthetic-v1
upi://pya?pa=7354863734@pnb&pn=Sri%20Lakshmi%20Medicals,1,scam_tampered_qr,0,0,0,0,synthetic-v1
upi://pay?pa=cf.om647@axisbank&pn=Blue%20Star%20Salon&am=7032&mc=5814&tr=ORD94280166&tn=Bill,0,legit_merchant_dynamic,0,0,0,0,synthetic-v1
upi://mandate?pa=9719648279@axisbank&pn=Amazon%20Prime&am=7199&recur=DAILY&tn=subscription,1,scam_autopay,9,8,0,0,synthetic-v1
upi://pay?pa=7951676402@apl,1,legit_small_shop,0,0,0,0,synthetic-v1
upi://pay?pa=freshstore@hdfcbank&pn=Fresh%20Fish%20Stall&am=4034,0,legit_small_shop,0,0,0,0,synthetic-v1
upi://pay?pa=incometax.refund26@okaxis&pn=PhonePe%20Cashback&am=7599.63&tn=refund,1,scam_fake_merchant,0,0,0,1,synthetic-v1
upi://pay?pa=tirumala.donations@sbi&pn=Gurudwara%20Seva,0,legit_temple,0,0,0,0,synthetic-v1
upi://pay?pa=paytmqr3364387489@paytm&pn=Green%20Leaf%20Veg&mc=5499,0,legit_merchant_static,1,0,1,0,synthetic-v1
upi://pay?pa=9121156277@idfcbank&pn=Govt%20Subsidy%20Office&tn=pending%20bill,1,scam_impersonation,0,0,0,0,synthetic-v1
upi://pay?pa=bbmp.propertytax@sbi&pn=BBMP%20Property%20Tax&am=11379.27&mc=9399&tr=TXN2693337704&tn=Bill%20payment,0,legit_biller,0,0,0,0,synthetic-v1
upi://pay?pa=6450318913@oksbi&pn=Mega%20Prize%20Claim&am=8606&tn=lottery%20processing,1,scam_prize,2,2,0,0,synthetic-v1
upi://pay?pa=8862621961@okicici&pn=Farhan%20Nair&am=78236&tn=house%20deposit,0,legit_family_large,0,0,0,0,synthetic-v1
upi://pay?pa=sbi.refund20@yesbank&pn=PhonePe%20Cashback&tn=refund,1,scam_fake_merchant,12,6,0,0,synthetic-v1
upi://pay?pa=6662475327@okaxis&pn=Joseph%20Pillai&am=3000&tn=tuition,0,legit_p2p,0,0,0,0,synthetic-v1
upi://pay?pa=deepapatel571@kvb&pn=Fatima%20Joshi,0,legit_rare_handle,0,0,0,0,synthetic-v1
upi://pay?pa=7989254090@apl&pn=Paytm%20KYC%20Team&am=1199&tn=processing%20fee,1,scam_impersonation,0,0,0,0,synthetic-v1
upi://pay?pa=cf.balaji585@axisbank&pn=Balaji%20Fancy%20Store&am=10181&mc=5732&tr=ORD890017033&tn=Order%20payment&sign=MEUCIQZYe89c3806a2af95758c,0,legit_merchant_dynamic,0,0,0,0,synthetic-v1
upi://pay?pa=6496759443@yesbank&pn=Amazon%20Lucky%20Winner&am=4146&tn=lottery%20processing,1,scam_prize,0,0,0,1,synthetic-v1
upi://pay?pa=swati723731@@okhdfcbank&pn=Sri%20Lakshmi%20Medicals&am=8287,1,scam_tampered_qr,0,0,0,0,synthetic-v1
upi://pay?pa=bharatpe.86850253@fbpe&pn=Janata%20Hardware&mc=5942,0,legit_merchant_static,0,0,0,0,synthetic-v1
upi://pay?pa=rahul.bose@fbl&pn=Ayesha%20Shetty&am=1498&tn=cab%20share,0,legit_p2p,0,0,0,0,synthetic-v1
upi://pay?pa=sneha57@axl&pn=Meera%20Mishra&am=36000&tn=maid%20salary,0,legit_p2p,0,0,0,0,synthetic-v1
upi://pay?pa=manoj.kumar@icici&pn=Deepa%20Joshi&am=52112.81&tn=wedding,0,legit_family_large,0,0,0,0,synthetic-v1
upi://pay?pa=paytmqr7693915851@paytm&pn=Janata%20Hardware&mc=4121,0,legit_merchant_static,0,0,0,0,synthetic-v1
upi://pay?pa=arjun.sharma@fbl&am=2810&tn=birthday%20gift,0,legit_p2p,0,0,0,0,synthetic-v1
upi://pay?pa=ayeshasingh176@okhdfcbank&pn=Fatima%20Sharma&tn=cab%20share,0,legit_p2p,0,0,0,0,synthetic-v1
upi://pay?pa=lakshmi312493@hdfcbank&pn=Police%20Cyber%20Cell&tn=call%206545786594%20for%20refund,1,scam_link_in_note,0,0,0,0,synthetic-v1
upi://pay?pa=7597380573@kvb&pn=Bank%20KYC%20Update&am=1605&tn=Account%20unblock%20fee,1,scam_kyc_fee,12,11,0,0,synthetic-v1
upi://pay?pa=8160300551@barodampay&pn=Anil%20Reddy&am=39000.27&tn=trading%20profit,1,scam_quiet,11,6,0,0,synthetic-v1
upi://pay?pa=9222624584@apl&pn=Indian%20Army%20Canteen&am=17000&tn=army%20canteen,1,scam_olx_army,19,15,0,0,synthetic-v1
upi://mandate?pa=sanjay.gowda@idfcbank&pn=Sunita%20Pillai&am=3099&recur=WEEKLY&tn=cashback%20activation,1,scam_autopay,19,15,0,1,synthetic-v1
upi://pay?pa=ganeshstore@apl&pn=Ganesh%20Tea%20Stall&am=500&tn=order,0,legit_small_shop,0,0,0,0,synthetic-v1
upi://pay?pa=arjun.menon@yesbank&pn=Indian%20Army%20Canteen&am=18339.62&tn=refundable%20deposit,1,scam_olx_army,0,0,0,0,synthetic-v1
upi://pay?pa=7398055977@fbl&pn=Nikhil%20Iyer&am=8932&tn=trading%20profit,1,scam_quiet,4,3,0,0,synthetic-v1
upi://pay?pa=prakashdas355@idfcbank&pn=Fatima%20Reddy&am=1863&tn=maid%20salary,0,legit_p2p,0,0,0,0,synthetic-v1
upi://pay?pa=paytmqr5445881090@paytm&pn=Sri%20Lakshmi%20Medicals&mc=5812&tn=Payment,0,legit_merchant_static,0,0,0,0,synthetic-v1
upi://pay?pa=q516596202@ybl&pn=Janata%20Hardware&mc=5814,0,legit_merchant_static,1,0,0,0,synthetic-v1
upi://pay?pa=lakshmimishra548@okhdfcbank&pn=Ayesha%20Bose&am=29000,1,scam_quiet,2,2,0,0,synthetic-v1
upi://pay?pa=6231975515@pnb&pn=Sneha%20Verma&am=26000,0,scam_quiet,0,0,0,0,synthetic-v1
upi://pay?pa=bharatpe.53766388@fbpe&pn=Anand%20Sweets,0,legit_merchant_static,0,0,0,0,synthetic-v1
upi://pay?pa=meerabose446@apl&am=3803.56,0,legit_p2p,0,0,0,0,synthetic-v1
upi://pay?pa=snehaiyer348@upi&pn=Prakash%20Shetty&am=3379&tn=movie,0,legit_p2p,0,0,0,0,synthetic-v1
upi://pay?pa=divya22@icici&am=2044&tn=groceries,0,legit_p2p,0,0,0,0,synthetic-v1
upi://pay?pa=anandstore93@okaxis&pn=Royal%20Fruits&mc=5311,0,legit_merchant_static,0,0,0,0,synthetic-v1
upi://pay?pa=q919660167@ybl&pn=Balaji%20Fancy%20Store&mc=7230,0,legit_merchant_static,0,0,0,0,synthetic-v1
upi://pay?pa=paytmqr9921848847@paytm&pn=Balaji%20Fancy%20Store&mc=5499&tn=Payment,0,legit_merchant_static,0,0,0,0,synthetic-v1
upi://pay?pa=sureshmishra624@kotak&pn=Deepa%20Das&tn=fees,0,legit_p2p,0,0,0,0,synthetic-v1
upi://pay?pa=neha.shetty@okaxis&pn=Lakshmi%20Khan&am=2000.87&tn=maid%20salary,0,legit_p2p,0,0,0,0,synthetic-v1
upi://pay?pa=vikramkumar613@sbi&pn=Suresh%20Patel&am=23000&tn=hospital%20bill,0,legit_family_large,0,0,0,1,synthetic-v1
upi://pay?pa=8592033665@idfcbank&pn=Ayesha%20Menon&tn=check%20www.refund-status.online,1,scam_link_in_note,5,3,0,1,synthetic-v1
upi://pay?pa=q724836549@ybl&pn=Kumar%20Auto%20Works&mc=5499,0,legit_merchant_static,0,0,0,0,synthetic-v1
upi://pay?pa=shreya.verma@oksbi&pn=Priya%20Sharma&am=1000.92&tn=movie,0,legit_p2p,0,0,0,0,synthetic-v1
upi://pay?pa=6381870089@yesbank&pn=Fatima%20Reddy&am=80000&tn=wedding,0,legit_family_large,0,0,0,0,synthetic-v1
upi://pay?pa=fatimagupta551@apl&tn=maid%20salary,0,legit_p2p,0,0,0,0,synthetic-v1
upi://collect?pa=9936972621@ibl&pn=TRAI%20Helpline&am=1794&tn=Scan%20to%20receive%20your%20refund,1,scam_collect,11,4,0,0,synthetic-v1
upi://pay?pa=incometax.refund48@upi&pn=Electricity%20Board%20Officer&am=4019&tn=refund,1,scam_fake_merchant,0,0,0,1,synthetic-v1
upi://pay?pa=gurudwara.seva@pnb&pn=Gurudwara%20Seva&mc=8661,0,legit_temple,0,0,0,0,synthetic-v1
upi://pay?pa=amazon.refund38@pnb&pn=Police%20Cyber%20Cell&tn=offer,1,scam_fake_merchant,9,3,0,0,synthetic-v1
upi://pay?pa=farhan.rao@fbl&pn=Lakshmi%20Khan&am=30400&tn=birthday%20gift,0,legit_p2p,0,0,0,0,synthetic-v1
upi://pay?pa=gurudwara.seva@pnb&pn=Gurudwara%20Seva&mc=8398&am=2607,0,legit_temple,0,0,0,0,synthetic-v1
upi://pay?pa=bharatpe.16028598@fbpe&pn=Kumar%20Auto%20Works&tn=Payment,0,legit_merchant_static,0,0,0,0,synthetic-v1
upi://pay?pa=razorpay.6152976@icici&pn=Kumar%20Auto%20Works&am=4040.89&mc=7230&tr=ORD25161666&tn=Bill&sign=MEUCIQZ0fa8f3X5Z86141f9899,0,legit_merchant_dynamic,0,0,0,0,synthetic-v1
upi://pay?pa=9769520261@icici&pn=RBI%20Grievance%20Cell&am=20361&tn=Scan%20to%20receive%20your%20refund,1,scam_refund_receive,2,1,0,0,synthetic-v1
upi://pay?pa=sanjay11@dlb&pn=Sneha%20Naik,0,legit_rare_handle,0,0,0,0,synthetic-v1
upi://pay?pa=cf.metro832@axisbank&pn=Janata%20Hardware&am=19331.05&mc=5912&tr=ORD672560836&sign=MEUCIQX1f5eb7ebYZff59Y3ecb,0,legit_merchant_dynamic,0,0,0,0,synthetic-v1
upi://pay?pa=amazon.refund11@axisbank&pn=Amazon%20Refund%20Desk&am=3354&tn=offer,1,scam_fake_merchant,0,0,0,0,synthetic-v1
upi://pay?pa=razorpay.9911924@icici&pn=Kumar%20Auto%20Works&am=1783&mc=7230&tr=ORD418759892,0,legit_merchant_dynamic,0,0,0,0,synthetic-v1
upi://pay?pa=balajistore90@okaxis&pn=Green%20Leaf%20Veg&mc=5499&tn=Payment,0,legit_merchant_static,0,0,0,0,synthetic-v1
upi://pay?pa=6577907880@pnb&pn=Paytm%20KYC%20Team&am=573&tn=PAN%20link%20fee,1,scam_kyc_fee,2,2,0,0,synthetic-v1
upi://pay?pa=35531087@kvb&pn=Electricity%20Board%20Officer,1,scam_impersonation,0,0,0,1,synthetic-v1
upi://pay?pa=8107428205@hdfcbank&pn=Bank%20KYC%20Update&am=2054.57&tn=Account%20unblock%20fee,1,scam_kyc_fee,2,1,0,0,synthetic-v1
upi://pay?pa=anil20@fbl&pn=Lakshmi%20Sharma&am=4107.67&tn=hospital,1,scam_quiet,3,1,0,1,synthetic-v1
upi://pay?pa=razorpay.3075519@icici&pn=Balaji%20Fancy%20Store&am=18662&mc=5311&tr=ORD286965065&tn=Invoice%202735,0,legit_merchant_dynamic,0,0,0,0,synthetic-v1
upi://pay?pa=bharatpe.10800813@fbpe&pn=Kumar%20Auto%20Works&mc=5942,0,legit_merchant_static,0,0,0,0,synthetic-v1
upi://pay?pa=rohit.iyer@idfcbank&pn=Suresh%20Sharma&am=2831&tn=gift,0,legit_p2p,0,0,0,0,synthetic-v1
upi://pay?pa=q286651708@ybl&pn=Anand%20Sweets&mc=7538,0,legit_merchant_static,0,0,0,0,synthetic-v1
upi://pay?pa=gurpreet@barodampay&pn=Priya%20Beauty%20Parlour&tn=payment,0,legit_small_shop,0,0,0,0,synthetic-v1
upi://pay?pn=Shop&x=shreya723747@barodampay&pn=Sri%20Lakshmi%20Medicals,1,scam_tampered_qr,3,2,0,0,synthetic-v1
upi://pay?pa=rahul.rao@oksbi&pn=Lakshmi%20Mishra&tn=groceries,0,legit_p2p,1,0,1,0,synthetic-v1
upi://pay?pa=paytmqr4509493835@paytm&pn=Sharma%20General%20Store&mc=5331,1,legit_merchant_static,0,0,1,0,synthetic-v1
upi://pay?pa=paytmqr7004540715@paytm&pn=Hotel%20Annapoorna&am=4825&mc=5814&tr=ORD268211632&tn=Invoice%208718,0,legit_merchant_dynamic,0,0,0,0,synthetic-v1
upi://pay?pa=9542973959@ibl&pn=Deepa%20Naik&am=4059,0,legit_p2p,0,0,0,0,synthetic-v1
upi://pay?pa=9585498652@upi&pn=Raju%20Juice%20Corner,0,legit_small_shop,0,0,0,0,synthetic-v1
upi://pay?pa=raju677@okaxis&pn=Raju%20Juice%20Corner,1,legit_small_shop,0,0,0,0,synthetic-v1
upi://pay?pa=q432811301@ybl&pn=Metro%20Tailors&mc=5912,0,legit_merchant_static,0,0,1,0,synthetic-v1
upi://pay?pa=sunitanair168@okaxis&pn=Vikram%20Bose&tn=gift,0,legit_p2p,0,0,0,0,synthetic-v1
upi://pay?pa=sanjay.verma@hdfcbank&pn=Sunita%20Shetty&am=1112&tn=rent,0,legit_p2p,0,0,0,0,synthetic-v1
upi://pay?pa=shreya.sharma@okhdfcbank&pn=Kiran%20Gupta&am=12000.60&tn=car%20emi,0,legit_family_large,0,0,0,0,synthetic-v1
upi://pay?pa=rahul.singh@paytm&pn=Ravi%20Patel&am=16771.27&tn=rent,0,legit_family_large,0,0,0,0,synthetic-v1
upi://pay?pa=paytmqr6277891880@paytm&pn=Sharma%20General%20Store&mc=5411,0,legit_merchant_static,0,0,0,0,synthetic-v1
upi://pay?pa=6858278871@apl&pn=Shreya%20Shetty&am=875&tn=Re-activation%20charges,1,scam_kyc_fee,5,5,0,0,synthetic-v1
upi://pay?pa=7228635396@okaxis&pn=Vikram%20Mishra&am=1460&tn=groceries,0,legit_p2p,0,0,0,0,synthetic-v1
upi://collect?pa=fatima.verma@paytm&pn=CRPF%20Jawan%20Sunil&am=8527&tn=army%20canteen,1,scam_olx_army,7,2,0,0,synthetic-v1
upi://pay?pa=swativerma913@idfcbank&pn=Kiran%20Pillai&tn=cab%20share,0,legit_p2p,1,0,1,0,synthetic-v1
upi://pay?pa=lakshmi.gupta@sbi&pn=Amazon%20Lucky%20Winner&am=22399&tn=lottery%20processing,1,scam_prize,13,4,0,0,synthetic-v1
upi://pay?pa=waterboard.collect@icici&pn=Municipal%20Water%20Board&am=1103&mc=9311&tr=TXN7626391908&tn=Bill%20payment,0,legit_biller,0,0,0,0,synthetic-v1
upi://pay?pa=6199462821@yesbank&pn=Kumar%20Xerox&am=100,0,legit_small_shop,0,0,0,0,synthetic-v1
upi://pay?pa=vikramkumar487@paytm&pn=Gurpreet%20Khan&am=128&tn=maid%20salary,0,legit_p2p,0,0,0,0,synthetic-v1
upi://collect?pa=user54203028@ybl&pn=Police%20Cyber%20Cell&am=16074&tn=approve%20to%20receive,1,scam_collect,5,1,0,0,synthetic-v1
upi://pay?pa=arjun.verma@paytm&pn=Divya%20Shetty&tn=rent,0,legit_p2p,0,0,0,0,synthetic-v1
upi://pay?pa=paytmqr6521544422@paytm&pn=Kumar%20Auto%20Works&am=19445.18&mc=5912&tr=ORD170526789&sign=MEUCIQ476Z9cY6YdY28Xb571dd,0,legit_merchant_dynamic,0,0,0,0,synthetic-v1
upi://pay?pa=kavya.iyer@okicici&pn=Fatima%20Nair&am=30000&tn=chai,0,legit_p2p,0,0,0,0,synthetic-v1
upi://pay?pa=deepa.kumar@axisbank&pn=Rahul%20Bose&tn=electricity%20share,0,legit_p2p,0,0,0,0,synthetic-v1
upi://pay?pa=paytmqr2907939480@paytm&pn=Om%20Sai%20Kirana&mc=5912,0,legit_merchant_static,0,0,0,0,synthetic-v1
upi://pay?pa=9759050396@hdfcbank&pn=Flipkart%20Refund%20Team&am=9117&tn=Claim%20your%20reward,1,scam_refund_receive,0,0,0,0,synthetic-v1
upi://pay?pa=razorpay.1152116@icici&pn=Kumar%20Auto%20Works&am=9281&mc=4121&tr=ORD571656410&sign=MEUCIQb73620c8X84ZX576Z740,0,legit_merchant_dynamic,0,0,0,0,synthetic-v1
upi://pay?pa=9809522400@pnb&pn=Mary%20Bose&am=3630&tn=trading%20profit,1,scam_quiet,3,1,0,0,synthetic-v1
upi://pay?pa=ayesha.gupta@barodampay&pn=Amazon%20Refund%20Desk&am=16399,1,scam_impersonation,15,5,0,0,synthetic-v1
upi//pay?pa=7734619431@icici&pn=SBI%20Refund%20Dept&am=5265,1,scam_tampered_qr,5,4,1,0,synthetic-v1
upi://pay?pa=shreya.verma@icici&pn=Kiran%20Iyer&am=85000&tn=hospital%20bill,0,legit_family_large,0,0,0,0,synthetic-v1
upi://pay?pa=ravi.menon@sbi&pn=SBI%20KYC%20Cell&am=99&tn=PAN%20link%20fee,1,scam_kyc_fee,14,7,0,0,synthetic-v1
upi://pay?pa=joseph.shetty@icici&pn=Bank%20KYC%20Update&am=1562&tn=Re-activation%20charges,1,scam_kyc_fee,0,0,0,0,synthetic-v1
upi:/pay?pa=9686034781@icici&pn=SBI%20Refund%20Dept,0,scam_tampered_qr,7,3,0,0,synthetic-v1
upi://autopay?pa=pay65471861@ybl&pn=Electricity%20Board&am=6699&recur=DAILY&tn=cashback%20activation,1,scam_autopay,0,0,0,0,synthetic-v1
upi://pay?pa=lakshmishop@upi&pn=Lakshmi%20Tiffin%20Centre&tn=payment,0,legit_small_shop,0,0,0,0,synthetic-v1
upi://pay?pa=7956746613@hdfcbank&pn=Paytm%20KYC%20Team&am=22535&tn=processing%20fee,1,scam_impersonation,0,0,0,0,synthetic-v1
upi://pay?pa=9352795319@rbl&pn=Fatima%20Kumar,0,legit_rare_handle,0,0,0,0,synthetic-v1
upi://pay?pa=varun106314@apl&pn=Customs%20Clearance%20Officer&am=16099,1,scam_impersonation,0,0,0,0,synthetic-v1
upi://pay?pa=ravi60020@barodampay&pn=RBI%20Grievance%20Cell,1,scam_impersonation,0,0,0,0,synthetic-v1
upi://pay?pa=8267132081@barodampay&pn=Rohit%20Khan,0,legit_p2p,0,0,0,0,synthetic-v1
upi://pay?pa=8297982146@okicici&pn=Amazon%20Lucky%20Winner&am=24190.66&tn=prize%20claim%20fee,1,scam_prize,11,11,0,0,synthetic-v1
upi://pay?pa=citymart76@okaxis&pn=Raj%20Mobile%20Point&mc=5812&tn=Payment,0,legit_merchant_static,0,0,0,0,synthetic-v1
upi://pay?pa=paytmqr6021833928@paytm&pn=Balaji%20Fancy%20Store&mc=5814,0,legit_merchant_static,0,0,0,0,synthetic-v1
upi://pay?pa=ayeshasharma736@dbs&pn=Rahul%20Gupta&am=2132,0,legit_rare_handle,0,0,0,0,synthetic-v1
upi://pay?pa=7453731196@kotak&pn=ICICI%20Bank%20Support&am=7000&tn=Prize%20money%20credit,1,scam_refund_receive,0,0,0,0,synthetic-v1
upi://pay?pa=tirumala.donations@sbi&pn=Akshaya%20Patra&mc=8398&am=3621.85,1,legit_temple,0,0,0,0,synthetic-v1
upi://pay?pa=9628838336@rbl&pn=SBI%20Refund%20Dept&am=47174.03&tn=Receive%20payment%20from%20buyer,1,scam_refund_receive,0,0,0,0,synthetic-v1
upi://collect?pa=arjun660272@okhdfcbank&pn=Army%20Officer%20Rakesh&am=8632&tn=verification%20amount,1,scam_olx_army,22,11,0,0,synthetic-v1
upi://pay?pa=amazon.refund84@rbl&pn=HDFC%20Customer%20Care&tn=offer,1,scam_fake_merchant,0,0,0,0,synthetic-v1
upi://pay?pa=user97516596@okhdfcbank&pn=Paytm%20KYC%20Team&am=47299&tn=Enter%20PIN%20to%20receive%20money,1,scam_refund_receive,4,3,0,0,synthetic-v1
upi://pay?pa=harishgupta929@yesbank&pn=Vikram%20Joshi&am=2000.07&tn=trip%20share,0,legit_p2p,0,0,0,0,synthetic-v1
upi://pay?pa=balaji812@hdfcbank&pn=Balaji%20Stores&am=4822.86&tn=order,0,legit_small_shop,0,0,0,0,synthetic-v1
upi://pay?pa=sanjay68@okicici&tn=birthday%20gift,0,legit_p2p,0,0,0,0,synthetic-v1
upi://pay?pa=cf.raj335@axisbank&pn=Om%20Sai%20Kirana&am=15144&mc=5812&tr=ORD90324042,0,legit_merchant_dynamic,0,0,0,0,synthetic-v1
upi://pay?pa=tirumala.donations@sbi&pn=CRY%20Donations,1,legit_temple,0,0,0,0,synthetic-v1
upi://pay?pa=bescom.billdesk@hdfcbank&pn=BESCOM%20Bill%20Payment&am=2542&mc=9311&tr=TXN1230453021&tn=Property%20tax,0,legit_biller,1,0,0,0,synthetic-v1
upi://pay?pa=8487474927@okicici&pn=Suresh%20Shetty&am=43000&tn=wedding,0,legit_family_large,0,0,0,0,synthetic-v1
upi://pay?pa=kumarshop@hdfcbank&pn=Kumar%20Xerox&am=50&tn=payment,0,legit_small_shop,0,0,0,0,synthetic-v1
upi://pay?pa=6205440331@idfcbank&pn=Manoj%20Nair&am=86000&tn=house%20deposit,0,legit_family_large,0,0,0,0,synthetic-v1
upi://pay?pa=paytmqr3424310288@paytm&pn=Janata%20Hardware&am=12584&mc=7538&tr=ORD404416568,0,legit_merchant_dynamic,0,0,0,0,synthetic-v1
upi://pay?pa=9487565900@okhdfcbank&pn=Manoj%20Verma&am=11661&tn=hospital,1,scam_quiet,0,0,0,0,synthetic-v1
upi://pay?pa=7697877561@fbl&pn=Metro%20Chaat&am=500&tn=payment,0,legit_small_shop,0,0,0,0,synthetic-v1
upi://pay?pa=upi97973311@kvb&pn=Jio%20Prize%20Department&am=4399&tn=tax%20on%20winning,1,scam_prize,10,2,0,0,synthetic-v1
upi://pay?pa=neha23@icici&am=2398.69&tn=tuition,0,legit_p2p,0,0,0,0,synthetic-v1
upi://pay?pa=razorpay.5003607@icici&pn=Fresh%20Mart&am=8827&mc=5912&tr=ORD244068566,0,legit_merchant_dynamic,0,0,0,0,synthetic-v1
upi://pay?pa=6108384257@idfcbank&pn=Sunita%20Nair&am=2495&tn=loan%20return,0,legit_p2p,0,0,0,0,synthetic-v1
upi://pay?pa=8510061446@axl&pn=KBC%20Lottery%20Winner&am=23699&tn=GST%20on%20prize,1,scam_prize,11,8,1,0,synthetic-v1
upi://pay?pa=user76222609@idfcbank&pn=Customs%20Clearance%20Officer&am=33000&tn=Claim%20your%20reward,1,scam_refund_receive,4,1,0,0,synthetic-v1
upi://pay?pa=paytmqr1067025275@paytm&pn=Royal%20Fruits&am=15367&mc=5942&tr=ORD303819919&tn=Invoice%208556,0,legit_merchant_dynamic,0,0,0,0,synthetic-v1
upi://pay?pn=Shop&x=nikhil.shetty@upi&pn=Sri%20Lakshmi%20Medicals,1,scam_tampered_qr,0,0,0,0,synthetic-v1
upi://pay?pa=kavyakumar123@upi&pn=Lakshmi%20Kumar&am=4000&tn=maid%20salary,0,legit_p2p,0,0,0,0,synthetic-v1
upi://pay?pa=bluemart17@okaxis&pn=Balaji%20Fancy%20Store&mc=5499,1,legit_merchant_static,0,0,0,0,synthetic-v1
upi://pay?pa=7821165220@sbi&pn=SBI%20Refund%20Dept&am=14924.79&tn=Enter%20PIN%20to%20receive%20money,1,scam_refund_receive,0,0,0,0,synthetic-v1
upi://pay?pa=fatima.joshi@sbi&pn=Sunita%20Iyer&am=27000&tn=hospital%20bill,0,legit_family_large,0,0,0,0,synthetic-v1
upi://pay?pa=7175725171@icici&pn=Bank%20KYC%20Update&am=2654&tn=KYC%20verification,1,scam_kyc_fee,9,2,0,0,synthetic-v1
upi://pay?pa=kavya.reddy@kotak&pn=HDFC%20Customer%20Care&tn=whatsapp%209978308745,1,scam_link_in_note,7,6,0,0,synthetic-v1
upi://pay?pa=nikhil702840@icici&pn=TRAI%20Helpline&tn=check%20www.refund-status.online,1,scam_link_in_note,14,1,0,0,synthetic-v1
upi://collect?pa=9819849490@okaxis&pn=BSF%20Officer%20Vijay&am=26000&tn=security%20deposit,1,scam_olx_army,4,3,0,1,synthetic-v1
upi://pya?pa=6967329474@axisbank&pn=Janata%20Hardware,1,scam_tampered_qr,0,0,0,0,synthetic-v1
upi://pay?pa=kiran.singh@okicici&pn=TRAI%20Helpline&tn=security%20deposit,1,scam_impersonation,2,1,0,0,synthetic-v1
upi://pay?pa=amazon.refund77@paytm&pn=Flipkart%20Refund%20Team&mc=0000&am=1339&tn=offer,1,scam_fake_merchant,0,0,0,0,synthetic-v1
upi://pay?pa=shreyapillai110@idfcbank&pn=Varun%20Iyer&am=1000.84,0,legit_p2p,0,0,0,0,synthetic-v1
upi://pay?pa=farhan479343@dbs&pn=RBI%20Grievance%20Cell&am=5000&tn=Refund%20processing%20-%20scan%20to%20get,1,scam_refund_receive,16,2,0,1,synthetic-v1
upi://pay?pa=9496104406@sbi&pn=RBI%20Grievance%20Cell&am=13827&tn=case%20closure,0,scam_impersonation,4,3,0,0,synthetic-v1
upi://pay?pa=73010153@okhdfcbank&pn=Amazon%20Lucky%20Winner&am=22538.78&tn=lottery%20processing,1,scam_prize,0,0,0,0,synthetic-v1
upi://pay?pa=7789884558@kotak&pn=Krishna%20Bakery&am=1500&tn=order,0,legit_small_shop,0,0,0,0,synthetic-v1
upi://pay?pa=7662443705@apl&pn=Sai%20Vegetables&am=2000,0,legit_small_shop,0,0,0,0,synthetic-v1
upi://pay?pa=npci.support@kvb&pn=Police%20Cyber%20Cell&tn=cashback,1,scam_fake_merchant,0,0,0,0,synthetic-v1
upi://pay?pa=paytmqr9070240657@paytm&pn=Blue%20Star%20Salon&am=8030&mc=5812&tr=ORD827759742&tn=Invoice%201957,0,legit_merchant_dynamic,0,0,0,0,synthetic-v1
upi://pay?pa=swati.reddy@yesbank&pn=HDFC%20Customer%20Care&am=37000&tn=Scan%20to%20receive%20your%20refund,1,scam_refund_receive,6,4,0,0,synthetic-v1
upi:pay?pa=sanjay62346@axisbank&pn=Green%20Leaf%20Veg&am=869,1,scam_tampered_qr,0,0,0,0,synthetic-v1
upi://pay?pa=saishop@axisbank&pn=Sai%20Vegetables&am=10000,0,legit_small_shop,0,0,0,0,synthetic-v1
upi://pay?pa=metroshop54@okaxis&pn=Green%20Leaf%20Veg&mc=5812,0,legit_merchant_static,0,0,0,0,synthetic-v1
upi://pay?pa=pinelabs.755360@hdfcbank&pn=Metro%20Tailors&am=13458.60&mc=4121&tr=ORD841731210&tn=Bill,1,legit_merchant_dynamic,0,0,0,0,synthetic-v1
upi://pay?pa=vikramgowda361@barodampay&pn=Pooja%20Reddy&am=51000.44&tn=rent,0,legit_family_large,0,0,0,0,synthetic-v1
upi://pay?pa=pinelabs.657211@hdfcbank&pn=Sharma%20General%20Store&am=10798&mc=5499&tr=ORD466529243&tn=Order%20payment,0,legit_merchant_dynamic,0,0,0,0,synthetic-v1
upi://pay?pa=bharatpe.80374793@fbpe&pn=Kumar%20Auto%20Works&mc=4121,0,legit_merchant_static,0,0,0,0,synthetic-v1
upi://pay?pa=q172711052@ybl&pn=Green%20Leaf%20Veg&mc=7538,0,legit_merchant_static,0,0,0,0,synthetic-v1
upi://pay?pa=q993741782@ybl&pn=Janata%20Hardware&mc=5814,0,legit_merchant_static,0,0,0,0,synthetic-v1
upi://pay?pa=rbi.claim17@tjsb&pn=Customs%20Clearance%20Officer&am=9321.57&tn=offer,1,scam_fake_merchant,0,0,0,0,synthetic-v1
upi://pay?pa=93753858@hdfcbank&pn=Income%20Tax%20Department&am=21199&tn=verification,1,scam_impersonation,3,3,0,0,synthetic-v1
upi://pay?pa=cry.donate@hdfcbank&pn=ISKCON%20Temple&mc=8661,0,legit_temple,0,0,0,0,synthetic-v1
upi://pay?pa=vikram.menon@pnb&pn=KBC%20Lottery%20Winner&am=14599&tn=winner%20registration,1,scam_prize,0,0,0,0,synthetic-v1
upi://pay?pa=ayesha.reddy@icici&pn=Sunita%20Naik&am=22000&tn=rent,0,legit_family_large,0,0,0,0,synthetic-v1
upi://pay?pa=mahalakshmistall@ibl&pn=Mahalakshmi%20Stores&tn=order,0,legit_small_shop,0,0,0,0,synthetic-v1
upi://pay?pa=meera.khan@upi&pn=Jio%20Prize%20Department&am=11205.70&tn=prize%20claim%20fee,1,scam_prize,4,1,0,0,synthetic-v1
upi://pay?pa=pinelabs.919779@hdfcbank&pn=Metro%20Tailors&am=11304.16&mc=5732&tr=ORD380756585&tn=Bill,0,legit_merchant_dynamic,0,0,0,0,synthetic-v1
upi://collect?pa=7969741901@axl&pn=BSF%20Officer%20Vijay&am=27345.24&tn=advance%20for%20item,1,scam_olx_army,8,8,0,0,synthetic-v1
upi://pay?pa=balajimart11@okaxis&pn=Fresh%20Mart&mc=5311,0,legit_merchant_static,0,0,0,0,synthetic-v1
upi://pay?pa=manoj.pillai@idfcbank&pn=Divya%20Gowda&am=3000&tn=petrol,0,legit_p2p,0,0,0,0,synthetic-v1
upi://pay?pa=akshayapatra@axisbank&pn=Gurudwara%20Seva&mc=8661,0,legit_temple,0,0,0,0,synthetic-v1
upi://pay?pa=lic.premium@axisbank&pn=LIC%20Premium&am=14411&mc=4112&tr=TXN4759200324&tn=Bill%20payment,0,legit_biller,0,0,0,0,synthetic-v1
upi://pay?pa=9422708004@paytm&pn=Manoj%20Naik&am=12000,1,scam_quiet,9,8,0,0,synthetic-v1
upi://pay?pa=q949530851@ybl&pn=Om%20Sai%20Kirana&mc=5912,0,legit_merchant_static,1,0,1,0,synthetic-v1
upi://pay?pa=paytmqr6122133323@paytm&pn=Sri%20Lakshmi%20Medicals&mc=5732,1,legit_merchant_static,0,0,0,0,synthetic-v1
upi://pay?pa=bharatpe.69093111@fbpe&pn=City%20Bakery&mc=5812,0,legit_merchant_static,0,0,0,0,synthetic-v1
upi://pay?pa=iskcon.bangalore@icici&pn=CRY%20Donations&mc=8661&am=2663,0,legit_temple,0,0,0,0,synthetic-v1
upi://pay?pa=shreya.gupta@upi&am=2353&tn=trip%20share,0,legit_p2p,0,0,0,0,synthetic-v1
upi://pay?pa=prakash.khan@barodampay&pn=Harish%20Nair&am=81135&tn=college%20fees,0,legit_family_large,0,0,0,0,synthetic-v1
upi://pay?pa=6543537675@axl&pn=SBI%20KYC%20Cell&am=1799.60&tn=KYC%20update%20charge,1,scam_kyc_fee,0,0,0,0,synthetic-v1
upi://pay?pa=nikhil.mishra@idfcbank&pn=Sunita%20Iyer&am=71000&tn=rent,0,legit_family_large,0,0,0,0,synthetic-v1
upi://pay?pa=7372607361@pnb&pn=Amazon%20Refund%20Desk&am=19999.68&tn=processing%20fee,1,scam_impersonation,2,2,0,0,synthetic-v1
upi://pay?pa=irctc.pay@hdfcbank&pn=Indian%20Railways%20IRCTC&am=10352&mc=4900&tr=TXN9454696253&tn=Bill%20payment,0,legit_biller,0,0,0,0,synthetic-v1
upi://collect?pa=8300240544@okicici&pn=Indian%20Army%20Canteen&am=12000.87&tn=army%20canteen,1,scam_olx_army,0,0,0,0,synthetic-v1
upi://pay?pa=vikram.naik@rbl&pn=Nikhil%20Patel,0,legit_rare_handle,0,0,0,0,synthetic-v1
upi://pay?pa=user41144413@icici&pn=Electricity%20Board%20Officer&am=33000&tn=Prize%20money%20credit,1,scam_refund_receive,0,0,0,0,synthetic-v1
upi://pay?pa=9751139255@axl&pn=Meera%20Gupta&tn=birthday%20gift,0,legit_p2p,0,0,0,0,synthetic-v1
upi://pay?pa=incometax.refund52@okhdfcbank&pn=RBI%20Grievance%20Cell&tn=refund,1,scam_fake_merchant,1,0,0,0,synthetic-v1
upi://pay?pa=customer.care.help@cmsidfc&pn=ICICI%20Bank%20Support&tn=cashback,1,scam_fake_merchant,0,0,0,0,synthetic-v1
upi://autopay?pa=8812364897@barodampay&pn=Electricity%20Board&am=9699&recur=DAILY&tn=verify%20account,1,scam_autopay,0,0,0,0,synthetic-v1
upi://pay?pa=sunita.verma@ybl&pn=Income%20Tax%20Department&am=3583&tn=security%20deposit,1,scam_impersonation,14,6,0,0,synthetic-v1
upi://mandate?pa=anjali.sharma@yesbank&pn=Ayesha%20Gowda&am=4373&recur=WEEKLY&tn=KYC,1,scam_autopay,0,0,0,0,synthetic-v1
upi://pay?pa=8163139171@okicici&pn=Joseph%20Das&tn=electricity%20share,0,legit_p2p,0,0,0,0,synthetic-v1
upi://pay?pa=anjali.nair@paytm&pn=Govt%20Subsidy%20Office&am=12350&tn=pending%20bill,1,scam_impersonation,0,0,0,0,synthetic-v1
upi://pay?pa=7325415084@fbl&pn=Flipkart%20Refund%20Team&am=3428,1,scam_impersonation,0,0,0,0,synthetic-v1
upi://pay?pa=anjali303@ybl&pn=Ganesh%20Tea%20Stall&tn=payment,0,legit_small_shop,0,0,0,0,synthetic-v1
upi://pay?pa=janatashop68@okaxis&pn=Kumar%20Auto%20Works&mc=5814,0,legit_merchant_static,0,0,0,0,synthetic-v1
upi://pay?pa=rahulkumar617@rbl&pn=Gurpreet%20Menon,0,legit_rare_handle,0,0,0,0,synthetic-v1
upi://pay?pa=upi13411112@hdfcbank&pn=HDFC%20Customer%20Care&am=22000&tn=Refund%20of%20Rs%2022000,1,scam_refund_receive,2,2,0,0,synthetic-v1
upi://pay?pa=8425846345@pnb&pn=Rohit%20Mishra&am=4470.60&tn=loan%20return,0,legit_p2p,0,0,0,0,synthetic-v1
upi://pay?pa=farhan295688@axisbank&pn=Flipkart%20Refund%20Team&am=26599&tn=Enter%20PIN%20to%20receive%20money,1,scam_refund_receive,0,0,0,0,synthetic-v1
upi://pay?pa=pay92616144@sbi&pn=Police%20Cyber%20Cell&am=21569.86&tn=case%20closure,1,scam_impersonation,0,0,0,0,synthetic-v1
upi://pay?pa=cf.fresh772@axisbank&pn=Metro%20Tailors&am=6341&mc=5331&tr=ORD498708088&tn=Bill,1,legit_merchant_dynamic,0,0,0,0,synthetic-v1
upi://pay?pa=9250751422@apl&pn=PhonePe%20Cashback&am=5038&tn=whatsapp%209311785472,1,scam_link_in_note,10,3,0,0,synthetic-v1
upi://pay?pa=q575476064@ybl&pn=Om%20Sai%20Kirana&mc=5331,0,legit_merchant_static,0,0,0,0,synthetic-v1
upi://pay?pa=vikram946504@fbl&pn=Ravi%20Menon&am=1898&tn=KYC%20verification,1,scam_kyc_fee,0,0,0,0,synthetic-v1
upi://pay?pa=rajshop43@okaxis&pn=Janata%20Hardware&mc=5814,0,legit_merchant_static,0,0,0,0,synthetic-v1
upi://pay?pa=waterboard.collect@icici&pn=Municipal%20Water%20Board&am=245.46&mc=4900&tr=TXN1952677821&tn=Bill%20payment,0,legit_biller,0,0,0,0,synthetic-v1
upi://pay?pa=ganeshshop@fbl&pn=Ganesh%20Tea%20Stall&am=300,0,legit_small_shop,0,0,0,0,synthetic-v1
upi://pay?pa=8964725210@okhdfcbank&pn=Anil%20Reddy&am=4471&tn=groceries,0,legit_p2p,0,0,0,0,synthetic-v1
upi://pay?pa=manoj.bose@barodampay&pn=Manoj%20Mishra&tn=cab%20share,0,legit_p2p,0,0,0,0,synthetic-v1
upi://pay?pa=8887861267@barodampay&pn=Rahul%20Mobile%20Repair&tn=order,0,legit_small_shop,0,0,0,0,synthetic-v1
upi://pay?pa=q233075093@ybl&pn=Sharma%20General%20Store&mc=7230,0,legit_merchant_static,0,0,0,0,synthetic-v1
upi://pay?pa=shreya840983@pnb&pn=Mega%20Prize%20Claim&am=8261&tn=prize%20claim%20fee,1,scam_prize,8,8,1,0,synthetic-v1
upi://pay?pa=6419942798@rbl&pn=Flipkart%20Refund%20Team&am=16939.34&tn=security%20deposit,1,scam_impersonation,3,2,0,0,synthetic-v1
upi://pay?pa=ravi.gupta@yesbank&pn=SBI%20Refund%20Dept,1,scam_impersonation,1,1,0,0,synthetic-v1
upi://pay?pa=pay23855143@yesbank&pn=Swati%20Gupta&am=5721&tn=help,1,scam_quiet,5,4,0,0,synthetic-v1
upi://pay?pa=bharatpe.37525003@fbpe&pn=Fresh%20Mart&mc=5942,0,legit_merchant_static,0,0,0,0,synthetic-v1
upi://pay?pa=7200679165@idfcbank&pn=Kavya%20Menon&am=4228,0,legit_p2p,0,0,0,0,synthetic-v1
upi://pay?pa=7187539685@hdfcbank&pn=Divya%20Patel&am=46782.17&tn=college%20fees,0,legit_family_large,0,0,0,0,synthetic-v1
upi://pay?pa=arjun.das@axisbank&pn=Nikhil%20Gowda&am=28000&tn=wedding,0,legit_family_large,0,0,0,0,synthetic-v1
upi://pay?pa=8596027392@oksbi&pn=Raju%20Juice%20Corner&am=250&tn=bill,0,legit_small_shop,2,1,2,0,synthetic-v1
upi://pay?pa=7126977726@barodampay&pn=Kiran%20Das&am=34000&tn=birthday%20gift,0,legit_p2p,0,0,0,0,synthetic-v1
upi://pay?pa=harishgowda676@apl&pn=Manoj%20Singh&am=12000.99&tn=college%20fees,0,legit_family_large,0,0,0,0,synthetic-v1
upi://pay?pa=varun553@paytm&pn=Priya%20Beauty%20Parlour&am=1500&tn=payment,0,legit_small_shop,0,0,0,0,synthetic-v1
"upi://pay?pa=8125995486@hdfcbank&pn=Sharma%20General%20Store&am=1,00,000",1,scam_tampered_qr,0,0,0,0,synthetic-v1
upi://pay?pa=lakshmikhan401@barodampay&pn=Sanjay%20Shetty&am=3000&tn=movie,0,legit_p2p,0,0,0,0,synthetic-v1
upi://pay?pa=bharatpe.15049310@fbpe&pn=Hotel%20Annapoorna&mc=5814&tn=Payment,0,legit_merchant_static,0,0,0,0,synthetic-v1
upi://pay?pa=ayeshamishra916@oksbi&pn=Arun%20Iyer&am=3000&tn=trip%20share,0,legit_p2p,0,0,0,0,synthetic-v1
upi://pay?pa=manoj.kumar@yesbank&pn=Shreya%20Rao&tn=rent,0,legit_p2p,0,0,0,0,synthetic-v1
upi://pay?pa=bharatpe.91432831@fbpe&pn=Green%20Leaf%20Veg&mc=7230&tn=Payment,0,legit_merchant_static,0,0,0,0,synthetic-v1
upi://pay?pa=arun.iyer@icici&am=483&tn=loan%20return,0,legit_p2p,0,0,0,0,synthetic-v1
upi://pay?pa=maryrao688@yesbank&pn=Rohit%20Menon&am=41000.48&tn=loan%20return,0,legit_p2p,0,0,0,0,synthetic-v1
upi://pay?pa=lakshmimishra5@pnb&pn=Mary%20Menon&am=1000&tn=fees,0,legit_p2p,0,0,0,0,synthetic-v1
upi://pay?pa=sanjayshetty567@upi&pn=Anil%20Nair&am=4592&tn=cab%20share,0,legit_p2p,0,0,0,0,synthetic-v1
upi://pay?pa=paytmqr7360094870@paytm&pn=Sri%20Lakshmi%20Medicals,0,legit_merchant_static,0,0,0,0,synthetic-v1
upi://pay?pa=deepa.naik@okaxis&pn=Ayesha%20Pillai&am=29842,1,scam_quiet,0,0,0,0,synthetic-v1
upi://pay?pa=lakshmikhan3@sbi&tn=birthday%20gift,0,legit_p2p,0,0,0,0,synthetic-v1
upi://pay?pa=prakash.naik@okicici&pn=Anil%20Pillai&tn=cab%20share,0,legit_p2p,1,0,2,0,synthetic-v1
upi://pay?pa=varundas731@sbi&pn=Deepa%20Singh&am=10794&tn=chai,0,legit_p2p,0,0,0,0,synthetic-v1
upi://pay?pa=8227340988@barodampay&pn=Amazon%20Refund%20Desk&am=38382&tn=Prize%20money%20credit,1,scam_refund_receive,0,0,0,0,synthetic-v1
upi://pay?pa=6740929919@sbi&pn=Priya%20Gupta&am=69000&tn=car%20emi,0,legit_family_large,0,0,0,0,synthetic-v1
upi://collect?pa=pay44049316@apl&pn=Army%20Officer%20Rakesh&am=5372.67&tn=security%20deposit,1,scam_olx_army,0,0,0,0,synthetic-v1
upi://pay?pa=harish17@kotak&pn=Sunita%20Naik&am=30595&tn=help,1,scam_quiet,0,0,0,0,synthetic-v1
upi://mandate?pa=arun278392@ybl&pn=Jio%20Recharge&am=799&recur=DAILY&tn=verify%20account,1,scam_autopay,3,2,0,0,synthetic-v1
upi://pay?pa=paytmqr9000343156@paytm&pn=Hotel%20Annapoorna&mc=4121,0,legit_merchant_static,0,0,0,0,synthetic-v1
upi://pay?pa=6944324394@axisbank&pn=ICICI%20Bank%20Support&am=44899&tn=Enter%20PIN%20to%20receive%20money,1,scam_refund_receive,0,0,0,0,synthetic-v1
upi://pay?pa=ashareddy563@barodampay&pn=Suresh%20Gupta&am=4771&tn=petrol,0,legit_p2p,0,0,0,1,synthetic-v1
upi://pay?pa=9804759586@sbi&pn=ICICI%20Bank%20Support&am=15099.08&tn=Claim%20your%20reward,1,scam_refund_receive,0,0,0,0,synthetic-v1
upi://pay?pa=bharatpe.59431049@fbpe&pn=Blue%20Star%20Salon&mc=5942,0,legit_merchant_static,0,0,0,0,synthetic-v1
upi://pay?pa=rahul.das@kvb&pn=HDFC%20Customer%20Care&am=19104&tn=verification,1,scam_impersonation,2,2,0,0,synthetic-v1
upi://pay?pa=pooja.nair@ibl&pn=Mary%20Patel&tn=gift,0,legit_p2p,0,0,0,0,synthetic-v1
upi://pay?pa=harish490347@axl&pn=ICICI%20Bank%20Support&am=9516,1,scam_impersonation,1,1,0,0,synthetic-v1
upi://pay?pa=rbi.claim22@barodampay&pn=Flipkart%20Refund%20Team&mc=0000&am=9260,1,scam_fake_merchant,3,3,0,0,synthetic-v1
upi://pay?pa=9614840522@@fbl&pn=Raj%20Mobile%20Point,1,scam_tampered_qr,5,1,1,0,synthetic-v1
upi://pay?pa=8633038234@kvb&pn=HDFC%20Customer%20Care&tn=verification,1,scam_impersonation,0,0,0,0,synthetic-v1
upi://pay?pa=manoj295673@dbs&pn=Bank%20KYC%20Update&am=1505.55&tn=Re-activation%20charges,1,scam_kyc_fee,2,1,0,0,synthetic-v1
upi://pay?pa=6212492685@ybl&pn=Swati%20Reddy&am=80000&tn=rent,0,legit_family_large,0,0,0,0,synthetic-v1
upi://pay?pa=suresh10@okhdfcbank&pn=Deepa%20Gupta&tn=dinner,0,legit_p2p,0,0,0,0,synthetic-v1
upi://pay?pa=npci.support@ibl&pn=Income%20Tax%20Department&am=699&tn=offer,1,scam_fake_merchant,0,0,0,0,synthetic-v1
upi://pay?pa=7365306913@hdfcbank&pn=Kavya%20Menon&am=4967&tn=loan%20return,0,legit_p2p,0,0,0,0,synthetic-v1
upi://pay?pa=pooja71@upi&tn=birthday%20gift,0,legit_p2p,0,0,0,0,synthetic-v1
upi://pay?pa=deepamishra298@paytm&pn=Anjali%20Singh&am=3091&tn=groceries,0,legit_p2p,0,0,0,0,synthetic-v1
upi://pay?pa=upi84407789@idfcbank&pn=Amazon%20Refund%20Desk&tn=case%20closure,1,scam_impersonation,8,1,0,0,synthetic-v1
upi://pay?pa=pooja65@icici&pn=Prakash%20Joshi&tn=electricity%20share,0,legit_p2p,0,0,0,0,synthetic-v1
upi://pay?pa=acc51527418@kotak&pn=Prakash%20Nair&am=48088&tn=hospital,1,scam_quiet,3,1,0,1,synthetic-v1
upi://pay?pa=razorpay.8186148@icici&pn=Om%20Sai%20Kirana&am=5370&mc=7230&tr=ORD258386135&tn=Order%20payment,0,legit_merchant_dynamic,2,1,0,0,synthetic-v1
upi://pay?pa=8758668274@okaxis&pn=KBC%20Lottery%20Winner&am=11814&tn=lottery%20processing,1,scam_prize,7,3,1,0,synthetic-v1
upi://pay?pa=9629204938@icici&pn=Pooja%20Menon&am=29000.38&tn=gift,0,legit_p2p,0,0,0,0,synthetic-v1
upi://pay?pa=7612533031@axisbank&pn=SBI%20Refund%20Dept&tn=processing%20fee,1,scam_impersonation,0,0,0,0,synthetic-v1
upi://pay?pa=arun10@ybl&pn=Meera%20Gowda&tn=petrol,0,legit_p2p,0,0,0,0,synthetic-v1
upi://pay?pa=paytmqr1446508883@paytm&pn=Blue%20Star%20Salon&am=13894&mc=5331&tr=ORD924953206&tn=Bill,0,legit_merchant_dynamic,0,0,0,0,synthetic-v1
upi://pay?pa=8108836621@ibl&pn=Jio%20Prize%20Department&am=4609.40&tn=tax%20on%20winning,1,scam_prize,0,0,0,0,synthetic-v1
upi://pay?pa=paytmqr7405001754@paytm&pn=Raj%20Mobile%20Point&mc=5732,0,legit_merchant_static,0,0,0,0,synthetic-v1
upi://mandate?pa=8221979634@dbs&pn=Electricity%20Board&am=2652&recur=MONTHLY&tn=subscription,1,scam_autopay,0,0,0,0,synthetic-v1
upi://pay?pa=varunbose384@idfcbank&pn=Nikhil%20Kumar&am=50000&tn=hospital%20bill,0,legit_family_large,0,0,0,0,synthetic-v1
upi://pay?pa=pinelabs.313145@hdfcbank&pn=Raj%20Mobile%20Point&am=11110&mc=5942&tr=ORD93118183&tn=Invoice%207615,0,legit_merchant_dynamic,0,0,0,0,synthetic-v1
upi://pay?pa=citystore57@okaxis&pn=Balaji%20Fancy%20Store&mc=5331,0,legit_merchant_static,0,0,0,0,synthetic-v1
upi://pay?pa=9102960826@ibl&pn=Divya%20Joshi&am=19620&tn=task%20payment,1,scam_quiet,4,3,0,0,synthetic-v1
upi://pay?pa=swatigupta74@ibl&pn=Kavya%20Khan&am=91.03&tn=fees,0,legit_p2p,0,0,0,0,synthetic-v1
upi://pay?pa=rohitpatel338@icici&am=390&tn=chai,0,legit_p2p,0,0,0,0,synthetic-v1
upi://pay?pa=8549655014@yesbank&pn=Amazon%20Refund%20Desk&am=5482.47,1,scam_impersonation,3,3,1,0,synthetic-v1
upi://pay?pa=q395084543@ybl&pn=City%20Bakery&mc=5311&tn=Payment,0,legit_merchant_static,1,0,1,0,synthetic-v1
upi:/pay?pa=upi86968148@ybl&pn=Balaji%20Fancy%20Store,1,scam_tampered_qr,4,1,0,0,synthetic-v1
upi://pay?pa=77854466@hdfcbank&pn=HDFC%20Customer%20Care&tn=processing%20fee,1,scam_impersonation,9,4,1,0,synthetic-v1
upi://pay?pa=ayeshanair86@axisbank&pn=Arjun%20Rao&am=939,0,legit_p2p,0,0,0,0,synthetic-v1
upi://pay?pa=asha.joshi@axl&pn=TRAI%20Helpline&am=14864&tn=pending%20bill,0,scam_impersonation,6,2,0,0,synthetic-v1
upi://pay?pa=user41870460@idfcbank&pn=Joseph%20Shetty&am=12000,1,scam_quiet,13,13,0,0,synthetic-v1
upi://pay?pa=pinelabs.254804@hdfcbank&pn=Sharma%20General%20Store&am=15962&mc=5814&tr=ORD429125037&tn=Order%20payment,0,legit_merchant_dynamic,0,0,0,0,synthetic-v1
upi://pay?pa=vikramsingh274@okaxis&pn=Sanjay%20Khan&am=4163&tn=electricity%20share,0,legit_p2p,0,0,0,0,synthetic-v1
upi://pay?pa=paytmqr1649498966@paytm&pn=Hotel%20Annapoorna&tn=Payment,0,legit_merchant_static,0,0,0,0,synthetic-v1
upi://pay?pa=anjalibose199@idfcbank&pn=Joseph%20Shetty&am=12000&tn=rent,0,legit_p2p,0,0,0,0,synthetic-v1
upi://pay?pa=metroshop99@okaxis&pn=City%20Bakery&mc=5499,0,legit_merchant_static,0,0,0,0,synthetic-v1
upi://pay?pa=8220515035@okaxis&pn=Asha%20Das,0,legit_p2p,0,0,0,0,synthetic-v1
upi://pay?pa=manoj43@paytm&pn=Vikram%20Rao&am=20208&tn=college%20fees,0,legit_family_large,0,0,0,0,synthetic-v1
upi://pay?pa=farhan@hdfcbank&pn=Anna%20Idli%20Stall&am=300,0,legit_small_shop,1,0,3,0,synthetic-v1
upi://pay?pa=q961301788@ybl&pn=Om%20Sai%20Kirana,0,legit_merchant_static,0,0,0,0,synthetic-v1
upi://pay?pa=asha.gupta@axl&pn=Prakash%20Verma&am=54000&tn=wedding,0,legit_family_large,0,0,0,0,synthetic-v1
upi://pay?pa=7143024458@paytm&pn=ICICI%20Bank%20Support&am=279&tn=call%206133558411%20for%20refund,1,scam_link_in_note,0,0,0,0,synthetic-v1
upi://pay?pa=arjun.iyer@ibl&am=4855&tn=dinner,0,legit_p2p,0,0,1,0,synthetic-v1
upi://collect?pa=8968510637@hdfcbank&pn=BSF%20Officer%20Vijay&am=27000&tn=army%20canteen,1,scam_olx_army,3,1,0,0,synthetic-v1
upi://pay?pa=manojbose743@okaxis&pn=Ravi%20Sharma&am=18000.77&tn=house%20deposit,0,legit_family_large,0,0,0,0,synthetic-v1
upi://pay?pa=saistore@oksbi&pn=Sai%20Vegetables,0,legit_small_shop,0,0,0,0,synthetic-v1
upi://pay?pa=acc90060086@apl&pn=Police%20Cyber%20Cell&tn=call%206616179670%20for%20refund,1,scam_link_in_note,0,0,0,0,synthetic-v1
upi://pay?pa=7876076009@okicici&pn=SBI%20KYC%20Cell&am=2485&tn=KYC%20verification,1,scam_kyc_fee,0,0,0,0,synthetic-v1
upi://pay?pa=rbi.claim92@okicici&pn=RBI%20Grievance%20Cell,1,scam_fake_merchant,6,6,0,0,synthetic-v1
upi://pay?pa=sureshmenon868@yesbank&pn=Manoj%20Shetty&tn=loan%20return,0,legit_p2p,0,0,0,1,synthetic-v1
upi://pay?pa=neha804@apl&pn=Raju%20Juice%20Corner&tn=bill,0,legit_small_shop,0,0,0,0,synthetic-v1
upi://pay?pa=q976789288@ybl&pn=Raj%20Mobile%20Point&tn=Payment,0,legit_merchant_static,0,0,0,0,synthetic-v1
upi://collect?pa=mary922461@okaxis&pn=Indian%20Army%20Canteen&am=7849&tn=Claim%20your%20reward,1,scam_collect,3,2,0,0,synthetic-v1
upi://pay?pa=balajishop@barodampay&pn=Balaji%20Stores&am=6678&tn=bill,0,legit_small_shop,0,0,0,0,synthetic-v1
upi://pay?pa=manoj.das@axisbank&pn=Flipkart%20Refund%20Team&am=41548&tn=Scan%20to%20receive%20your%20refund,1,scam_refund_receive,6,1,0,0,synthetic-v1
upi://pay?pa=8157445811@pnb&pn=Rahul%20Mobile%20Repair&am=60&tn=order,0,legit_small_shop,0,0,0,0,synthetic-v1
upi://pay?pa=poojasharma849@apl&pn=Anjali%20Shetty&am=128&tn=petrol,0,legit_p2p,0,0,0,0,synthetic-v1
upi://pay?pa=cf.balaji183@axisbank&pn=Metro%20Tailors&am=15502&mc=5812&tr=ORD271830610&tn=Order%20payment,0,legit_merchant_dynamic,0,0,0,0,synthetic-v1
upi://pay?pa=bbmp.propertytax@sbi&pn=BBMP%20Property%20Tax&am=13842&mc=9311&tr=TXN6679439597&tn=Property%20tax,0,legit_biller,0,0,0,0,synthetic-v1
upi://pay?pa=8798141562@ybl&pn=Varun%20Patel&am=16000&tn=hospital%20bill,0,legit_family_large,0,0,0,0,synthetic-v1
upi://pay?pa=sneha82@barodampay&am=1088&tn=loan%20return,0,legit_p2p,0,0,0,0,synthetic-v1
upi://pay?pa=user47000780@okaxis&pn=RBI%20Grievance%20Cell&am=1699.49&tn=Prize%20money%20credit,1,scam_refund_receive,0,0,0,0,synthetic-v1
upi://pay?pa=prakash@kotak&tn=payment,0,legit_small_shop,1,1,0,0,synthetic-v1
upi://pay?pa=waterboard.collect@icici&pn=Municipal%20Water%20Board&am=11084&mc=4900&tr=TXN696179617&tn=Property%20tax,0,legit_biller,0,0,0,0,synthetic-v1
upi://pay?pa=kiran429438@pnb&pn=Lakshmi%20Das&am=29638.21&tn=hospital,1,scam_quiet,13,2,0,0,synthetic-v1
upi://pay?pa=rohit.das@fbl&pn=Prakash%20Singh&tn=groceries,0,legit_p2p,1,1,0,0,synthetic-v1
upi://pay?pa=rajshop79@okaxis&pn=Sri%20Lakshmi%20Medicals&mc=7538,0,legit_merchant_static,0,0,0,0,synthetic-v1
upi://autopay?pa=arun.singh@pnb&pn=Netflix&am=799&recur=MONTHLY&tn=KYC,1,scam_autopay,0,0,0,0,synthetic-v1
upi://pay?pa=63323336@barodampay&pn=Govt%20Subsidy%20Office,1,scam_impersonation,0,0,0,0,synthetic-v1
upi://pay?pa=pay14648082@ybl&pn=Amazon%20Lucky%20Winner&am=13699.96&tn=tax%20on%20winning,1,scam_prize,0,0,0,0,synthetic-v1
upi://pay?pa=fatima.shetty@apl&pn=Suresh%20Das&am=26155,1,scam_quiet,7,4,0,1,synthetic-v1
upi://pay?pa=paytmqr2231855374@paytm&pn=Janata%20Hardware,0,legit_merchant_static,0,0,0,0,synthetic-v1
upi://pay?pa=paytmqr2404406811@paytm&pn=Balaji%20Fancy%20Store&tn=Payment,0,legit_merchant_static,0,0,0,0,synthetic-v1
upi://pay?pa=cf.city945@axisbank&pn=Hotel%20Annapoorna&am=8373&mc=5942&tr=ORD27684675&tn=Bill,0,legit_merchant_dynamic,0,0,0,0,synthetic-v1
upi://pay?pa=mary.nair@icici&am=2352.29,0,legit_p2p,0,0,0,0,synthetic-v1
upi://pay?pa=q118232045@ybl&pn=Anand%20Sweets,0,legit_merchant_static,0,0,0,0,synthetic-v1
upi://pay?pa=kiranverma75@ibl&pn=Farhan%20Joshi&am=3000&tn=cab%20share,0,legit_p2p,1,1,3,0,synthetic-v1
upi://pay?pa=omshop@pnb&pn=Om%20Paan%20Shop&tn=order,0,legit_small_shop,0,0,0,0,synthetic-v1
upi://pay?pa=ravi.khan@yesbank&pn=Income%20Tax%20Department&tn=case%20closure,1,scam_impersonation,18,11,0,0,synthetic-v1
upi://pay?pa=asha@okicici&pn=City%20Laundry&tn=bill,0,legit_small_shop,0,0,0,0,synthetic-v1
upi://pay?pa=farhan.sharma@axl&pn=Joseph%20Menon&am=899&tn=KYC%20verification,1,scam_kyc_fee,1,0,0,0,synthetic-v1
upi://pay?pa=joseph698923@dbs&pn=Amazon%20Lucky%20Winner&am=8199&tn=prize%20claim%20fee,1,scam_prize,0,0,0,0,synthetic-v1
upi://pay?pa=harish728760@sbi&pn=Indian%20Army%20Canteen&am=8933.91&tn=refundable%20deposit,1,scam_olx_army,0,0,0,0,synthetic-v1
upi://pay?pa=snehasingh559@idfcbank&pn=Meera%20Naik&am=1000,0,legit_p2p,0,0,0,0,synthetic-v1
upi://pay?pa=pooja.menon@kotak&pn=KBC%20Lottery%20Winner&am=7478&tn=prize%20claim%20fee,1,scam_prize,4,4,0,0,synthetic-v1
upi://pay?pa=paytmqr8957614766@paytm&pn=Anand%20Sweets&mc=7538&tn=Payment,1,legit_merchant_static,0,0,0,0,synthetic-v1
upi://collect?pa=acc86893235@ibl&pn=RBI%20Grievance%20Cell&am=4921&tn=Claim%20your%20reward,1,scam_collect,4,1,0,0,synthetic-v1
upi://pay?pa=8605544608@icici&pn=ICICI%20Bank%20Support&am=15000.53&tn=Cashback%20credited%20on%20scan,1,scam_refund_receive,10,7,0,0,synthetic-v1
upi://pay?pa=sbi.kyc.update29@axl&pn=Police%20Cyber%20Cell&mc=0000&am=8307&tn=cashback,1,scam_fake_merchant,0,0,0,0,synthetic-v1
upi://pay?pa=sureshsingh627@ibl&pn=Vikram%20Singh&am=11023&tn=movie,0,legit_p2p,0,0,0,0,synthetic-v1
upi://pay?pa=amazon.refund73@paytm&pn=Paytm%20KYC%20Team&am=4596&tn=refund,1,scam_fake_merchant,0,0,0,0,synthetic-v1
upi://pay?pa=7913733130@okhdfcbank&pn=Swati%20Sharma&am=3856&tn=birthday%20gift,0,legit_p2p,0,0,0,0,synthetic-v1
upi://pay?pa=9686047399@kotak&pn=Customs%20Clearance%20Officer&am=4619&tn=Cashback%20credited%20on%20scan,1,scam_refund_receive,0,0,0,0,synthetic-v1
upi://pay?pa=6346877901@icici&pn=Sneha%20Gupta&am=25512.24&tn=task%20payment,1,scam_quiet,0,0,0,0,synthetic-v1
upi://pay?pa=pinelabs.325281@hdfcbank&pn=Fresh%20Mart&am=7266.03&mc=5812&tr=ORD738118629&tn=Bill,0,legit_merchant_dynamic,0,0,0,0,synthetic-v1
upi://collect?pa=sanjay.pillai@okicici&pn=BSF%20Officer%20Vijay&am=18393&tn=Refund%20processing%20-%20scan%20to%20get,1,scam_collect,0,0,0,0,synthetic-v1
upi://pay?pa=mary.verma@fbl&pn=Meera%20Menon&tn=fees,0,legit_p2p,0,0,0,0,synthetic-v1
upi://pay?pa=q814428365@ybl&pn=Green%20Leaf%20Veg&mc=5812&tn=Payment,0,legit_merchant_static,0,0,0,0,synthetic-v1
upi://pay?pa=amazon.refund@tjsb&pn=HDFC%20Customer%20Care&tn=cashback,1,scam_fake_merchant,0,0,0,0,synthetic-v1
upi://pay?pa=deepagupta188@ybl&pn=Fatima%20Gowda&am=37000.27&tn=birthday%20gift,0,legit_p2p,0,0,0,0,synthetic-v1
upi:pay?pa=8356382172@oksbi&pn=Anand%20Sweets&am=455,1,scam_tampered_qr,10,1,0,0,synthetic-v1
upi://pay?pa=7709211306@ybl&pn=Mega%20Prize%20Claim&am=20799&tn=tax%20on%20winning,1,scam_prize,1,0,0,0,synthetic-v1
upi://pay?pa=8788476275@paytm&pn=Rahul%20Mobile%20Repair&tn=order,0,legit_small_shop,0,0,0,0,synthetic-v1
upi://pay?pa=nikhil@barodampay&pn=Priya%20Beauty%20Parlour&am=5459.24&tn=payment,0,legit_small_shop,0,0,0,0,synthetic-v1
upi://pay?pa=q847235554@ybl&pn=Janata%20Hardware&mc=5814,0,legit_merchant_static,0,0,0,0,synthetic-v1
upi://pay?pa=joseph57@ybl&pn=Asha%20Das&tn=gift,1,legit_p2p,0,0,0,0,synthetic-v1
upi://pay?pa=sunita356892@sbi&pn=HDFC%20Customer%20Care&am=16499&tn=security%20deposit,1,scam_impersonation,0,0,0,0,synthetic-v1
upi://pay?pa=pooja.bose@yesbank&pn=Suresh%20Verma&tn=cab%20share,0,legit_p2p,0,0,0,0,synthetic-v1
upi://pay?pa=7867141195@ybl&pn=Arun%20Kumar&tn=dinner,0,legit_p2p,0,0,0,0,synthetic-v1
upi://pay?pa=phonepe.cashback52@oksbi&pn=Income%20Tax%20Department&am=5756&tn=offer,1,scam_fake_merchant,0,0,0,0,synthetic-v1
upi://pay?pa=gurpreet23@sbi&pn=Kiran%20Khan&am=3891.38&tn=rent,0,legit_p2p,0,0,0,0,synthetic-v1
upi://mandate?pa=9533711508@ybl&pn=Netflix&am=8556.77&recur=MONTHLY&tn=KYC,1,scam_autopay,13,11,0,0,synthetic-v1
upi://pay?pa=shiva@okicici&am=2000,0,legit_small_shop,0,0,0,0,synthetic-v1
upi://pay?pa=cf.anand335@axisbank&pn=Blue%20Star%20Salon&am=3356&mc=5411&tr=ORD479779197&tn=Order%20payment,0,legit_merchant_dynamic,0,0,0,0,synthetic-v1
upi://pay?pa=rohit.menon@axisbank&pn=Anil%20Patel&am=1000&tn=trip%20share,0,legit_p2p,0,0,0,0,synthetic-v1
upi://pay?pa=6824695483@fbl&pn=Income%20Tax%20Department&am=33000.97&tn=Receive%20payment%20from%20buyer,1,scam_refund_receive,3,3,0,0,synthetic-v1
upi://pay?pa=paytmqr6040504424@paytm&pn=Kumar%20Auto%20Works&am=5387&mc=4121&tr=ORD19714435&tn=Bill,1,legit_merchant_dynamic,0,0,0,0,synthetic-v1
upi://pay?pa=marymenon613@kotak&pn=Prakash%20Khan&am=13000&tn=rent,0,legit_family_large,0,0,0,0,synthetic-v1
upi://pay?pa=nikhil.nair@ibl&pn=Army%20Officer%20Rakesh&am=3150&tn=security%20deposit,1,scam_olx_army,0,0,0,0,synthetic-v1
upi://pay?pa=poojanaik142@idfcbank&pn=Kiran%20Das&tn=cab%20share,0,legit_p2p,0,0,0,0,synthetic-v1
upi://pay?pa=paytmqr2110646116@paytm&pn=Janata%20Hardware&mc=5331&tn=Payment,0,legit_merchant_static,1,0,0,0,synthetic-v1
upi://pay?pa=8288441327@oksbi&pn=Ravi%20Sharma&tn=birthday%20gift,0,legit_p2p,0,0,0,0,synthetic-v1
upi://collect?pa=pay21694567@idfcbank&pn=Army%20Officer%20Rakesh&am=3843.86&tn=Cashback%20credited%20on%20scan,1,scam_collect,2,2,0,0,synthetic-v1
upi://pay?pa=arjun29@yesbank&pn=Sanjay%20Gowda&am=4610.45&tn=maid%20salary,0,legit_p2p,0,0,1,0,synthetic-v1
upi://pay?pa=rohit849@kotak&pn=ABC%20Store&tn=payment,0,legit_small_shop,0,0,0,0,synthetic-v1
upi://pay?pa=8705642555@okaxis&pn=Amazon%20Refund%20Desk&tn=processing%20fee,1,scam_impersonation,0,0,0,0,synthetic-v1
upi://pay?pa=7225690323@ybl&pn=SBI%20Refund%20Dept&tn=verification,1,scam_impersonation,3,1,0,1,synthetic-v1
upi://pay?pa=manojsingh384@upi&pn=Ayesha%20Das&am=22000&tn=college%20fees,0,legit_family_large,0,0,0,0,synthetic-v1
upi://pay?pa=razorpay.3079470@icici&pn=Sharma%20General%20Store&am=17390.16&mc=5331&tr=ORD825741845&tn=Invoice%207292,0,legit_merchant_dynamic,0,0,0,0,synthetic-v1
upi://pay?pa=q922747003@ybl&pn=Kumar%20Auto%20Works&mc=5814&tn=Payment,0,legit_merchant_static,0,0,0,0,synthetic-v1
upi://pay?pa=acc55072055@upi&pn=Joseph%20Nair&am=15038&tn=hospital,1,scam_quiet,7,5,0,0,synthetic-v1
upi://pay?pa=city527@ybl&tn=bill,0,legit_small_shop,0,0,0,0,synthetic-v1
upi://pay?pa=paytmqr2675301681@paytm&pn=Kumar%20Auto%20Works&mc=5814,0,legit_merchant_static,0,0,0,0,synthetic-v1
upi://pay?pa=6631294522@@okicici&pn=Paytm%20KYC%20Team,1,scam_tampered_qr,3,1,0,0,synthetic-v1
upi://pay?pa=sunita.shetty@okaxis&pn=Anil%20Naik&tn=cab%20share,0,legit_p2p,0,0,0,0,synthetic-v1
upi://pay?pa=swati96@axisbank&am=4340.42&tn=petrol,0,legit_p2p,0,0,0,0,synthetic-v1
upi:/pay?pa=9366658349@kvb&pn=Om%20Sai%20Kirana,1,scam_tampered_qr,0,0,0,0,synthetic-v1
upi://pay?pa=prakash.menon@upi&pn=Rohit%20Reddy&am=19511,0,legit_p2p,0,0,0,0,synthetic-v1
upi://pay?pa=upi87279737@ybl&pn=Income%20Tax%20Department&am=24499&tn=security%20deposit,1,scam_impersonation,2,1,0,0,synthetic-v1
upi://pay?pa=treasury.ker@sbi&pn=Kerala%20Govt%20Treasury&am=3358&mc=4112&tr=TXN5247428767&tn=Consumer%20no%208451831,0,legit_biller,0,0,0,0,synthetic-v1
upi://pay?pa=varun.naik@axisbank&pn=Varun%20Gowda&am=31000&tn=wedding,0,legit_family_large,0,0,0,0,synthetic-v1
upi://pay?pa=9824508409@paytm&pn=Nikhil%20Gupta&am=25846&tn=urgent,1,scam_quiet,19,3,0,0,synthetic-v1
upi://pay?pa=priya145@icici&pn=City%20Laundry,0,legit_small_shop,0,0,0,0,synthetic-v1
upi://pay?pa=swati.kumar@oksbi&pn=Gurpreet%20Gowda&am=78000&tn=wedding,1,legit_family_large,1,1,3,0,synthetic-v1
upi://pay?pa=kiransingh13@idfcbank&pn=Priya%20Shetty&am=3356&tn=fees,0,legit_p2p,0,0,0,0,synthetic-v1
upi://pay?pa=pay1432696@paytm&pn=Electricity%20Board%20Officer&am=9399&tn=Enter%20PIN%20to%20receive%20money,1,scam_refund_receive,0,0,0,0,synthetic-v1
upi://pay?pa=anjali156447@rbl&pn=ICICI%20Bank%20Support&am=16699&tn=Get%20cashback%20now,1,scam_refund_receive,0,0,0,0,synthetic-v1
upi://pay?pa=kiran200494@dbs&pn=Income%20Tax%20Department&am=6000&tn=Receive%20payment%20from%20buyer,1,scam_refund_receive,0,0,0,0,synthetic-v1
upi://collect?pa=6504948124@ibl&pn=SBI%20Refund%20Dept&am=17715&tn=Scan%20to%20receive%20your%20refund,1,scam_collect,6,6,0,0,synthetic-v1
upi://pay?pa=kiransingh584@rbl&pn=Rohit%20Iyer&am=1672.30,0,legit_rare_handle,0,0,0,0,synthetic-v1
upi://pay?pa=npci.support@cmsidfc&pn=Paytm%20KYC%20Team&mc=0000&am=7005&tn=offer,1,scam_fake_merchant,0,0,0,0,synthetic-v1
upi://pay?pa=81875093@icici&pn=Indian%20Army%20Canteen&am=28619&tn=army%20canteen,1,scam_olx_army,0,0,0,0,synthetic-v1
upi://pay?pa=nehapatel550@kvb&pn=Sanjay%20Gowda&am=535,0,legit_rare_handle,0,0,0,0,synthetic-v1
upi://pay?pa=pay25114200@pnb&pn=TRAI%20Helpline&am=43000.60&tn=Get%20cashback%20now,1,scam_refund_receive,3,3,0,0,synthetic-v1
upi://pay?pa=asha17@icici&tn=chai,0,legit_p2p,0,0,0,0,synthetic-v1
upi://pay?pa=arjun15@barodampay&pn=Manoj%20Bose&am=68000.46&tn=hospital%20bill,0,legit_family_large,0,0,0,0,synthetic-v1
upi://pay?pa=9209778554@barodampay&pn=Joseph%20Gupta&tn=rent,0,legit_p2p,0,0,0,0,synthetic-v1
upi://pay?pa=lakshmi89@axisbank&pn=Ravi%20Rao&tn=trip%20share,0,legit_p2p,0,0,0,0,synthetic-v1
upi://pay?pa=pay12382053@okhdfcbank&pn=RBI%20Grievance%20Cell&tn=security%20deposit,1,scam_impersonation,4,2,0,0,synthetic-v1
upi://pay?pa=meera.pillai@oksbi&pn=Divya%20Kumar&am=453&tn=fees,0,legit_p2p,1,0,0,0,synthetic-v1
upi://pay?pa=user73947112@pnb&pn=Meera%20Naik&am=46223&tn=help,1,scam_quiet,0,0,0,0,synthetic-v1
upi://pay?pa=suresh.shetty@jupiteraxis&pn=Farhan%20Rao&am=1076.51,0,legit_rare_handle,0,0,0,0,synthetic-v1
upi://collect?pa=8802432691@rbl&pn=CRPF%20Jawan%20Sunil&am=19057&tn=verification%20amount,1,scam_olx_army,6,4,0,0,synthetic-v1
upi://pay?pa=9228297765@pnb&pn=TRAI%20Helpline&am=13309.41&tn=case%20closure,1,scam_impersonation,6,3,0,0,synthetic-v1
upi://pay?pa=cry.donate@hdfcbank&pn=Akshaya%20Patra&mc=8661&am=1837,0,legit_temple,0,0,0,0,synthetic-v1
upi://pay?pa=95827553@hdfcbank&pn=Paytm%20KYC%20Team&am=49024&tn=Prize%20money%20credit,1,scam_refund_receive,4,1,0,0,synthetic-v1
upi://pay?pa=7290199424@paytm&pn=Nikhil%20Das,0,legit_p2p,1,1,0,0,synthetic-v1
upi:/pay?pa=50520990@icici&pn=Blue%20Star%20Salon,1,scam_tampered_qr,6,3,0,1,synthetic-v1
upi://pay?pa=paytmqr8815637862@paytm&pn=Anand%20Sweets&mc=4121,0,legit_merchant_static,0,0,0,0,synthetic-v1
upi://pay?pa=swati50@ybl&pn=Suresh%20Khan&am=31000&tn=car%20emi,0,legit_family_large,0,0,0,0,synthetic-v1
upi://pay?pa=asha41@okicici&am=33233,1,scam_quiet,0,0,0,0,synthetic-v1
upi://pay?pa=saistore@idfcbank&am=5000,0,legit_small_shop,0,0,0,0,synthetic-v1
upi://pay?pa=joseph.iyer@apl&pn=Lakshmi%20Shetty&am=3547&tn=electricity%20share,0,legit_p2p,0,0,0,0,synthetic-v1
upi://collect?pa=vikram418787@okhdfcbank&pn=CRPF%20Jawan%20Sunil&am=22367&tn=refundable%20deposit,1,scam_olx_army,0,0,0,0,synthetic-v1
upi://pay?pa=6437460785@ybl&pn=ICICI%20Bank%20Support&am=20899&tn=case%20closure,1,scam_impersonation,1,0,1,0,synthetic-v1
upi://pay?pa=irctc.pay@hdfcbank&pn=Indian%20Railways%20IRCTC&am=13057&mc=4900&tr=TXN9365695173&tn=Bill%20payment,0,legit_biller,0,0,0,0,synthetic-v1
upi://pay?pa=80275256@apl&pn=TRAI%20Helpline&am=23499&tn=Claim%20your%20reward,1,scam_refund_receive,0,0,0,0,synthetic-v1
upi://pay?pa=9959143814@ybl&pn=PhonePe%20Cashback&tn=whatsapp%206369600959,1,scam_link_in_note,3,2,0,0,synthetic-v1
upi://pay?pa=9317775026@apl&pn=Kavya%20Singh&am=35764&tn=hospital%20bill,0,legit_family_large,0,0,0,0,synthetic-v1
upi://collect?pa=7419774150@apl&pn=PhonePe%20Cashback&am=14579&tn=Get%20cashback%20now,1,scam_collect,0,0,0,0,synthetic-v1
upi://pay?pa=8745462235@kotak&pn=Kavya%20Gowda,0,legit_p2p,0,0,0,0,synthetic-v1
upi://pay?pa=priya.naik@okaxis&pn=Nikhil%20Joshi&am=2651&tn=movie,0,legit_p2p,0,0,1,0,synthetic-v1
upi://pay?pa=rohit.gupta@idfcbank&pn=Divya%20Patel&am=30000&tn=rent,0,legit_family_large,0,0,0,0,synthetic-v1
upi://pay?pa=bharatpe.32376836@fbpe&pn=Royal%20Fruits,0,legit_merchant_static,0,0,0,0,synthetic-v1
upi://pay?pa=lakshmi.rao@barodampay&pn=Amazon%20Refund%20Desk&am=23099.94&tn=case%20closure,1,scam_impersonation,3,3,0,1,synthetic-v1
upi://pay?pa=anil.pillai@fbl&pn=Sanjay%20Shetty&tn=movie,0,legit_p2p,0,0,0,0,synthetic-v1
upi://pay?pa=bharatpe.19714538@fbpe&pn=Metro%20Tailors&mc=5912,0,legit_merchant_static,0,0,0,0,synthetic-v1
upi://pay?pa=pinelabs.549847@hdfcbank&pn=Anand%20Sweets&am=17744&mc=5912&tr=ORD194054513&tn=Bill,0,legit_merchant_dynamic,0,0,0,0,synthetic-v1
upi://pay?pa=8875081122@apl&tn=maid%20salary,0,legit_p2p,0,0,0,0,synthetic-v1
upi://pay?pa=6437486211@axl&pn=PhonePe%20Cashback&am=36399&tn=Prize%20money%20credit,1,scam_refund_receive,12,11,0,0,synthetic-v1
upi://collect?pa=arjun780145@okicici&pn=Indian%20Army%20Canteen&am=9765&tn=security%20deposit,1,scam_olx_army,0,0,0,0,synthetic-v1
upi://pay?pa=6223932928@@oksbi&pn=Anand%20Sweets,1,scam_tampered_qr,18,16,0,0,synthetic-v1
upi://pay?pa=fatima.pillai@hdfcbank&am=4146&tn=maid%20salary,0,legit_p2p,0,0,0,0,synthetic-v1
upi://pay?pa=anjali.mishra@yesbank&pn=Rohit%20Reddy&tn=chai,0,legit_p2p,0,0,0,0,synthetic-v1
upi://pay?pa=sunita.gupta@kvb&pn=SBI%20KYC%20Cell&am=2231&tn=Re-activation%20charges,1,scam_kyc_fee,5,2,0,0,synthetic-v1
upi://pay?pa=rahul67@hdfcbank&pn=Deepa%20Iyer&tn=tuition,0,legit_p2p,0,0,0,0,synthetic-v1
upi://pay?pa=paytmqr2174899301@paytm&pn=Om%20Sai%20Kirana&mc=7538,0,legit_merchant_static,0,0,0,0,synthetic-v1
upi://pay?pa=freshmart90@okaxis&pn=Sri%20Lakshmi%20Medicals&mc=4121,0,legit_merchant_static,0,0,0,0,synthetic-v1
upi://pay?pa=rahul.iyer@ybl&pn=Rohit%20Kumar&tn=dinner,1,legit_p2p,0,0,0,0,synthetic-v1
upi://pay?pa=8688462128@dbs&pn=Rohit%20Das&am=979,0,legit_rare_handle,0,0,0,0,synthetic-v1
upi://pay?pa=deepa30@apl&pn=Rahul%20Singh&tn=trip%20share,0,legit_p2p,0,0,0,0,synthetic-v1
upi://pay?pa=swati571134@apl&pn=ICICI%20Bank%20Support&am=5599.64&tn=security%20deposit,1,scam_impersonation,1,1,0,0,synthetic-v1
upi://pay?pa=6429110036@fbl&pn=Nikhil%20Rao&tn=gift,0,legit_p2p,0,0,0,0,synthetic-v1
upi://pay?pa=7827664364@apl&pn=Govt%20Subsidy%20Office&am=25785&tn=Prize%20money%20credit,1,scam_refund_receive,0,0,0,0,synthetic-v1
upi://pay?pa=paytmqr4658403545@paytm&pn=Sharma%20General%20Store&mc=5732,0,legit_merchant_static,0,0,0,0,synthetic-v1
upi://pay?pa=38497035@kotak&pn=TRAI%20Helpline&am=17000&tn=Receive%20payment%20from%20buyer,1,scam_refund_receive,10,10,0,0,synthetic-v1
upi://pay?pa=swati92@fbl&pn=Arjun%20Das,0,legit_p2p,0,0,0,0,synthetic-v1
upi://collect?pa=6637281084@okhdfcbank&pn=CRPF%20Jawan%20Sunil&am=20000&tn=security%20deposit,1,scam_olx_army,27,7,0,0,synthetic-v1
upi://pay?pa=9755859333@upi&pn=TRAI%20Helpline&am=32099&tn=Receive%20payment%20from%20buyer,1,scam_refund_receive,17,7,0,0,synthetic-v1
upi://pay?pa=upi19849523@okaxis&pn=Police%20Cyber%20Cell&am=22399.76&tn=Claim%20your%20reward,1,scam_refund_receive,1,0,0,1,synthetic-v1
upi://pay?pa=harish732935@okaxis&pn=Arjun%20Naik&am=7000&tn=hospital,0,scam_quiet,5,1,0,0,synthetic-v1
upi://pay?pa=paytmqr8568372948@paytm&pn=City%20Bakery,0,legit_merchant_static,0,0,0,0,synthetic-v1
upi://pay?pa=upi14690566@axisbank&pn=PhonePe%20Cashback&am=9739&tn=processing%20fee,1,scam_impersonation,0,0,0,0,synthetic-v1
upi://pay?pa=9143505886@hdfcbank&pn=Meera%20Menon&am=6834&tn=visit%20bit.ly%2F20545%20to%20claim,1,scam_link_in_note,0,0,0,0,synthetic-v1
upi://autopay?pa=kiran431884@ibl&pn=Fatima%20Nair&am=7352&recur=DAILY&tn=KYC,1,scam_autopay,0,0,0,0,synthetic-v1
upi://pay?pa=arun.menon@jupiteraxis&pn=Ravi%20Shetty&am=2150,0,legit_rare_handle,0,0,0,1,synthetic-v1
upi://pay?pa=7719874156@ybl&pn=Om%20Paan%20Shop,0,legit_small_shop,0,0,0,0,synthetic-v1
upi://pay?pa=meerarao835@fbl&pn=Sanjay%20Patel&am=82012&tn=wedding,0,legit_family_large,0,0,0,0,synthetic-v1
upi://pay?pa=ayesha165479@ybl&pn=RBI%20Grievance%20Cell&tn=verification,1,scam_impersonation,4,3,1,0,synthetic-v1
upi://pay?pa=paytmqr4749544089@paytm&pn=Raj%20Mobile%20Point&mc=4121,0,legit_merchant_static,0,0,1,0,synthetic-v1
upi://pay?pa=lic.premium@axisbank&pn=LIC%20Premium&am=9638&mc=9399&tr=TXN9043172519&tn=Property%20tax,0,legit_biller,0,0,0,0,synthetic-v1
upi://mandate?pa=7631200455@okhdfcbank&pn=Amazon%20Prime&am=2399&recur=DAILY&tn=cashback%20activation,0,scam_autopay,0,0,0,0,synthetic-v1
upi://pay?pa=varun737934@paytm&pn=Amazon%20Lucky%20Winner&am=9099&tn=winner%20registration,1,scam_prize,1,0,0,0,synthetic-v1
upi://collect?pa=anil957934@kvb&pn=PhonePe%20Cashback&am=5362&tn=approve%20to%20receive,1,scam_collect,22,9,0,0,synthetic-v1
upi://pay?pa=9996988515@apl&pn=Asha%20Gowda&tn=maid%20salary,0,legit_p2p,0,0,0,0,synthetic-v1
upi://pay?pa=divya.pillai@idfcbank&pn=Divya%20Khan&am=49000&tn=college%20fees,0,legit_family_large,0,0,0,0,synthetic-v1
upi://pay?pa=lakshmi@axisbank&pn=Balaji%20Stores,0,legit_small_shop,0,0,0,0,synthetic-v1
upi://pay?pa=hdfc.care12@okicici&pn=Flipkart%20Refund%20Team&am=9410.96&tn=refund,1,scam_fake_merchant,1,1,0,0,synthetic-v1
upi://pay?pa=raviiyer234@apl&am=1000&tn=dinner,0,legit_p2p,0,0,0,0,synthetic-v1
upi://pay?pa=harishkumar5@upi&am=415&tn=fees,0,legit_p2p,0,0,0,0,synthetic-v1
upi://pay?pa=kavya15@ybl&pn=Anjali%20Iyer&am=3282&tn=trip%20share,0,legit_p2p,0,0,0,0,synthetic-v1
upi://pay?pa=raju156@pnb,0,legit_small_shop,0,0,0,0,synthetic-v1
upi://pay?pa=ayesha.patel@hdfcbank&pn=Om%20Sai%20Kirana&pa=7479779745@fbl,1,scam_tampered_qr,15,3,0,0,synthetic-v1
upi://pay?pa=kavya.mishra@ibl&pn=Nikhil%20Menon,1,legit_p2p,0,0,0,0,synthetic-v1
upi://pay?pa=bharatpe.43744897@fbpe&pn=Kumar%20Auto%20Works&mc=5411&tn=Payment,0,legit_merchant_static,0,0,0,0,synthetic-v1
upi://pay?pa=pinelabs.661903@hdfcbank&pn=Anand%20Sweets&am=4331&mc=5411&tr=ORD505834704&tn=Bill,0,legit_merchant_dynamic,0,0,0,0,synthetic-v1
upi://collect?pa=8678993721@paytm&pn=TRAI%20Helpline&am=19005&tn=Prize%20money%20credit,1,scam_collect,0,0,0,1,synthetic-v1
upi://pya?pa=6675677218@apl&pn=Income%20Tax%20Department,1,scam_tampered_qr,5,5,0,0,synthetic-v1
upi://pay?pa=lakshmi@icici&pn=Lakshmi%20Tiffin%20Centre&am=10000,0,legit_small_shop,0,0,0,0,synthetic-v1
upi://pay?pa=neha84@okicici&pn=Farhan%20Pillai&am=14895.94,1,scam_quiet,18,10,0,0,synthetic-v1
upi://pay?pa=razorpay.5524029@icici&pn=Sri%20Lakshmi%20Medicals&am=17051&mc=7230&tr=ORD491320076,0,legit_merchant_dynamic,0,0,0,0,synthetic-v1
upi://pay?pa=bharatpe.64434270@fbpe&pn=Metro%20Tailors&mc=5912,0,legit_merchant_static,0,0,0,0,synthetic-v1
upi://pay?pa=6347773739@axisbank&pn=Sneha%20Patel&am=14207&tn=hospital,1,scam_quiet,0,0,0,0,synthetic-v1
upi://pay?pa=rahul117039@okaxis&pn=Electricity%20Board%20Officer&tn=whatsapp%207270541563,1,scam_link_in_note,0,0,0,0,synthetic-v1
upi://pay?pa=6501169419@fbl&pn=Govt%20Subsidy%20Office&am=18943&tn=security%20deposit,1,scam_impersonation,0,0,0,0,synthetic-v1
upi://pay?pa=8231495968@@kvb&pn=Customs%20Clearance%20Officer&am=2859,1,scam_tampered_qr,0,0,0,0,synthetic-v1
upi://pay?pa=q272379762@ybl&pn=Green%20Leaf%20Veg&mc=7538,0,legit_merchant_static,0,0,0,0,synthetic-v1
upi://pay?pa=6992019299@dbs&pn=Flipkart%20Refund%20Team&am=24599&tn=Refund%20processing%20-%20scan%20to%20get,1,scam_refund_receive,19,11,0,0,synthetic-v1
upi://pay?pa=rohit.kumar@ybl&pn=Anjali%20Khan&am=3826.07&tn=fees,0,legit_p2p,0,0,0,0,synthetic-v1
upi://pay?pa=phonepe.cashback13@kvb&pn=RBI%20Grievance%20Cell&mc=0000&am=6003&tn=refund,1,scam_fake_merchant,8,2,0,0,synthetic-v1
upi://pay?pa=deepa.bose@okicici&pn=Govt%20Subsidy%20Office&am=4255&tn=case%20closure,1,scam_impersonation,0,0,0,0,synthetic-v1
upi://pay?pa=9327041876@oksbi&pn=Gurpreet%20Joshi&am=2000,0,legit_p2p,0,0,0,0,synthetic-v1
upi://pay?pa=pinelabs.507248@hdfcbank&pn=Om%20Sai%20Kirana&am=8361&mc=5812&tr=ORD116121175&tn=Bill,0,legit_merchant_dynamic,0,0,0,0,synthetic-v1
upi://autopay?pa=6966434988@idfcbank&pn=Electricity%20Board&am=9599.29&recur=DAILY&tn=cashback%20activation,1,scam_autopay,2,1,0,0,synthetic-v1
upi://pay?pa=7210488247@hdfcbank&pn=Suresh%20Bose&am=29000&tn=trading%20profit,1,scam_quiet,9,7,0,0,synthetic-v1
upi://pay?pa=8133557894@pnb&pn=Neha%20Verma&am=40334&tn=tuition,0,legit_p2p,0,0,0,0,synthetic-v1
upi://pay?pa=6426264067@apl&am=10068&tn=trading%20profit,1,scam_quiet,0,0,0,0,synthetic-v1
upi://pay?pa=paytmqr3521118997@paytm&pn=Hotel%20Annapoorna&am=16967&mc=5499&tr=ORD543182311&tn=Invoice%204016,0,legit_merchant_dynamic,0,0,0,0,synthetic-v1
upi://pay?pa=vikram.bose@upi&pn=Arun%20Mishra&am=71682&tn=college%20fees,0,legit_family_large,1,0,0,0,synthetic-v1
upi://pay?pa=vikram740621@upi&pn=BSF%20Officer%20Vijay&am=25254&tn=verification%20amount,1,scam_olx_army,0,0,0,0,synthetic-v1
upi://pay?pa=q355804539@ybl&pn=Fresh%20Mart&mc=5814,0,legit_merchant_static,0,0,0,0,synthetic-v1
upi://pay?pa=ayesha334722@icici&pn=ICICI%20Bank%20Support&am=45000&tn=Refund%20processing%20-%20scan%20to%20get,1,scam_refund_receive,0,0,0,0,synthetic-v1
upi://pay?pa=upi85202199@dbs&pn=Govt%20Subsidy%20Office&am=11199.58&tn=Refund%20of%20Rs%2011199.58,1,scam_refund_receive,0,0,0,0,synthetic-v1
upi://autopay?pa=9625222828@ybl&pn=Jio%20Recharge&am=7599&recur=DAILY&tn=verify%20account,1,scam_autopay,13,13,0,0,synthetic-v1
upi://pay?pa=bharatpe.21169489@fbpe&pn=Om%20Sai%20Kirana&mc=5499&tn=Payment,0,legit_merchant_static,0,0,0,0,synthetic-v1
upi://pay?pa=pinelabs.813628@hdfcbank&pn=City%20Bakery&am=18820.23&mc=5411&tr=ORD588415638&tn=Order%20payment,0,legit_merchant_dynamic,0,0,0,0,synthetic-v1
upi://pay?pa=phonepe.cashback57@okhdfcbank&pn=ICICI%20Bank%20Support,1,scam_fake_merchant,0,0,0,0,synthetic-v1
upi://pay?pa=cf.royal721@axisbank&pn=Raj%20Mobile%20Point&am=13324&mc=5411&tr=ORD77204621&sign=MEUCIQb22Y7X86bZYff9X61e49,0,legit_merchant_dynamic,0,0,0,0,synthetic-v1
upi://pay?pa=manojgupta478@timecosmos&pn=Prakash%20Singh,0,legit_rare_handle,0,0,0,0,synthetic-v1
upi://pay?pa=6768056302@idfcbank&pn=Manoj%20Bose&am=30257&tn=movie,0,legit_p2p,0,0,0,0,synthetic-v1
upi://pay?pa=waterboard.collect@icici&pn=Municipal%20Water%20Board&am=1171&mc=4900&tr=TXN3760347791&tn=Property%20tax,0,legit_biller,0,0,0,0,synthetic-v1
upi://pay?pa=srimart66@okaxis&pn=Raj%20Mobile%20Point&mc=5812,0,legit_merchant_static,0,0,0,0,synthetic-v1
upi://pay?pa=gurpreet.singh@oksbi&pn=Varun%20Shetty&am=1000&tn=fees,0,legit_p2p,0,0,0,0,synthetic-v1
upi://pay?pa=divyanaik598@apl&pn=Shreya%20Naik,0,legit_p2p,0,0,0,0,synthetic-v1
upi://pay?pa=anjali.patel@upi&pn=Rahul%20Rao&am=3000&tn=birthday%20gift,0,legit_p2p,0,0,0,0,synthetic-v1
upi://pay?pa=manoj.pillai@oksbi&pn=Mary%20Sharma&am=16000&tn=Scan%20to%20receive%20your%20refund,1,scam_refund_receive,4,2,0,0,synthetic-v1
upi://pay?pa=8188117587@idfcbank&pn=HDFC%20Customer%20Care&tn=verification,1,scam_impersonation,0,0,0,0,synthetic-v1
upi://pay?pa=8498492333@dbs&pn=Jio%20Prize%20Department&am=17720&tn=lottery%20processing,1,scam_prize,0,0,0,0,synthetic-v1
upi://pay?pa=anandshop17@okaxis&pn=Anand%20Sweets,0,legit_merchant_static,0,0,0,0,synthetic-v1
upi://pay?pa=prakashkumar8@paytm&pn=Manoj%20Kumar&am=863&tn=rent,0,legit_p2p,0,0,0,0,synthetic-v1
upi://pay?pa=lakshmi633563@kotak&pn=PhonePe%20Cashback&am=19899&tn=security%20deposit,1,scam_impersonation,0,0,0,0,synthetic-v1
upi://pay?pa=nikhilverma191@axisbank&pn=Rahul%20Menon,0,legit_p2p,0,0,0,0,synthetic-v1
upi://pay?pa=9939128225@okicici&pn=ICICI%20Bank%20Support&am=18199&tn=processing%20fee,1,scam_impersonation,1,1,0,0,synthetic-v1
upi://pay?pa=manoj@okaxis&pn=Raju%20Juice%20Corner&tn=order,0,legit_small_shop,0,0,0,0,synthetic-v1
upi://pay?pa=incometax.refund79@kotak&pn=Electricity%20Board%20Officer&mc=0000&am=499,1,scam_fake_merchant,12,8,0,0,synthetic-v1
upi://pay?pa=user41078616@sbi&pn=Lucky%20Draw%20Office&am=14850&tn=prize%20claim%20fee,1,scam_prize,0,0,0,0,synthetic-v1
upi://pay?pa=divyakumar41@barodampay&pn=Divya%20Khan&am=953&tn=trip%20share,0,legit_p2p,0,0,0,0,synthetic-v1
upi://pay?pa=arunkhan47@dbs&pn=Vikram%20Sharma&am=2237,0,legit_rare_handle,0,0,0,1,synthetic-v1
upi://pay?pa=hotelmart15@okaxis&pn=Balaji%20Fancy%20Store&mc=5912,0,legit_merchant_static,0,0,0,0,synthetic-v1
upi://pay?pa=8210838493@sbi&pn=Asha%20Rao,0,legit_p2p,0,0,0,0,synthetic-v1
upi://pay?pa=suresh@yesbank&pn=New%20Style%20Tailors&am=2000&tn=payment,0,legit_small_shop,0,0,0,0,synthetic-v1
upi://pay?pa=arjun14@okicici&pn=Rohit%20Bose&am=1818&tn=rent,0,legit_p2p,1,0,3,0,synthetic-v1
upi://pay?pa=acc76623210@axl&pn=Customs%20Clearance%20Officer&tn=verification,1,scam_impersonation,13,7,0,1,synthetic-v1
upi://pay?pa=rohit.verma@pnb&pn=Anjali%20Bose&tn=cab%20share,0,legit_p2p,1,0,1,0,synthetic-v1
upi://pay?pa=sbi.kyc.update61@dlb&pn=Govt%20Subsidy%20Office&mc=0000&tn=refund,1,scam_fake_merchant,6,2,0,0,synthetic-v1
upi://pay?pa=pay93761809@fbl&pn=Income%20Tax%20Department&am=15699.47&tn=security%20deposit,1,scam_impersonation,0,0,0,0,synthetic-v1
upi://pay?pa=q265892290@ybl&pn=Kumar%20Auto%20Works&mc=5499,0,legit_merchant_static,0,0,0,0,synthetic-v1
upi:\pay?pa=9203961928@axl&pn=Customs%20Clearance%20Officer&am=7276,1,scam_tampered_qr,0,0,0,0,synthetic-v1
upi://pay?pa=bharatpe.68235706@fbpe&pn=Kumar%20Auto%20Works&mc=5942,0,legit_merchant_static,0,0,0,0,synthetic-v1
upi://mandate?pa=priya502223@kotak&pn=Netflix&am=6175&recur=MONTHLY&tn=verify%20account,1,scam_autopay,6,3,0,0,synthetic-v1
upi://pay?pa=greenstore7@okaxis&pn=Anand%20Sweets&mc=7538&tn=Payment,0,legit_merchant_static,1,1,2,0,synthetic-v1
upi://pay?pa=ayesha45@pnb&pn=Rohit%20Gowda&am=59000&tn=rent,0,legit_family_large,0,0,0,0,synthetic-v1
upi://pay?pa=ravinair311@cmsidfc&pn=Deepa%20Iyer&am=628.37,0,legit_rare_handle,0,0,0,0,synthetic-v1
upi://pay?pa=phonepe.cashback@paytm&pn=Customs%20Clearance%20Officer&mc=0000&tn=refund,1,scam_fake_merchant,0,0,0,0,synthetic-v1
upi://pay?pa=pooja.sharma@@pnb&pn=Balaji%20Fancy%20Store&am=7607,1,scam_tampered_qr,0,0,0,0,synthetic-v1
upi://pay?pa=paytmqr4654678952@paytm&pn=City%20Bakery&mc=5814&tn=Payment,0,legit_merchant_static,0,0,0,0,synthetic-v1
upi://pay?pa=acc31246229@ybl&pn=Sharma%20General%20Store&pa=mary.mishra@apl,1,scam_tampered_qr,0,0,0,0,synthetic-v1
upi://pay?pa=pinelabs.475632@hdfcbank&pn=Janata%20Hardware&am=17618&mc=4121&tr=ORD453328048&tn=Invoice%204778,0,legit_merchant_dynamic,0,0,0,0,synthetic-v1
upi://pay?pa=7206661490@oksbi&pn=Priya%20Gowda&am=149&tn=electricity%20share,0,legit_p2p,0,0,0,0,synthetic-v1
upi://pay?pa=9624121434@fbl&pn=Kumar%20Auto%20Works&pa=6862861932@oksbi,1,scam_tampered_qr,0,0,0,0,synthetic-v1
upi://pay?pa=rohit230875@rbl&pn=Paytm%20KYC%20Team&am=5124&tn=pending%20bill,1,scam_impersonation,12,8,0,0,synthetic-v1
upi://pay?pa=paytmqr2823976319@paytm&pn=Anand%20Sweets&am=19384&mc=5732&tr=ORD285901809,1,legit_merchant_dynamic,0,0,0,0,synthetic-v1
upi://pay?pa=priya34@apl&pn=Shreya%20Iyer&am=49000&tn=car%20emi,0,legit_family_large,0,0,0,0,synthetic-v1
upi://pay?pa=6660173524@axisbank&pn=Bank%20KYC%20Update&am=1499&tn=KYC%20verification,1,scam_kyc_fee,0,0,0,0,synthetic-v1
upi://pay?pa=akshayapatra@axisbank&pn=CRY%20Donations&am=3593,0,legit_temple,0,0,0,0,synthetic-v1
upi://pay?pa=prakash85@pnb&pn=Neha%20Bose&am=3354&tn=chai,0,legit_p2p,0,0,0,0,synthetic-v1
upi://pay?pa=omshop47@okaxis&pn=Kumar%20Auto%20Works&mc=5411&tn=Payment,0,legit_merchant_static,0,0,0,0,synthetic-v1
upi://collect?pa=9111944713@oksbi&pn=PhonePe%20Cashback&am=14544.20&tn=Enter%20PIN%20to%20receive%20money,1,scam_collect,2,2,0,0,synthetic-v1
upi://pay?pa=9924991357@sbi&pn=Anil%20Rao&am=995&tn=electricity%20share,0,legit_p2p,0,0,0,0,synthetic-v1
upi://pay?pa=asha456282@hdfcbank&pn=Bank%20KYC%20Update&am=199&tn=KYC%20verification,1,scam_kyc_fee,0,0,0,0,synthetic-v1
upi://pay?pa=7872738840@sbi&pn=Lakshmi%20Pillai&am=1000&tn=loan%20return,0,legit_p2p,0,0,0,0,synthetic-v1
upi://pay?pa=paytmqr7332609058@paytm&pn=Kumar%20Auto%20Works&mc=5499&tn=Payment,0,legit_merchant_static,0,0,0,0,synthetic-v1
upi://collect?pa=7580022985@apl&pn=CRPF%20Jawan%20Sunil&am=23000&tn=advance%20for%20item,1,scam_olx_army,0,0,0,0,synthetic-v1
upi://pay?pa=upi64882806@@upi&pn=ICICI%20Bank%20Support&am=3795,1,scam_tampered_qr,1,0,0,0,synthetic-v1
upi://pay?pa=paytmqr9932935555@paytm&pn=Janata%20Hardware&am=3096&mc=5499&tr=ORD618717531&tn=Invoice%207811&sign=MEUCIQX0Xbac2Ze007X779Z0Zc,0,legit_merchant_dynamic,0,0,0,0,synthetic-v1
upi://pay?pa=waterboard.collect@icici&pn=Municipal%20Water%20Board&am=5311.02&mc=9311&tr=TXN606981836&tn=Bill%20payment,0,legit_biller,0,0,0,0,synthetic-v1
upi://pay?pa=anjali50@yesbank&pn=Harish%20Shetty&am=3920&tn=rent,0,legit_p2p,0,0,0,0,synthetic-v1
upi://pay?pa=9485568179@icici&pn=Kavya%20Gupta&am=2622&tn=gift,0,legit_p2p,0,0,0,0,synthetic-v1
upi://autopay?pa=8720276785@yesbank&pn=Rohit%20Khan&am=1799.79&recur=MONTHLY&tn=verify%20account,1,scam_autopay,0,0,0,0,synthetic-v1
upi://pay?pa=priyagupta699@tjsb&pn=Farhan%20Naik&am=1883,0,legit_rare_handle,0,0,0,0,synthetic-v1
upi://pay?pa=pooja652062@okhdfcbank&pn=ICICI%20Bank%20Support&tn=pending%20bill,1,scam_impersonation,3,3,0,0,synthetic-v1
upi://pay?pa=anil851092@kotak&pn=PhonePe%20Cashback&am=12000&tn=Get%20cashback%20now,1,scam_refund_receive,2,2,0,0,synthetic-v1
upi://mandate?pa=6348414212@rbl&pn=Electricity%20Board&am=9799&recur=MONTHLY&tn=verify%20account,1,scam_autopay,13,8,0,0,synthetic-v1
upi://pay?pa=nikhilnair231@axl&pn=Vikram%20Iyer&tn=electricity%20share,0,legit_p2p,0,0,0,0,synthetic-v1
upi://pay?pa=pinelabs.452964@hdfcbank&pn=Raj%20Mobile%20Point&am=12888&mc=5812&tr=ORD97775513,0,legit_merchant_dynamic,0,0,0,0,synthetic-v1
upi://pay?pa=waterboard.collect@icici&pn=Municipal%20Water%20Board&am=4301&mc=6300&tr=TXN8744091932&tn=Consumer%20no%20893320,0,legit_biller,0,0,0,0,synthetic-v1
upi://pay?pa=8835264288@hdfcbank&pn=Paytm%20KYC%20Team&am=15143&tn=Refund%20of%20Rs%2015143,1,scam_refund_receive,0,0,0,0,synthetic-v1
upi://pay?pa=joseph72@okicici&pn=Kiran%20Mishra&am=4449&tn=gift,0,legit_p2p,0,0,0,0,synthetic-v1
upi://pay?pa=7800576741@paytm&pn=PhonePe%20Cashback&am=15199&tn=security%20deposit,1,scam_impersonation,0,0,0,0,synthetic-v1
upi://pay?pa=7917758323@upi&pn=Metro%20Chaat,0,legit_small_shop,0,0,1,0,synthetic-v1
upi://pay?pa=paytm.kyc25@cmsidfc&pn=Amazon%20Refund%20Desk&tn=cashback,1,scam_fake_merchant,8,5,0,0,synthetic-v1
upi://pay?pa=waterboard.collect@icici&pn=Municipal%20Water%20Board&am=285&mc=4900&tr=TXN1947519206&tn=Bill%20payment,0,legit_biller,0,0,0,0,synthetic-v1
upi://pay?pa=38052764@barodampay&pn=Nikhil%20Shetty&am=1778.37&tn=check%20www.refund-status.online,1,scam_link_in_note,2,1,0,0,synthetic-v1
upi://pay?pa=lic.premium@axisbank&pn=LIC%20Premium&am=12511&mc=9311&tr=TXN5123380790&tn=Property%20tax,0,legit_biller,0,0,0,0,synthetic-v1
upi://pay?pa=sunita56@sbi&am=2985.04&tn=cab%20share,0,legit_p2p,0,0,0,0,synthetic-v1
upi://collect?pa=anil.rao@pnb&pn=CRPF%20Jawan%20Sunil&am=20107.15&tn=refundable%20deposit,1,scam_olx_army,1,0,0,0,synthetic-v1
upi://pay?pa=7531309961@okhdfcbank&pn=Rahul%20Patel&am=10658&tn=loan%20return,0,legit_p2p,0,0,0,0,synthetic-v1
upi://pay?pa=q718814686@ybl&pn=Sri%20Lakshmi%20Medicals&mc=5732&tn=Payment,0,legit_merchant_static,0,0,0,0,synthetic-v1
upi://pay?pa=cf.metro761@axisbank&pn=Green%20Leaf%20Veg&am=18334&mc=5732&tr=ORD728741322&tn=Bill,0,legit_merchant_dynamic,0,0,0,0,synthetic-v1
upi://pay?pa=7850647123@hdfcbank&pn=Vikram%20Nair&tn=groceries,0,legit_p2p,0,0,0,0,synthetic-v1
upi://pay?pa=rohitsingh15@ybl&pn=Kavya%20Verma&am=4119&tn=tuition,0,legit_p2p,0,0,0,0,synthetic-v1
upi://pay?pa=razorpay.8654662@icici&pn=Green%20Leaf%20Veg&am=15504.53&mc=5411&tr=ORD308110626&tn=Invoice%204743,0,legit_merchant_dynamic,0,0,0,0,synthetic-v1
upi://pay?pa=harishiyer512@ybl&pn=Ayesha%20Naik&am=31095&tn=college%20fees,0,legit_family_large,0,0,0,0,synthetic-v1
upi://pay?pa=q720382894@ybl&pn=Sharma%20General%20Store&mc=5812,0,legit_merchant_static,0,0,0,0,synthetic-v1
upi://pay?pa=arun.shetty@fbl&pn=RBI%20Grievance%20Cell&am=23799&tn=Refund%20of%20Rs%2023799,1,scam_refund_receive,11,1,1,0,synthetic-v1
upi://pay?pa=anjali269387@okicici&pn=Jio%20Prize%20Department&am=24499&tn=lottery%20processing,1,scam_prize,3,3,0,0,synthetic-v1
upi://pay?pa=paytmqr8015914376@paytm&pn=City%20Bakery&mc=5814,0,legit_merchant_static,0,0,0,0,synthetic-v1
upi://pay?pa=pay27289274@ybl&pn=Customs%20Clearance%20Officer&am=12635.45&tn=security%20deposit,1,scam_impersonation,0,0,0,0,synthetic-v1
upi://collect?pa=harish.sharma@rbl&pn=Flipkart%20Refund%20Team&am=4046&tn=approve%20to%20receive,1,scam_collect,0,0,0,0,synthetic-v1
upi://pay?pa=shreya.pillai@barodampay&pn=Ayesha%20Shetty&am=60000.51&tn=wedding,0,legit_family_large,0,0,0,0,synthetic-v1
upi://pay?pa=farhan35590@pnb&pn=Paytm%20KYC%20Team&am=1999&tn=Account%20unblock%20fee,1,scam_kyc_fee,18,7,0,0,synthetic-v1
upi://pay?pa=7338137133@idfcbank&pn=Anil%20Reddy&am=1716&tn=loan%20return,0,legit_p2p,0,0,0,0,synthetic-v1
upi://pay?pn=Shop&x=acc13071635@icici&pn=Sharma%20General%20Store,1,scam_tampered_qr,7,7,0,0,synthetic-v1
upi://pay?pa=kiran.iyer@paytm&pn=Jio%20Prize%20Department&am=7113&tn=winner%20registration,1,scam_prize,4,3,0,0,synthetic-v1
upi://pay?pa=meerakhan771@yesbank&pn=Shreya%20Khan,0,legit_p2p,0,0,0,0,synthetic-v1
upi://pay?pa=arunreddy173@cmsidfc&pn=Ravi%20Gowda,0,legit_rare_handle,0,0,0,0,synthetic-v1
upi://pay?pa=vikram79@paytm&pn=Ravi%20Shetty,0,legit_p2p,0,0,0,0,synthetic-v1
upi://pay?pa=pay57822279@okhdfcbank&pn=Flipkart%20Refund%20Team&am=25000.24&tn=Claim%20your%20reward,1,scam_refund_receive,3,3,0,0,synthetic-v1
upi://pay?pa=ravi.das@pnb&pn=Arun%20Gupta&am=17000&tn=hospital%20bill,0,legit_family_large,0,0,0,0,synthetic-v1
upi://pay?pa=customer.care.help@timecosmos&pn=Paytm%20KYC%20Team&mc=0000,1,scam_fake_merchant,25,16,0,0,synthetic-v1
upi://pya?pa=upi93205506@hdfcbank&pn=Kumar%20Auto%20Works,1,scam_tampered_qr,0,0,0,0,synthetic-v1
upi://pay?pa=balajimart6@okaxis&pn=Janata%20Hardware&mc=5814&tn=Payment,0,legit_merchant_static,0,0,0,0,synthetic-v1
upi://pay?pa=9194381295@kvb&pn=Lucky%20Draw%20Office&am=17399.16&tn=tax%20on%20winning,1,scam_prize,0,0,0,0,synthetic-v1
upi://pay?pa=swatinair635@yesbank&pn=Deepa%20Rao&am=2000.76&tn=trip%20share,0,legit_p2p,0,0,0,0,synthetic-v1
upi://collect?pa=pay91829724@sbi&pn=BSF%20Officer%20Vijay&am=10167.41&tn=Enter%20PIN%20to%20receive%20money,1,scam_collect,0,0,0,0,synthetic-v1
upi://pay?pa=7776521165@okaxis&pn=Police%20Cyber%20Cell&am=6873.76&tn=check%20www.refund-status.online,1,scam_link_in_note,0,0,0,0,synthetic-v1
upi://pay?pa=pinelabs.332254@hdfcbank&pn=Janata%20Hardware&am=9198&mc=5912&tr=ORD471619161,0,legit_merchant_dynamic,0,0,0,0,synthetic-v1
upi://pay?pa=akshayapatra@axisbank&pn=Akshaya%20Patra,0,legit_temple,0,0,0,0,synthetic-v1
upi://pay?pa=suresh38@pnb&am=1165&tn=electricity%20share,0,legit_p2p,0,0,0,0,synthetic-v1
upi://pay?pa=7121173324@kvb&pn=Army%20Officer%20Rakesh&am=24000.32&tn=advance%20for%20item,1,scam_olx_army,0,0,0,0,synthetic-v1
upi://pay?pa=9794335057@axl&pn=Amazon%20Refund%20Desk&am=3007&tn=case%20closure,1,scam_impersonation,0,0,0,0,synthetic-v1
upi://pay?pa=gpay.reward@upi&pn=Electricity%20Board%20Officer&mc=0000&am=9462,1,scam_fake_merchant,3,3,0,0,synthetic-v1
upi://mandate?pa=8417008695@yesbank&pn=Ayesha%20Rao&am=7305.70&recur=MONTHLY&tn=cashback%20activation,1,scam_autopay,6,1,0,0,synthetic-v1
upi://pay?pa=9747086309@oksbi&pn=Arun%20Nair&am=4336&tn=dinner,0,legit_p2p,0,0,0,0,synthetic-v1
upi://pay?pa=9448284678@okaxis&pn=Priya%20Beauty%20Parlour&tn=order,0,legit_small_shop,0,0,0,0,synthetic-v1
upi://pay?pa=paytmqr2842809727@paytm&pn=Om%20Sai%20Kirana&mc=5499,0,legit_merchant_static,0,0,0,0,synthetic-v1
upi://pay?pa=neha.gowda@dlb&pn=Anjali%20Shetty,0,legit_rare_handle,0,0,1,0,synthetic-v1
upi://pay?pa=8690393699@paytm&pn=Priya%20Joshi&am=36000&tn=fees,0,legit_p2p,0,0,0,0,synthetic-v1
upi://pay?pa=paytmqr8554893805@paytm&pn=Blue%20Star%20Salon&mc=5912,0,legit_merchant_static,1,0,2,0,synthetic-v1
upi://pay?pa=paytmqr7912803593@paytm&pn=Om%20Sai%20Kirana&mc=5732,0,legit_merchant_static,0,0,0,0,synthetic-v1
upi://pay?pa=razorpay.4861813@icici&pn=Anand%20Sweets&am=9550.74&mc=5912&tr=ORD224588010&tn=Order%20payment,0,legit_merchant_dynamic,3,0,1,0,synthetic-v1
upi://pay?pa=tirumala.donations@sbi&pn=Akshaya%20Patra&mc=8398&am=4299.35,0,legit_temple,0,0,0,0,synthetic-v1
upi://pay?pa=paytmqr6338825710@paytm&pn=Blue%20Star%20Salon&mc=5912,0,legit_merchant_static,0,0,0,0,synthetic-v1
upi://pay?pa=shreyakhan814@sbi&am=3283&tn=petrol,0,legit_p2p,0,0,0,0,synthetic-v1
upi://pay?pa=kavya555799@kotak&pn=Police%20Cyber%20Cell&am=47599&tn=Scan%20to%20receive%20your%20refund,1,scam_refund_receive,4,4,0,0,synthetic-v1
upi://pay?pa=anil50855@kvb&pn=Amazon%20Refund%20Desk&am=45299&tn=Refund%20of%20Rs%2045299,1,scam_refund_receive,9,5,0,0,synthetic-v1
upi://pay?pa=pinelabs.120378@hdfcbank&pn=Raj%20Mobile%20Point&am=1476.87&mc=7230&tr=ORD30746758&tn=Bill,0,legit_merchant_dynamic,0,0,0,0,synthetic-v1
upi://pay?pa=poojapatel286@icici&pn=Deepa%20Nair&tn=groceries,0,legit_p2p,0,0,0,0,synthetic-v1
upi://pay?pa=7862959979@dlb&pn=Manoj%20Mishra,0,legit_rare_handle,0,0,0,0,synthetic-v1
upi://pay?pa=7359478710@ibl&pn=Income%20Tax%20Department&am=26000&tn=Enter%20PIN%20to%20receive%20money,1,scam_refund_receive,0,0,0,0,synthetic-v1
upi://pay?pa=manojmenon321@oksbi&pn=Swati%20Nair&am=3990&tn=movie,0,legit_p2p,0,0,0,0,synthetic-v1
upi://pay?pa=nikhil@hdfcbank&pn=Metro%20Chaat&am=300&tn=bill,1,legit_small_shop,1,0,2,0,synthetic-v1
upi://pay?pa=q261676913@ybl&pn=Metro%20Tailors&mc=7230,0,legit_merchant_static,0,0,0,0,synthetic-v1
upi://pay?pa=user26479496@apl&pn=Customs%20Clearance%20Officer&am=2181&tn=verification,1,scam_impersonation,4,4,1,0,synthetic-v1
upi://pay?pa=treasury.ker@sbi&pn=Kerala%20Govt%20Treasury&am=3342&mc=9311&tr=TXN7554467353&tn=Bill%20payment,0,legit_biller,0,0,0,0,synthetic-v1
upi://pay?pa=9688585821@ybl&pn=ICICI%20Bank%20Support&pa=6233700853@okicici,1,scam_tampered_qr,13,10,0,0,synthetic-v1
upi://pay?pa=swatijoshi489@kotak&pn=Mary%20Gowda&tn=trip%20share,0,legit_p2p,0,0,0,0,synthetic-v1
upi://pay?pa=neha784073@pnb&pn=Amazon%20Refund%20Desk&am=24199&tn=Claim%20your%20reward,1,scam_refund_receive,0,0,0,0,synthetic-v1
upi://pay?pa=customer.care.help@paytm&pn=PhonePe%20Cashback&mc=0000&am=5599&tn=refund,1,scam_fake_merchant,0,0,0,0,synthetic-v1
upi://pay?pa=6507120453@barodampay&pn=Sunita%20Das&am=4000&tn=movie,0,legit_p2p,1,0,3,0,synthetic-v1
upi://pay?pa=freshmart60@okaxis&pn=Raj%20Mobile%20Point&mc=5311,0,legit_merchant_static,0,0,0,0,synthetic-v1
upi://pay?pa=swati.iyer@icici&pn=Neha%20Sharma&tn=cab%20share,0,legit_p2p,0,0,0,0,synthetic-v1
upi://pay?pa=7357875776@yesbank&pn=Mary%20Gupta&am=1000.03&tn=tuition,0,legit_p2p,0,0,0,0,synthetic-v1
upi://pay?pa=8734632045@kotak&pn=Income%20Tax%20Department&am=28099&tn=Receive%20payment%20from%20buyer,1,scam_refund_receive,0,0,0,0,synthetic-v1
upi://mandate?pa=kiran660673@idfcbank&pn=Netflix&am=7558&recur=DAILY&tn=cashback%20activation,1,scam_autopay,8,5,0,1,synthetic-v1
upi://pay?pa=swati11@axisbank&pn=Manoj%20Kumar&am=10206&tn=gift,0,legit_p2p,1,0,0,0,synthetic-v1
upi://pay?pa=sunita332@okhdfcbank&pn=Ganesh%20Tea%20Stall&am=300&tn=order,0,legit_small_shop,0,0,0,0,synthetic-v1
upi://pay?pa=ravi.kumar@barodampay&pn=ICICI%20Bank%20Support&am=22799.23&tn=case%20closure,1,scam_impersonation,4,4,0,0,synthetic-v1
upi://pay?pa=bharatpe.51841928@fbpe&pn=Raj%20Mobile%20Point&mc=5331,0,legit_merchant_static,0,0,0,0,synthetic-v1
upi://pay?pa=lic.premium@axisbank&pn=LIC%20Premium&am=3600&mc=6300&tr=TXN8987378866&tn=Consumer%20no%208954363,0,legit_biller,0,0,0,0,synthetic-v1
upi://pay?pa=divyakhan424@icici&pn=Shreya%20Singh&tn=groceries,0,legit_p2p,0,0,0,0,synthetic-v1
upi://pay?pa=rahul.gupta@upi&pn=Priya%20Mishra&am=56129&tn=college%20fees,0,legit_family_large,0,0,0,0,synthetic-v1
upi://pay?pa=6678365810@oksbi&pn=BSF%20Officer%20Vijay&am=3000.62&tn=refundable%20deposit,1,scam_olx_army,4,2,0,0,synthetic-v1
upi://pay?pa=gurudwara.seva@pnb&pn=Akshaya%20Patra&mc=8398&am=3956,0,legit_temple,0,0,0,0,synthetic-v1
upi://pay?pa=deepa892@pnb&am=1000,0,legit_small_shop,0,0,0,0,synthetic-v1
upi://pay?pa=lakshmimenon957@oksbi&pn=Lakshmi%20Rao&tn=tuition,0,legit_p2p,0,0,0,0,synthetic-v1
upi://pay?pa=7616963186@ybl&pn=Income%20Tax%20Department&am=15529&tn=case%20closure,1,scam_impersonation,0,0,0,0,synthetic-v1
upi://pay?pa=akshayapatra@axisbank&pn=Gurudwara%20Seva,0,legit_temple,0,0,0,0,synthetic-v1
upi://pay?pa=divya.menon@idfcbank&pn=Jio%20Prize%20Department&am=10430&tn=winner%20registration,1,scam_prize,0,0,0,0,synthetic-v1
upi://pay?pa=6402839948@ibl&pn=Ravi%20Joshi&am=14000&tn=task%20payment,1,scam_quiet,14,14,0,0,synthetic-v1
upi://pay?pa=sneha.reddy@axl&tn=rent,0,legit_p2p,0,0,0,0,synthetic-v1
upi://pay?pa=6819334791@pnb&pn=RBI%20Grievance%20Cell&am=5528&tn=Get%20cashback%20now,1,scam_refund_receive,5,4,0,0,synthetic-v1
upi://pay?pa=aniljoshi153@ibl&pn=Rahul%20Joshi&am=3940,0,legit_p2p,0,0,0,0,synthetic-v1
upi://pay?pa=upi27908045@paytm&pn=PhonePe%20Cashback&am=17099,1,scam_impersonation,1,0,0,0,synthetic-v1
upi://pay?pa=sneha245964@hdfcbank&pn=Indian%20Army%20Canteen&am=15000.41&tn=army%20canteen,1,scam_olx_army,18,10,0,0,synthetic-v1
upi://pay?pa=7895099043@idfcbank&pn=Govt%20Subsidy%20Office&am=10000&tn=Get%20cashback%20now,1,scam_refund_receive,1,0,1,0,synthetic-v1
upi://pay?pa=paytmqr3466890858@paytm&pn=Kumar%20Auto%20Works&mc=5311,0,legit_merchant_static,0,0,0,0,synthetic-v1
upi://pay?pa=sanjay.bose@oksbi&pn=Kiran%20Pillai&tn=birthday%20gift,0,legit_p2p,3,0,2,0,synthetic-v1
upi://pay?pa=paytmqr5289410235@paytm&pn=Metro%20Tailors&am=10084&mc=7538&tr=ORD18027016&tn=Bill,0,legit_merchant_dynamic,0,0,0,0,synthetic-v1
upi://pay?pa=cf.balaji535@axisbank&pn=Kumar%20Auto%20Works&am=18332&mc=5814&tr=ORD214406100&tn=Order%20payment,0,legit_merchant_dynamic,0,0,0,0,synthetic-v1
upi://pay?pa=razorpay.5789109@icici&pn=Raj%20Mobile%20Point&am=3749.32&mc=5311&tr=ORD802643757&tn=Bill,0,legit_merchant_dynamic,0,0,0,0,synthetic-v1
upi://pay?pa=8407547916@axisbank&pn=Varun%20Shetty,0,legit_p2p,0,0,0,0,synthetic-v1
upi://pay?pa=96228264@barodampay&pn=KBC%20Lottery%20Winner&am=2581&tn=lottery%20processing,1,scam_prize,1,0,0,0,synthetic-v1
upi://pay?pa=paytmqr7710184590@paytm&pn=Kumar%20Auto%20Works,1,legit_merchant_static,0,0,0,0,synthetic-v1
upi://pay?pa=9115104915@dlb&pn=Kavya%20Gowda&am=1913,0,legit_rare_handle,0,0,0,0,synthetic-v1
upi://pay?pa=upi46608171@upi&pn=Paytm%20KYC%20Team&am=13964&tn=pending%20bill,1,scam_impersonation,0,0,0,0,synthetic-v1
upi://pay?pa=bescom.billdesk@hdfcbank&pn=BESCOM%20Bill%20Payment&am=1430.26&mc=4900&tr=TXN9071117439&tn=Bill%20payment,0,legit_biller,1,0,1,0,synthetic-v1
upi://pay?pa=lakshmimishra690@idfcbank&pn=Meera%20Mishra&am=23000.97&tn=wedding,0,legit_family_large,1,1,2,0,synthetic-v1
upi://pay?pa=7135820179@barodampay&pn=Mary%20Nair&am=2166&tn=fees,0,legit_p2p,0,0,0,0,synthetic-v1
upi://pay?pa=8482696319@timecosmos&pn=Harish%20Iyer,0,legit_rare_handle,0,0,0,0,synthetic-v1
upi://pay?pa=manoj@idfcbank&pn=Raju%20Juice%20Corner&tn=order,0,legit_small_shop,0,0,0,0,synthetic-v1
upi://pay?pa=meeramenon621@ibl&am=2864&tn=movie,0,legit_p2p,0,0,0,0,synthetic-v1
upi://pay?pa=7954001211@fbl&pn=Paytm%20KYC%20Team&am=1829&tn=whatsapp%207720768193,1,scam_link_in_note,28,11,0,0,synthetic-v1
upi://pay?pa=sneha54@icici&pn=Divya%20Naik&am=37000.96&tn=hospital%20bill,0,legit_family_large,0,0,0,0,synthetic-v1
upi://pay?pa=omshop@pnb,0,legit_small_shop,0,0,0,0,synthetic-v1
upi://pay?pa=omstore62@okaxis&pn=Hotel%20Annapoorna&mc=7230&tn=Payment,0,legit_merchant_static,0,0,0,0,synthetic-v1
upi://collect?pa=shreya.das@paytm&pn=Police%20Cyber%20Cell&am=1006.04&tn=Scan%20to%20receive%20your%20refund,1,scam_collect,0,0,0,0,synthetic-v1
upi://pay?pa=q374064819@ybl&pn=Anand%20Sweets&mc=5331,0,legit_merchant_static,1,1,3,0,synthetic-v1
upi:/pay?pa=7149756343@idfcbank&pn=Customs%20Clearance%20Officer&am=3367,1,scam_tampered_qr,12,3,0,0,synthetic-v1
upi://pay?pa=swatinair173@apl&pn=Arun%20Patel&am=53000&tn=hospital%20bill,0,legit_family_large,0,0,0,0,synthetic-v1
upi://pay?pa=swati.sharma@idfcbank&pn=Gurpreet%20Singh,0,legit_p2p,0,0,0,0,synthetic-v1
upi://pay?pa=9897440127@kotak&pn=BSF%20Officer%20Vijay&am=8000&tn=army%20canteen,1,scam_olx_army,14,10,0,0,synthetic-v1
upi://pay?pa=6189673027@kvb&pn=Sanjay%20Shetty&am=2711.13&tn=PAN%20link%20fee,0,scam_kyc_fee,2,2,0,0,synthetic-v1
upi://pay?pa=razorpay.5279509@icici&pn=Green%20Leaf%20Veg&am=18826&mc=5814&tr=ORD390620280&sign=MEUCIQe00e2b6eZ54X24b7Z646,0,legit_merchant_dynamic,0,0,0,0,synthetic-v1
upi://pay?pa=shreya.gupta@axisbank&pn=CRPF%20Jawan%20Sunil&am=22000.37&tn=advance%20for%20item,1,scam_olx_army,0,0,0,0,synthetic-v1
upi://pay?pa=kavyasingh688@okicici&pn=Shreya%20Patel&am=1000&tn=fees,0,legit_p2p,0,0,0,0,synthetic-v1
upi://pay?pa=iskcon.bangalore@icici&pn=ISKCON%20Temple,0,legit_temple,0,0,0,0,synthetic-v1
upi://pay?pa=7171089809@apl&pn=Sunita%20Verma&am=165,0,legit_p2p,0,0,0,0,synthetic-v1
upi://pay?pa=paytmqr1905377396@paytm&pn=Royal%20Fruits&am=19270&mc=7538&tr=ORD599010659&tn=Bill,0,legit_merchant_dynamic,0,0,0,0,synthetic-v1
upi://pay?pa=9566704585@icici&pn=Fresh%20Fish%20Stall&tn=payment,0,legit_small_shop,0,0,1,0,synthetic-v1
upi://pay?pa=47933979@paytm&pn=Royal%20Fruits&am=1057&pa=6512912929@oksbi,1,scam_tampered_qr,1,1,0,0,synthetic-v1
upi://pay?pa=balajishop91@okaxis&pn=Balaji%20Fancy%20Store&mc=5331&tn=Payment,0,legit_merchant_static,0,0,1,0,synthetic-v1
upi://pay?pa=paytmqr6135167736@paytm&pn=City%20Bakery&mc=5311&tn=Payment,0,legit_merchant_static,1,0,2,0,synthetic-v1
upi://pay?pa=rohit.reddy@pnb&pn=ICICI%20Bank%20Support&am=16699&tn=Refund%20processing%20-%20scan%20to%20get,1,scam_refund_receive,0,0,0,0,synthetic-v1
upi://pay?pa=razorpay.8085167@icici&pn=Raj%20Mobile%20Point&am=15733&mc=5814&tr=ORD944500914,0,legit_merchant_dynamic,0,0,0,0,synthetic-v1
upi://pay?pa=6248238998@kvb&pn=Nikhil%20Iyer&am=2499&tn=KYC%20update%20charge,1,scam_kyc_fee,0,0,0,0,synthetic-v1
upi://pay?pn=Shop&x=arun935446@sbi&pn=Hotel%20Annapoorna&am=2186,1,scam_tampered_qr,0,0,0,0,synthetic-v1
upi://pay?pa=7614791202@ibl&am=1710&tn=dinner,0,legit_p2p,0,0,0,0,synthetic-v1
upi://pay?pa=fresh72@hdfcbank&pn=Fresh%20Fish%20Stall&tn=bill,0,legit_small_shop,0,0,1,0,synthetic-v1
upi://pay?pa=user65180001@ibl&pn=Amazon%20Refund%20Desk&am=22699&tn=Get%20cashback%20now,1,scam_refund_receive,0,0,0,0,synthetic-v1
upi://pay?pa=6233259053@axl&pn=BSF%20Officer%20Vijay&am=20000.76&tn=security%20deposit,0,scam_olx_army,0,0,0,0,synthetic-v1
upi://pay?pa=ayesha@ybl&pn=New%20Style%20Tailors,0,legit_small_shop,0,0,0,0,synthetic-v1
upi://pay?pa=9258054581@rbl&pn=RBI%20Grievance%20Cell&am=17530&tn=pending%20bill,1,scam_impersonation,0,0,0,0,synthetic-v1
upi://pay?pa=kavya29@kotak&pn=Swati%20Iyer&tn=loan%20return,0,legit_p2p,1,0,1,0,synthetic-v1
upi://pay?pa=sunita68@hdfcbank&pn=Meera%20Naik&am=903&tn=trip%20share,0,legit_p2p,0,0,0,0,synthetic-v1
upi://pay?pa=lakshmi.pillai@okicici&tn=cab%20share,0,legit_p2p,0,0,0,0,synthetic-v1
upi://pay?pa=divya.rao@fbl&pn=Pooja%20Patel&tn=groceries,0,legit_p2p,0,0,0,0,synthetic-v1
upi://collect?pa=8532731865@axisbank&pn=Indian%20Army%20Canteen&am=27000&tn=verification%20amount,1,scam_olx_army,5,3,0,0,synthetic-v1
upi://pay?pa=9944080431@ybl&pn=Bank%20KYC%20Update&am=1899.99&tn=PAN%20link%20fee,1,scam_kyc_fee,0,0,0,0,synthetic-v1
upi://pay?pa=cf.sri70@axisbank&pn=Metro%20Tailors&am=11946&mc=5732&tr=ORD995301826&tn=Invoice%207207&sign=MEUCIQd802d3e1a2118cd8XXeX,0,legit_merchant_dynamic,0,0,0,0,synthetic-v1
upi://pay?pa=bharatpe.43904655@fbpe&pn=Om%20Sai%20Kirana&mc=5732&tn=Payment,0,legit_merchant_static,0,0,0,0,synthetic-v1
upi://pay?pa=bharatpe.94260654@fbpe&pn=Green%20Leaf%20Veg,0,legit_merchant_static,0,0,0,0,synthetic-v1
upi://pay?pa=treasury.ker@sbi&pn=Kerala%20Govt%20Treasury&am=11802&mc=4112&tr=TXN4102647385&tn=Bill%20payment,0,legit_biller,0,0,0,0,synthetic-v1
upi://pay?pa=9638842920@axisbank&pn=Kiran%20Reddy&am=84000&tn=car%20emi,0,legit_family_large,0,0,1,0,synthetic-v1
upi://pay?pa=varun687608@fbl&pn=Amazon%20Refund%20Desk&tn=visit%20bit.ly%2F39482%20to%20claim,1,scam_link_in_note,5,4,0,0,synthetic-v1
upi://pay?pa=fatima879513@axl&pn=PhonePe%20Cashback&am=12910&tn=Claim%20your%20reward,1,scam_refund_receive,0,0,0,0,synthetic-v1
upi://pay?pa=priya.gupta@kotak&pn=Farhan%20Verma&am=25000,0,legit_p2p,1,0,0,0,synthetic-v1
upi://pay?pa=7753683578@pnb&pn=Amazon%20Refund%20Desk&am=44699&tn=Prize%20money%20credit,1,scam_refund_receive,4,4,0,0,synthetic-v1
upi://pay?pa=sunitashetty278@axisbank&pn=Anjali%20Rao&tn=fees,0,legit_p2p,0,0,0,0,synthetic-v1
upi://pay?pa=9621904787@barodampay&pn=Neha%20Reddy&am=2101&tn=tuition,0,legit_p2p,0,0,0,0,synthetic-v1
upi://pay?pa=icici.helpdesk2@dbs&pn=HDFC%20Customer%20Care&am=8199&tn=offer,1,scam_fake_merchant,0,0,0,0,synthetic-v1
upi://pay?pa=q838209218@ybl&pn=Kumar%20Auto%20Works&mc=4121&tn=Payment,0,legit_merchant_static,0,0,0,0,synthetic-v1
"upi://pay?pa=7713013038@okicici&pn=Green%20Leaf%20Veg&am=1,00,000",1,scam_tampered_qr,1,1,0,1,synthetic-v1
upi://pay?pa=9841186543@idfcbank&pn=HDFC%20Customer%20Care&tn=details%20http%3A%2F%2Fkyc-777.xyz,1,scam_link_in_note,0,0,0,0,synthetic-v1
upi://pay?pa=6792549463@icici&pn=Amazon%20Refund%20Desk&am=8699&tn=pending%20bill,1,scam_impersonation,0,0,0,0,synthetic-v1
upi://pay?pa=anna993@oksbi&pn=Anna%20Idli%20Stall&tn=bill,0,legit_small_shop,0,0,0,0,synthetic-v1
upi://pay?pa=paytmqr7262306644@paytm&pn=Kumar%20Auto%20Works&am=17342&mc=5411&tr=ORD672776102&tn=Invoice%207002,0,legit_merchant_dynamic,1,1,2,0,synthetic-v1
upi://pay?pa=upi60853712@ybl&pn=BSF%20Officer%20Vijay&am=8875&tn=refundable%20deposit,1,scam_olx_army,1,0,0,0,synthetic-v1
upi://pay?pa=varun.pillai@oksbi&pn=Paytm%20KYC%20Team&am=37766&tn=Get%20cashback%20now,1,scam_refund_receive,4,1,0,0,synthetic-v1
upi://pay?pa=manojpatel944@cmsidfc&pn=Mary%20Iyer&am=1394,0,legit_rare_handle,0,0,0,0,synthetic-v1
upi://pay?pa=rohit.singh@timecosmos&pn=Kavya%20Shetty&am=1078,0,legit_rare_handle,0,0,0,0,synthetic-v1
upi://pay?pa=sunitaverma730@axl&pn=Fatima%20Bose&tn=cab%20share,0,legit_p2p,0,0,0,0,synthetic-v1
upi://pay?pa=prakash61@fbl&pn=Ayesha%20Gupta&tn=cab%20share,0,legit_p2p,0,0,0,0,synthetic-v1
upi://pay?pa=9501576780@rbl&pn=Income%20Tax%20Department&am=7371&tn=verification,0,scam_impersonation,0,0,0,0,synthetic-v1
upi://pay?pa=gurpreet.joshi@sbi&pn=Divya%20Gupta&am=3974.13&tn=chai,0,legit_p2p,0,0,0,0,synthetic-v1
upi://pay?pa=asha.menon@okaxis&pn=Ravi%20Naik&am=14000.67&tn=please%20send%20fast,1,scam_quiet,0,0,0,0,synthetic-v1
upi://pay?pa=priya69@idfcbank&pn=Farhan%20Bose&tn=loan%20return,0,legit_p2p,0,0,0,0,synthetic-v1
upi://pay?pa=fatima34@fbl&pn=Divya%20Patel&am=10000&tn=wedding,0,legit_family_large,0,0,0,0,synthetic-v1
upi://pay?pa=poojagowda368@icici&pn=Shreya%20Reddy&am=2000&tn=electricity%20share,0,legit_p2p,3,0,1,0,synthetic-v1
upi://pay?pa=divya.khan@axisbank&pn=Rohit%20Reddy&am=28000&tn=college%20fees,0,legit_family_large,0,0,0,0,synthetic-v1
upi://pay?pa=suresh727859@apl&pn=Priya%20Verma&am=13627,1,scam_quiet,1,1,0,1,synthetic-v1
upi://pay?pa=waterboard.collect@icici&pn=Municipal%20Water%20Board&am=9770&mc=6300&tr=TXN2629755074&tn=Consumer%20no%207868382,0,legit_biller,0,0,0,0,synthetic-v1
upi://pay?pa=lakshmi@sbi&pn=Om%20Paan%20Shop&am=109,0,legit_small_shop,0,0,0,0,synthetic-v1
upi://pay?pa=19940316@oksbi&pn=RBI%20Grievance%20Cell&am=15199&tn=Prize%20money%20credit,1,scam_refund_receive,0,0,0,1,synthetic-v1
upi://pay?pa=15011318@kvb&pn=RBI%20Grievance%20Cell&am=3829.01&tn=verification,1,scam_impersonation,20,6,0,0,synthetic-v1
upi://pay?pa=98630873@upi&pn=Mega%20Prize%20Claim&am=21899&tn=winner%20registration,1,scam_prize,9,1,0,0,synthetic-v1
upi://pay?pa=9612623568@yesbank&pn=Pooja%20Menon&am=2761&tn=loan%20return,0,legit_p2p,0,0,0,0,synthetic-v1
upi://pay?pa=rbi.claim19@axisbank&pn=PhonePe%20Cashback&tn=cashback,1,scam_fake_merchant,0,0,0,0,synthetic-v1
upi://pay?pa=srishop7@okaxis&pn=Royal%20Fruits&mc=5331,0,legit_merchant_static,0,0,0,0,synthetic-v1
upi://pay?pa=8151723355@icici&pn=PhonePe%20Cashback&tn=security%20deposit,1,scam_impersonation,0,0,0,0,synthetic-v1
upi://pay?pa=8169691501@fbl&pn=PhonePe%20Cashback&am=31784&tn=Claim%20your%20reward,1,scam_refund_receive,0,0,0,0,synthetic-v1
upi://pay?pa=sanjay.nair@okhdfcbank&pn=Farhan%20Naik&am=11000&tn=wedding,0,legit_family_large,0,0,0,0,synthetic-v1
upi://pay?pa=rajshop56@okaxis&pn=Janata%20Hardware&mc=4121,1,legit_merchant_static,0,0,0,0,synthetic-v1
upi://pay?pa=77083661@paytm&pn=HDFC%20Customer%20Care&am=9050&pa=9888495134@hdfcbank,1,scam_tampered_qr,3,1,0,0,synthetic-v1
upi://pay?pa=34285532@upi&pn=Paytm%20KYC%20Team&am=2299&tn=Re-activation%20charges,1,scam_kyc_fee,7,6,0,0,synthetic-v1
upi://collect?pa=7202536719@fbl&pn=BSF%20Officer%20Vijay&am=3000&tn=security%20deposit,1,scam_olx_army,5,5,0,0,synthetic-v1
upi://pay?pa=cry.donate@hdfcbank&pn=Gurudwara%20Seva&mc=8661&am=4390,0,legit_temple,0,0,0,0,synthetic-v1
upi://pay?pa=cry.donate@hdfcbank&pn=CRY%20Donations&mc=8661,0,legit_temple,0,0,0,0,synthetic-v1
upi://pay?pa=shreyapillai780@icici&pn=Varun%20Naik&am=786.13&tn=cab%20share,0,legit_p2p,0,0,0,0,synthetic-v1
upi://pay?pa=anjali15@okicici&pn=Harish%20Bose&tn=rent,0,legit_p2p,0,0,0,0,synthetic-v1
upi://pay?pa=ommart43@okaxis&pn=Metro%20Tailors&mc=4121&tn=Payment,0,legit_merchant_static,0,0,0,0,synthetic-v1
upi://pay?pa=q482136058@ybl&pn=Hotel%20Annapoorna&mc=5331,0,legit_merchant_static,0,0,0,0,synthetic-v1
upi://pay?pa=incometax.refund@axisbank&pn=Electricity%20Board%20Officer&am=2999&tn=refund,1,scam_fake_merchant,2,1,0,0,synthetic-v1
upi://pay?pa=upi67009351@hdfcbank&pn=Govt%20Subsidy%20Office&am=34099&tn=Enter%20PIN%20to%20receive%20money,0,scam_refund_receive,4,1,0,0,synthetic-v1
upi://pay?pa=rohitgowda2@dlb&pn=Arun%20Gupta,0,legit_rare_handle,0,0,0,0,synthetic-v1
upi://pay?pa=ayesha.sharma@apl&tn=chai,0,legit_p2p,1,0,3,0,synthetic-v1
upi://pay?pa=pooja15@idfcbank&pn=Swati%20Das&am=4558&tn=movie,0,legit_p2p,0,0,0,0,synthetic-v1
upi://pay?pa=q665828660@ybl&pn=Green%20Leaf%20Veg&mc=5942,0,legit_merchant_static,0,0,0,0,synthetic-v1
upi://pay?pa=9968306825@dbs&pn=Raj%20Mobile%20Point&pa=varun.joshi@ybl,1,scam_tampered_qr,3,2,0,0,synthetic-v1
upi://pay?pa=ravi.naik@fbl&pn=Rohit%20Iyer,0,legit_p2p,0,0,0,0,synthetic-v1
upi://pay?pa=tirumala.donations@sbi&pn=CRY%20Donations&mc=8398,0,legit_temple,0,0,0,0,synthetic-v1
upi://pay?pa=mahalakshmistall@paytm&pn=Mahalakshmi%20Stores&am=3000,0,legit_small_shop,0,0,0,0,synthetic-v1
upi://pay?pa=farhan401558@fbl&pn=HDFC%20Customer%20Care&am=3630.99&tn=whatsapp%207669444028,1,scam_link_in_note,5,3,0,0,synthetic-v1
upi://pay?pa=acc83592740@oksbi&pn=PhonePe%20Cashback&am=23799&tn=verification,1,scam_impersonation,16,13,0,1,synthetic-v1
upi://pay?pa=customer.care.help@axisbank&pn=Govt%20Subsidy%20Office&am=6999&tn=refund,1,scam_fake_merchant,0,0,0,0,synthetic-v1
upi://pay?pa=q640382599@ybl&pn=Janata%20Hardware&mc=7538&tn=Payment,0,legit_merchant_static,0,0,0,0,synthetic-v1
upi://pay?pa=gpay.reward13@hdfcbank&pn=Police%20Cyber%20Cell&am=5699&tn=cashback,1,scam_fake_merchant,0,0,0,0,synthetic-v1
upi://pay?pa=7426658665@kotak&pn=Sneha%20Iyer&am=42043&tn=car%20emi,0,legit_family_large,0,0,1,0,synthetic-v1
upi://pay?pa=paytmqr4542253357@paytm&pn=Royal%20Fruits&mc=5732,0,legit_merchant_static,0,0,0,0,synthetic-v1
upi://pay?pa=8571295112@pnb&pn=Income%20Tax%20Department&am=11269.57&tn=verification,1,scam_impersonation,26,22,0,0,synthetic-v1
upi://pay?pa=gurpreet.shetty@kotak&pn=Suresh%20Sharma&tn=electricity%20share,0,legit_p2p,0,0,0,0,synthetic-v1
upi://pay?pa=josephbose604@paytm&pn=Deepa%20Menon&am=37000&tn=car%20emi,0,legit_family_large,0,0,0,0,synthetic-v1
upi://pay?pa=npci.support79@hdfcbank&pn=PhonePe%20Cashback&mc=0000&am=4399&tn=offer,1,scam_fake_merchant,11,5,1,0,synthetic-v1
upi://pay?pa=varun.shetty@tjsb&pn=Varun%20Singh&am=2753.32,0,legit_rare_handle,0,0,0,0,synthetic-v1
upi://pay?pa=8890754056@dbs&pn=Income%20Tax%20Department&am=8893&tn=case%20closure,1,scam_impersonation,0,0,0,0,synthetic-v1
upi://pay?pa=prakash789596@oksbi&pn=ICICI%20Bank%20Support&tn=security%20deposit,1,scam_impersonation,0,0,0,0,synthetic-v1
upi://pay?pa=neha.menon@ybl&pn=RBI%20Grievance%20Cell&am=35899&tn=Prize%20money%20credit,1,scam_refund_receive,4,1,0,0,synthetic-v1
upi://pay?pa=lakshmipillai452@idfcbank&pn=Lakshmi%20Mishra&am=35463&tn=hospital%20bill,0,legit_family_large,0,0,0,0,synthetic-v1
upi://pay?pa=divya.nair@rbl&pn=Lakshmi%20Gupta&am=1480,0,legit_rare_handle,0,0,0,0,synthetic-v1
upi://pay?pa=nikhil.bose@kotak&pn=Kavya%20Gupta&am=451&tn=Re-activation%20charges,1,scam_kyc_fee,0,0,0,0,synthetic-v1
upi://pay?pa=cf.royal67@axisbank&pn=Hotel%20Annapoorna&am=5619&mc=4121&tr=ORD991214040&tn=Invoice%202579&sign=MEUCIQ11aX7a90da7YbXc31Yac,0,legit_merchant_dynamic,0,0,0,0,synthetic-v1
upi://pay?pa=priya879@yesbank&pn=Priya%20Beauty%20Parlour&am=654,0,legit_small_shop,0,0,0,0,synthetic-v1
upi://pay?pa=acc45023420@idfcbank&pn=Customs%20Clearance%20Officer&tn=check%20www.refund-status.online,1,scam_link_in_note,11,7,0,0,synthetic-v1
upi://pay?pa=7145693301@ibl&pn=Sunita%20Pillai&am=367&tn=trip%20share,0,legit_p2p,0,0,0,0,synthetic-v1
upi://pay?pa=icici.helpdesk68@rbl&pn=Paytm%20KYC%20Team&am=7199.12&tn=offer,1,scam_fake_merchant,5,1,0,0,synthetic-v1
upi://pay?pa=q106967669@ybl&pn=City%20Bakery&mc=7230,0,legit_merchant_static,0,0,0,0,synthetic-v1
upi://pay?pa=fatima81@okhdfcbank&pn=Priya%20Reddy&am=2000&tn=petrol,0,legit_p2p,0,0,0,0,synthetic-v1
upi://pay?pa=bescom.billdesk@hdfcbank&pn=BESCOM%20Bill%20Payment&am=4859&mc=4112&tr=TXN6814801454&tn=Bill%20payment,0,legit_biller,0,0,0,0,synthetic-v1
upi://pay?pa=paytmqr1737221666@paytm&pn=Kumar%20Auto%20Works&am=13062&mc=5814&tr=ORD880637323,0,legit_merchant_dynamic,0,0,0,0,synthetic-v1
upi://pay?pa=harish85@timecosmos&pn=Divya%20Shetty,0,legit_rare_handle,0,0,0,0,synthetic-v1
upi://pay?pa=manoj.gupta@kotak&tn=maid%20salary,0,legit_p2p,0,0,0,0,synthetic-v1
upi://pay?pa=6789444741@okicici&pn=SBI%20Refund%20Dept&am=33000&tn=Refund%20processing%20-%20scan%20to%20get,1,scam_refund_receive,0,0,0,0,synthetic-v1
upi://pay?pa=razorpay.7515516@icici&pn=Blue%20Star%20Salon&am=9228.30&mc=5499&tr=ORD281952344&tn=Bill,0,legit_merchant_dynamic,0,0,0,0,synthetic-v1
upi://pay?pa=razorpay.1151070@icici&pn=Sri%20Lakshmi%20Medicals&am=18526&mc=5499&tr=ORD542313659&tn=Invoice%206073,0,legit_merchant_dynamic,0,0,0,0,synthetic-v1
upi://pay?pa=acc62765939@dbs&pn=RBI%20Grievance%20Cell&am=7974&tn=visit%20bit.ly%2F75413%20to%20claim,1,scam_link_in_note,13,12,0,0,synthetic-v1
upi://pay?pa=bescom.billdesk@hdfcbank&pn=BESCOM%20Bill%20Payment&am=2567&mc=9399&tr=TXN1139568291&tn=Bill%20payment,0,legit_biller,0,0,0,0,synthetic-v1
upi://pay?pa=meerakhan152@pnb&am=1960&tn=maid%20salary,0,legit_p2p,0,0,0,0,synthetic-v1
upi://mandate?pa=farhan.gowda@kotak&pn=Electricity%20Board&am=3199&recur=MONTHLY&tn=cashback%20activation,1,scam_autopay,9,8,0,0,synthetic-v1
upi://pay?pa=asha.bose@ybl&tn=loan%20return,0,legit_p2p,0,0,0,0,synthetic-v1
upi://pay?pa=paytmqr4373059294@paytm&pn=Royal%20Fruits&am=16297&mc=7230&tr=ORD586080939&tn=Order%20payment,0,legit_merchant_dynamic,0,0,0,0,synthetic-v1
upi://pay?pa=mary35@icici&am=2000.05&tn=gift,0,legit_p2p,0,0,0,0,synthetic-v1
upi://pay?pa=rohit.nair@ibl&pn=Divya%20Das&am=35527,1,scam_quiet,1,1,0,0,synthetic-v1
upi://pay?pa=sneha.das@pnb&pn=Fatima%20Reddy&am=1510&tn=urgent,1,scam_quiet,0,0,0,0,synthetic-v1
upi://pay?pa=8883661507@axl&tn=dinner,0,legit_p2p,0,0,0,0,synthetic-v1
upi://pay?pa=8380207826@hdfcbank&pn=Raju%20Juice%20Corner&am=100,0,legit_small_shop,0,0,0,0,synthetic-v1
upi://pay?pa=anjali192@oksbi&pn=City%20Laundry&am=10000,0,legit_small_shop,0,0,0,0,synthetic-v1
upi://pay?pa=treasury.ker@sbi&pn=Kerala%20Govt%20Treasury&am=282&mc=9399&tr=TXN1639668775&tn=Bill%20payment,0,legit_biller,0,0,0,0,synthetic-v1
upi://pay?pa=7927355317@sbi&pn=Joseph%20Reddy&am=23582&tn=car%20emi,0,legit_family_large,0,0,0,0,synthetic-v1
upi://pay?pa=upi6223393@kotak&pn=Farhan%20Shetty&am=9000&tn=please%20send%20fast,1,scam_quiet,6,6,0,0,synthetic-v1
upi://pay?pa=gurpreetrao343@barodampay&pn=Asha%20Das&am=14000&tn=petrol,0,legit_p2p,0,0,0,1,synthetic-v1
upi://pay?pa=pooja54@ibl&pn=Sunita%20Nair&am=3197.09&tn=electricity%20share,0,legit_p2p,0,0,0,0,synthetic-v1
upi://pay?pa=marymishra555@ibl&am=3048&tn=trip%20share,0,legit_p2p,0,0,0,0,synthetic-v1
upi://pay?pa=cf.hotel914@axisbank&pn=Metro%20Tailors&am=15504.94&mc=4121&tr=ORD54737135&tn=Bill,0,legit_merchant_dynamic,0,0,0,0,synthetic-v1
upi//pay?pa=lakshmi.reddy@dbs&pn=HDFC%20Customer%20Care&am=3241,1,scam_tampered_qr,0,0,0,0,synthetic-v1
upi://collect?pa=84340875@idfcbank&pn=Police%20Cyber%20Cell&am=18696.89&tn=Refund%20of%20Rs%205000,1,scam_collect,0,0,0,0,synthetic-v1
upi://pay?pa=manoj610948@axisbank&pn=SBI%20KYC%20Cell&am=1563&tn=Account%20unblock%20fee,1,scam_kyc_fee,14,4,0,0,synthetic-v1
upi://pay?pa=paytmqr7745062406@paytm&pn=Om%20Sai%20Kirana&am=14164&mc=7230&tr=ORD345998466&tn=Order%20payment&sign=MEUCIQ6f2ca0Yc7e65c4de831c,0,legit_merchant_dynamic,1,1,2,0,synthetic-v1
upi://pay?pa=joseph35@axisbank&pn=Joseph%20Menon&am=78533.61&tn=wedding,0,legit_family_large,0,0,0,0,synthetic-v1
upi://pay?pa=sunita27@paytm&pn=Mary%20Mishra&am=4039&tn=fees,0,legit_p2p,0,0,0,0,synthetic-v1
upi://pay?pa=nikhil.nair@barodampay&pn=Income%20Tax%20Department&am=42000&tn=Claim%20your%20reward,1,scam_refund_receive,12,3,0,0,synthetic-v1
upi://pay?pa=priya.kumar@oksbi&pn=Asha%20Kumar&am=855&tn=chai,0,legit_p2p,0,0,1,0,synthetic-v1
upi://pay?pa=8662189668@axisbank&pn=Police%20Cyber%20Cell&am=20000&tn=Cashback%20credited%20on%20scan,1,scam_refund_receive,3,1,0,0,synthetic-v1
upi://pay?pa=paytmqr2473301888@paytm&pn=Raj%20Mobile%20Point&am=2822.02&mc=5812&tr=ORD507244711,0,legit_merchant_dynamic,2,0,2,0,synthetic-v1
upi://pay?pa=metro@okhdfcbank&pn=Metro%20Chaat&am=3000&tn=bill,0,legit_small_shop,0,0,0,0,synthetic-v1
upi://pay?pa=8649297601@paytm&pn=Sai%20Vegetables&am=5000,0,legit_small_shop,0,0,0,0,synthetic-v1
upi://autopay?pa=lakshmi141131@ibl&pn=Netflix&am=409&recur=WEEKLY&tn=subscription,1,scam_autopay,5,5,0,0,synthetic-v1
upi://pay?pa=fatima86@ybl&pn=Swati%20Shetty&am=2875,0,legit_p2p,0,0,0,0,synthetic-v1
upi://mandate?pa=ravi.iyer@kotak&pn=Jio%20Recharge&am=799.56&recur=DAILY&tn=subscription,1,scam_autopay,9,9,0,0,synthetic-v1
upi://pay?pa=9777398040@okaxis&pn=Army%20Officer%20Rakesh&am=19000&tn=army%20canteen,1,scam_olx_army,4,4,0,0,synthetic-v1
upi://pay?pa=razorpay.7714944@icici&pn=Kumar%20Auto%20Works&am=9174&mc=5812&tr=ORD710811339,0,legit_merchant_dynamic,0,0,0,0,synthetic-v1
upi://pay?pa=varun.rao@dbs&pn=CRPF%20Jawan%20Sunil&am=17372&tn=advance%20for%20item,1,scam_olx_army,3,2,0,0,synthetic-v1
upi://pay?pa=rohit.rao@apl&pn=Vikram%20Gowda&tn=rent,0,legit_p2p,0,0,0,0,synthetic-v1
upi://pay?pa=kumarshop92@okaxis&pn=Green%20Leaf%20Veg&mc=5732,0,legit_merchant_static,0,0,0,0,synthetic-v1
upi://pay?pa=npci.support@yesbank&pn=Paytm%20KYC%20Team&am=2599&tn=offer,1,scam_fake_merchant,6,4,0,0,synthetic-v1
upi://pay?pa=ganeshshop@apl&pn=Ganesh%20Tea%20Stall,0,legit_small_shop,1,1,2,0,synthetic-v1
upi://pay?pa=razorpay.5033355@icici&pn=Royal%20Fruits&am=16834&mc=4121&tr=ORD680642333&tn=Invoice%20780,0,legit_merchant_dynamic,0,0,0,1,synthetic-v1
upi:pay?pa=8150991235@yesbank&pn=Fresh%20Mart,1,scam_tampered_qr,0,0,0,0,synthetic-v1
upi://pay?pa=divya.khan@jupiteraxis&pn=Pooja%20Reddy,0,legit_rare_handle,0,0,0,0,synthetic-v1
upi://pay?pa=9507550814@dbs&pn=Fresh%20Mart&pa=arjun.khan@idfcbank,1,scam_tampered_qr,0,0,0,0,synthetic-v1
upi://pay?pa=gurpreet.reddy@okaxis&pn=Arun%20Patel&tn=movie,0,legit_p2p,0,0,0,0,synthetic-v1
upi://pay?pa=irctc.pay@hdfcbank&pn=Indian%20Railways%20IRCTC&am=2605&mc=6300&tr=TXN8422965777&tn=Bill%20payment,0,legit_biller,0,0,0,0,synthetic-v1
upi://pay?pa=meera90@kotak&pn=Manoj%20Menon&am=2000&tn=electricity%20share,0,legit_p2p,0,0,0,0,synthetic-v1
upi://pay?pa=9142035116@dbs&pn=RBI%20Grievance%20Cell&am=46000&tn=Refund%20processing%20-%20scan%20to%20get,1,scam_refund_receive,11,9,0,0,synthetic-v1
upi://pay?pa=neha.patel@dlb&pn=Sunita%20Verma&am=2856,0,legit_rare_handle,0,0,0,0,synthetic-v1
upi://pay?pa=asharao552@apl&pn=Ayesha%20Menon&am=40000.44&tn=rent,0,legit_family_large,0,0,0,0,synthetic-v1
upi://pay?pa=cf.royal260@axisbank&pn=Fresh%20Mart&am=1016&mc=5812&tr=ORD962207701&tn=Order%20payment,0,legit_merchant_dynamic,0,0,0,0,synthetic-v1
upi://pay?pa=icici.helpdesk@cmsidfc&pn=Electricity%20Board%20Officer&mc=0000&am=1899.46&tn=offer,1,scam_fake_merchant,0,0,0,0,synthetic-v1
upi://pay?pa=sanjay.kumar@cmsidfc&pn=Manoj%20Das&am=2761,0,legit_rare_handle,0,0,0,0,synthetic-v1
upi://pay?pa=lakshmi210899@dbs&pn=Paytm%20KYC%20Team&am=48799&tn=Prize%20money%20credit,1,scam_refund_receive,0,0,0,0,synthetic-v1
upi://pay?pa=meera.mishra@axl&pn=Varun%20Joshi&tn=loan%20return,0,legit_p2p,0,0,0,0,synthetic-v1
upi://mandate?pa=pay91130583@paytm&pn=Electricity%20Board&am=5014&recur=MONTHLY&tn=subscription,1,scam_autopay,0,0,0,0,synthetic-v1
upi://pay?pa=q658193245@ybl&pn=City%20Bakery&mc=5331,0,legit_merchant_static,0,0,0,0,synthetic-v1
upi://pay?pa=q945908812@ybl&pn=Anand%20Sweets&mc=7538,0,legit_merchant_static,0,0,0,0,synthetic-v1
upi://pay?pa=8196186980@axisbank&pn=TRAI%20Helpline&am=21210&tn=security%20deposit,0,scam_impersonation,5,5,0,0,synthetic-v1
upi://pay?pa=gurpreet.das@upi&pn=Nikhil%20Verma&am=4600&tn=petrol,0,legit_p2p,0,0,0,0,synthetic-v1
upi://pay?pa=hdfc.care@sbi&pn=PhonePe%20Cashback&am=8899&tn=refund,1,scam_fake_merchant,3,3,0,0,synthetic-v1
upi://pay?pa=pay22557941@idfcbank&pn=TRAI%20Helpline&am=16899&tn=Cashback%20credited%20on%20scan,1,scam_refund_receive,0,0,0,0,synthetic-v1
upi://pay?pa=razorpay.5074675@icici&pn=City%20Bakery&am=11155.27&mc=5331&tr=ORD755957802&tn=Invoice%204024,0,legit_merchant_dynamic,0,0,1,0,synthetic-v1
upi://pay?pa=anjalisingh793@hdfcbank&pn=Anil%20Joshi&am=41796&tn=wedding,0,legit_family_large,0,0,0,0,synthetic-v1
upi://pay?pa=ayesha.iyer@axisbank&pn=Arjun%20Khan&am=79000&tn=hospital%20bill,0,legit_family_large,0,0,0,0,synthetic-v1
upi://pay?pa=7189664741@okicici&pn=Police%20Cyber%20Cell&am=32312.81&tn=Claim%20your%20reward,1,scam_refund_receive,0,0,0,0,synthetic-v1
upi://pay?pa=q665956362@ybl&pn=Blue%20Star%20Salon&mc=5411&tn=Payment,0,legit_merchant_static,0,0,0,0,synthetic-v1
upi://pay?pa=varunrao622@idfcbank&pn=Priya%20Singh&am=31758&tn=trip%20share,0,legit_p2p,0,0,0,0,synthetic-v1
upi://pay?pa=6646088918@kvb&pn=Rohit%20Nair&am=1687,0,legit_rare_handle,0,0,0,0,synthetic-v1
upi://pay?pa=upi38334200@idfcbank&pn=ICICI%20Bank%20Support&am=46599.69&tn=Refund%20of%20Rs%2046599.69,1,scam_refund_receive,0,0,0,0,synthetic-v1
upi://pay?pa=suresh16424@ibl&pn=Police%20Cyber%20Cell&am=1258.30&tn=call%207966362100%20for%20refund,1,scam_link_in_note,1,1,0,0,synthetic-v1
upi://pay?pa=kiran353851@idfcbank&pn=Electricity%20Board%20Officer&am=16000&tn=Refund%20of%20Rs%2016000,1,scam_refund_receive,0,0,0,0,synthetic-v1
upi://pay?pa=rbi.claim47@icici&pn=Police%20Cyber%20Cell&mc=0000&am=7600&tn=refund,1,scam_fake_merchant,7,6,0,1,synthetic-v1
upi://pay?pa=paytmqr4875588272@paytm&pn=Balaji%20Fancy%20Store&mc=5942,0,legit_merchant_static,0,0,0,0,synthetic-v1
upi://pay?pa=farhannaik1@okaxis&pn=Gurpreet%20Rao&tn=rent,0,legit_p2p,0,0,0,0,synthetic-v1
upi://pay?pa=7662147680@icici&pn=Anna%20Idli%20Stall&am=50&tn=order,0,legit_small_shop,0,0,1,0,synthetic-v1
upi://pay?pa=sneha.rao@yesbank&pn=TRAI%20Helpline&am=19096&tn=Enter%20PIN%20to%20receive%20money,1,scam_refund_receive,8,2,1,0,synthetic-v1
upi://pay?pa=cf.sri183@axisbank&pn=Blue%20Star%20Salon&am=13837&mc=5912&tr=ORD49778231&tn=Order%20payment&sign=MEUCIQ72bZZX290Zb2aa092efd,0,legit_merchant_dynamic,0,0,0,0,synthetic-v1
upi://pay?pa=21458962@kotak&pn=Customs%20Clearance%20Officer&am=15488&tn=case%20closure,1,scam_impersonation,5,1,0,0,synthetic-v1
upi://collect?pa=nikhil571384@icici&pn=PhonePe%20Cashback&am=10820&tn=Scan%20to%20receive%20your%20refund,1,scam_collect,0,0,0,0,synthetic-v1
upi://pay?pa=neha183522@icici&pn=Customs%20Clearance%20Officer&am=12202.98&tn=security%20deposit,1,scam_impersonation,0,0,0,0,synthetic-v1
upi://pay?pa=8800048643@apl&pn=PhonePe%20Cashback&am=3681&tn=whatsapp%209683789503,1,scam_link_in_note,0,0,0,0,synthetic-v1
upi:pay?pa=user41901699@hdfcbank&pn=Amazon%20Refund%20Desk,1,scam_tampered_qr,1,0,0,0,synthetic-v1
upi://pay?pa=ashasharma505@yesbank&pn=Vikram%20Gupta&am=4920&tn=loan%20return,0,legit_p2p,0,0,0,0,synthetic-v1
upi://pay?pa=8134627090@barodampay&pn=Paytm%20KYC%20Team&am=1257&tn=KYC%20verification,1,scam_kyc_fee,8,5,0,0,synthetic-v1
upi://pay?pa=9435116322@ibl&pn=Asha%20Patel&tn=dinner,0,legit_p2p,0,0,0,0,synthetic-v1
upi://pay?pa=q145372149@ybl&pn=Hotel%20Annapoorna&mc=5912&tn=Payment,0,legit_merchant_static,0,0,0,0,synthetic-v1
upi://pay?pa=7443255127@icici&pn=HDFC%20Customer%20Care&am=35699&tn=Scan%20to%20receive%20your%20refund,1,scam_refund_receive,0,0,0,0,synthetic-v1
upi://pay?pa=6717322530@ybl&pn=CRPF%20Jawan%20Sunil&am=25000.99&tn=advance%20for%20item,1,scam_olx_army,0,0,0,0,synthetic-v1
upi://pay?pa=acc65824063@pnb&pn=Anil%20Rao&am=1049.61&tn=KYC%20verification,1,scam_kyc_fee,0,0,0,0,synthetic-v1
upi://pay?pa=deepa80@okhdfcbank&pn=Farhan%20Singh&am=4000&tn=petrol,0,legit_p2p,0,0,0,0,synthetic-v1
upi://pay?pa=arun.bose@barodampay&pn=Kavya%20Gowda&tn=movie,0,legit_p2p,0,0,0,0,synthetic-v1
upi://pay?pa=kavya.iyer@upi&pn=Raj%20Mobile%20Point&am=7217&pa=8554416392@kotak,1,scam_tampered_qr,0,0,0,0,synthetic-v1
upi://pay?pa=ashakumar641@icici&pn=Asha%20Shetty&tn=fees,0,legit_p2p,0,0,0,0,synthetic-v1
upi://pay?pa=harish.gowda@ibl&pn=Rohit%20Iyer&am=2136&tn=electricity%20share,0,legit_p2p,0,0,0,0,synthetic-v1
upi://pay?pa=metro@okicici&pn=Metro%20Chaat&am=2000&tn=payment,0,legit_small_shop,0,0,0,0,synthetic-v1
upi://pay?pa=shreya.singh@axisbank&pn=PhonePe%20Cashback&am=46000&tn=Claim%20your%20reward,1,scam_refund_receive,0,0,0,0,synthetic-v1
upi://pay?pa=varuniyer771@axl&tn=dinner,0,legit_p2p,0,0,0,0,synthetic-v1
upi://pay?pa=meera.kumar@ybl&pn=Govt%20Subsidy%20Office&am=1474&tn=whatsapp%207819521838,1,scam_link_in_note,0,0,0,0,synthetic-v1
upi://pay?pa=raju734@axl&pn=Raju%20Juice%20Corner&am=100&tn=order,0,legit_small_shop,0,0,0,0,synthetic-v1
upi://pay?pa=7888213383@upi&pn=Amazon%20Refund%20Desk&tn=pending%20bill,1,scam_impersonation,11,5,0,0,synthetic-v1
upi://pay?pa=manoj.mishra@fbl&pn=Customs%20Clearance%20Officer&am=15599,1,scam_impersonation,0,0,0,0,synthetic-v1
upi://pay?pa=7850432160@axisbank&pn=SBI%20KYC%20Cell&am=2899&tn=PAN%20link%20fee,1,scam_kyc_fee,0,0,0,0,synthetic-v1
upi://pay?pa=paytmqr6666392905@paytm&pn=Green%20Leaf%20Veg&mc=5411,0,legit_merchant_static,0,0,0,0,synthetic-v1
upi://pay?pa=freshstall@fbl&pn=Fresh%20Fish%20Stall,0,legit_small_shop,0,0,0,0,synthetic-v1
upi://pay?pa=user84762624@fbl&pn=PhonePe%20Cashback&am=20799&tn=pending%20bill,1,scam_impersonation,23,19,0,0,synthetic-v1
upi://pay?pa=balajistall@axisbank&pn=Balaji%20Stores&am=2619,0,legit_small_shop,0,0,0,0,synthetic-v1
upi://pay?pa=pay92193440@fbl&pn=BSF%20Officer%20Vijay&am=12043&tn=army%20canteen,1,scam_olx_army,3,1,0,0,synthetic-v1
upi://pay?pa=q636771365@ybl&pn=Raj%20Mobile%20Point&mc=5942&tn=Payment,0,legit_merchant_static,0,0,0,0,synthetic-v1
upi://pay?pa=pinelabs.189102@hdfcbank&pn=City%20Bakery&am=5856&mc=5942&tr=ORD376797549&tn=Order%20payment,0,legit_merchant_dynamic,0,0,0,0,synthetic-v1
upi://pay?pa=7576551411@barodampay&pn=Electricity%20Board%20Officer&am=31399.06&tn=Get%20cashback%20now,1,scam_refund_receive,0,0,0,0,synthetic-v1
upi://pay?pa=varun94@dlb&pn=Meera%20Kumar&am=2184,0,legit_rare_handle,0,0,0,0,synthetic-v1
upi://pay?pa=paytmqr5623085495@paytm&pn=Anand%20Sweets&mc=7230&tn=Payment,0,legit_merchant_static,0,0,0,0,synthetic-v1
upi://pay?pa=8470406758@apl&pn=Paytm%20KYC%20Team&am=36000&tn=Refund%20processing%20-%20scan%20to%20get,1,scam_refund_receive,3,3,0,0,synthetic-v1
upi://pay?pa=7348307505@icici&pn=Paytm%20KYC%20Team&am=2000&tn=Enter%20PIN%20to%20receive%20money,1,scam_refund_receive,3,2,0,0,synthetic-v1
upi://pay?pa=balajistore@kotak&pn=Balaji%20Stores&am=100&tn=payment,0,legit_small_shop,0,0,0,0,synthetic-v1
upi://pay?pa=freshmart43@okaxis&pn=Sri%20Lakshmi%20Medicals&mc=5942&tn=Payment,0,legit_merchant_static,0,0,0,0,synthetic-v1
"upi://pay?pa=kavya555293@dbs&pn=Green%20Leaf%20Veg&am=6418&am=1,00,000",1,scam_tampered_qr,0,0,0,0,synthetic-v1
upi://pay?pa=7654964921@icici&pn=Ravi%20Bose&am=4551.12&tn=birthday%20gift,0,legit_p2p,0,0,0,0,synthetic-v1
upi://pay?pa=kiran.iyer@oksbi&pn=Deepa%20Pillai&am=374,0,legit_p2p,0,0,0,0,synthetic-v1
upi://pay?pa=paytmqr5712983255@paytm&pn=Green%20Leaf%20Veg&mc=5812,0,legit_merchant_static,0,0,0,0,synthetic-v1
upi://pay?pa=pooja.menon@idfcbank&pn=Priya%20Das&am=39798,1,scam_quiet,1,1,0,0,synthetic-v1
upi://pay?pa=6216339968@fbl&pn=Lucky%20Draw%20Office&am=18643&tn=tax%20on%20winning,1,scam_prize,12,2,0,0,synthetic-v1
upi://pay?pa=harish@barodampay&pn=Kumar%20Xerox&am=2261,0,legit_small_shop,0,0,0,0,synthetic-v1
upi://pay?pa=anjali283680@apl&pn=TRAI%20Helpline&tn=verification,1,scam_impersonation,0,0,0,0,synthetic-v1
upi://pay?pa=6542114371@apl&pn=Priya%20Shetty&am=582.15&tn=dinner,0,legit_p2p,0,0,0,0,synthetic-v1
upi://pay?pa=6873747504@rbl&pn=Govt%20Subsidy%20Office&am=17982&tn=verification,1,scam_impersonation,0,0,0,0,synthetic-v1
upi://pay?pa=gurpreet70@oksbi&pn=Deepa%20Naik&tn=maid%20salary,0,legit_p2p,0,0,0,0,synthetic-v1
upi://pay?pa=shreya74@axl&pn=Rahul%20Menon&tn=trip%20share,0,legit_p2p,0,0,0,0,synthetic-v1
upi://pay?pa=bescom.billdesk@hdfcbank&pn=BESCOM%20Bill%20Payment&am=11094&mc=9399&tr=TXN9145290927&tn=Bill%20payment,0,legit_biller,0,0,0,0,synthetic-v1
upi://pay?pa=kumarstore@yesbank&pn=Kumar%20Xerox,0,legit_small_shop,0,0,0,0,synthetic-v1
upi://pay?pa=anandmart17@okaxis&pn=City%20Bakery,0,legit_merchant_static,0,0,0,0,synthetic-v1
upi://pay?pa=cf.raj717@axisbank&pn=Hotel%20Annapoorna&am=11436&mc=5331&tr=ORD532775705&tn=Bill,0,legit_merchant_dynamic,0,0,0,1,synthetic-v1
upi://pay?pa=7452502093@hdfcbank&am=15000,1,scam_quiet,6,4,0,0,synthetic-v1
upi://pay?pa=7299360229@pnb&pn=PhonePe%20Cashback&am=4102&tn=whatsapp%208109621184,1,scam_link_in_note,0,0,0,0,synthetic-v1
upi://pay?pa=pay677549@kvb&pn=Govt%20Subsidy%20Office&am=31000&tn=Get%20cashback%20now,1,scam_refund_receive,0,0,0,0,synthetic-v1
upi://pay?pa=9228694910@paytm&pn=Police%20Cyber%20Cell&tn=case%20closure,1,scam_impersonation,7,2,0,0,synthetic-v1
upi://pay?pa=upi26350714@barodampay&pn=SBI%20Refund%20Dept&am=10699,1,scam_impersonation,0,0,0,0,synthetic-v1
upi://pay?pa=82571633@okaxis&pn=Police%20Cyber%20Cell&am=5699.77&tn=Claim%20your%20reward,1,scam_refund_receive,8,7,0,1,synthetic-v1
upi://autopay?pa=pooja957128@ibl&pn=Fatima%20Pillai&am=7899&recur=WEEKLY&tn=cashback%20activation,1,scam_autopay,7,5,0,0,synthetic-v1
upi://pay?pa=9104461827@ibl&pn=Mahalakshmi%20Stores&am=500&tn=bill,0,legit_small_shop,0,0,0,0,synthetic-v1
upi:/pay?pa=user52109204@okhdfcbank&pn=Police%20Cyber%20Cell&am=6969.86,1,scam_tampered_qr,7,1,0,1,synthetic-v1
upi://pay?pa=acc69974578@yesbank&pn=Electricity%20Board%20Officer&am=29000&tn=Refund%20of%20Rs%2029000,1,scam_refund_receive,0,0,0,0,synthetic-v1
upi://pay?pa=upi4063921@sbi&pn=Ravi%20Gowda&am=48545,1,scam_quiet,4,3,0,0,synthetic-v1
upi://pay?pa=kiran44@ibl&pn=Anil%20Das&am=12000&tn=rent,0,legit_family_large,0,0,0,0,synthetic-v1
upi://pay?pa=paytmqr5778269648@paytm&pn=Raj%20Mobile%20Point&mc=7538,0,legit_merchant_static,0,0,0,0,synthetic-v1
upi://pay?pa=bescom.billdesk@hdfcbank&pn=BESCOM%20Bill%20Payment&am=5138&mc=9399&tr=TXN3136498504&tn=Property%20tax,0,legit_biller,0,0,0,0,synthetic-v1
upi://pay?pa=omshop@yesbank&pn=Om%20Paan%20Shop,0,legit_small_shop,0,0,0,0,synthetic-v1
upi://pay?pa=q876776488@ybl&pn=Raj%20Mobile%20Point,0,legit_merchant_static,0,0,0,0,synthetic-v1
upi://pay?pa=rahulverma367@fbl&pn=Sanjay%20Khan&am=64000&tn=house%20deposit,0,legit_family_large,0,0,0,0,synthetic-v1
upi://pay?pa=pinelabs.875453@hdfcbank&pn=Anand%20Sweets&am=4350.83&mc=5732&tr=ORD268127723&tn=Bill,0,legit_merchant_dynamic,0,0,0,0,synthetic-v1
upi://pay?pa=asha24@barodampay&pn=Arun%20Gowda&tn=electricity%20share,0,legit_p2p,0,0,0,0,synthetic-v1
upi://collect?pa=arjun493813@rbl&pn=Police%20Cyber%20Cell&am=17710&tn=Scan%20to%20receive%20your%20refund,1,scam_collect,0,0,0,0,synthetic-v1
upi://pay?pa=razorpay.5227244@icici&pn=Anand%20Sweets&am=15170.88&mc=5812&tr=ORD803388489&tn=Bill&sign=MEUCIQZ33e522206c1afX4Y0Yb,0,legit_merchant_dynamic,0,0,0,0,synthetic-v1
upi://pay?pa=pinelabs.810302@hdfcbank&pn=Janata%20Hardware&am=14080&mc=5311&tr=ORD341538287&tn=Invoice%204561,0,legit_merchant_dynamic,0,0,0,0,synthetic-v1
upi://pay?pa=lakshmi.gupta@upi&pn=Mary%20Nair&am=24000.11&tn=house%20deposit,0,legit_family_large,0,0,0,0,synthetic-v1
upi://pay?pa=cf.metro551@axisbank&pn=Green%20Leaf%20Veg&am=11110&mc=5331&tr=ORD978161096&tn=Bill,0,legit_merchant_dynamic,3,0,2,0,synthetic-v1
upi://pay?pa=6817159222@ibl&pn=Lucky%20Draw%20Office&am=5645&tn=winner%20registration,1,scam_prize,0,0,0,0,synthetic-v1
upi://pay?pa=asha@paytm&pn=Rahul%20Mobile%20Repair&am=2844,0,legit_small_shop,0,0,0,0,synthetic-v1
upi://collect?pa=21560708@axisbank&pn=Indian%20Army%20Canteen&am=10169&tn=Prize%20money%20credit,1,scam_collect,0,0,0,0,synthetic-v1
upi://pay?pa=7322838208@hdfcbank&pn=Jio%20Prize%20Department&am=8699&tn=tax%20on%20winning,1,scam_prize,5,3,0,0,synthetic-v1
upi://pay?pa=q891300168@ybl&pn=Raj%20Mobile%20Point&mc=5732,0,legit_merchant_static,0,0,0,0,synthetic-v1
upi://pay?pn=Shop&x=user8995309@barodampay&pn=Police%20Cyber%20Cell&am=9822.64,1,scam_tampered_qr,4,1,0,0,synthetic-v1
upi://pay?pa=upi35951019@rbl&pn=Ayesha%20Mishra&am=46352.92&tn=hospital,1,scam_quiet,11,11,0,0,synthetic-v1
upi://pay?pa=manoj16@sbi&pn=Fatima%20Rao&am=21454&tn=wedding,0,legit_family_large,0,0,1,0,synthetic-v1
upi://pay?pa=9721140571@okaxis&pn=Arun%20Sharma&am=824&tn=petrol,0,legit_p2p,0,0,0,0,synthetic-v1
upi://pay?pa=deepa67@fbl&pn=Sneha%20Naik&am=3000&tn=maid%20salary,0,legit_p2p,1,0,1,0,synthetic-v1
upi://collect?pa=pay89264771@icici&pn=BSF%20Officer%20Vijay&am=23000&tn=verification%20amount,1,scam_olx_army,0,0,0,0,synthetic-v1
upi://pay?pa=gurpreetdas81@axisbank&am=305&tn=electricity%20share,0,legit_p2p,0,0,0,0,synthetic-v1
upi://pay?pa=shreya818642@fbl&pn=Lucky%20Draw%20Office&am=21807&tn=prize%20claim%20fee,1,scam_prize,0,0,0,0,synthetic-v1
upi://pay?pa=paytmqr7272580796@paytm&pn=Anand%20Sweets&am=9418&mc=5732&tr=ORD983669227,0,legit_merchant_dynamic,0,0,0,0,synthetic-v1
